time, s	APT pos, mm	APL pos, mm	APR pos, mm	APB pos, mm	TH1992B_1.VOLT1	TH1992B_1.CURR1	TH1992B_1.RES1	TH1992B_1.VOLT2	TH1992B_1.CURR2	TH1992B_1.RES2	TH2690A_1.VOLT	TH2690A_1.CURR
30.362	-5.750	6.250	-5.750	6.250	-2.400e+01	6.074e-10	-3.951e+10	-2.400e+01	-7.286e-10	3.294e+10	2.190e+01	-1.968e-09
31.387	-5.750	6.000	-5.500	6.250	-2.400e+01	5.371e-10	-4.468e+10	-2.400e+01	-7.479e-10	3.209e+10	2.190e+01	-1.968e-09
33.228	-5.750	5.750	-5.250	6.250	-2.400e+01	5.799e-10	-4.138e+10	-2.400e+01	-7.651e-10	3.137e+10	2.190e+01	-1.968e-09
34.115	-5.750	5.500	-5.000	6.250	-2.400e+01	5.606e-10	-4.281e+10	-2.400e+01	-7.739e-10	3.101e+10	2.190e+01	-1.968e-09
35.006	-5.750	5.250	-4.750	6.250	-2.400e+01	6.151e-10	-3.902e+10	-2.400e+01	-7.973e-10	3.010e+10	2.190e+01	-1.968e-09
35.976	-5.750	5.000	-4.500	6.250	-2.400e+01	5.992e-10	-4.005e+10	-2.400e+01	-7.221e-10	3.324e+10	2.190e+01	-1.967e-09
36.876	-5.750	4.750	-4.250	6.250	-2.400e+01	5.004e-10	-4.796e+10	-2.400e+01	-7.369e-10	3.257e+10	2.190e+01	-1.967e-09
37.775	-5.750	4.500	-4.000	6.250	-2.400e+01	5.536e-10	-4.335e+10	-2.400e+01	-6.908e-10	3.474e+10	2.190e+01	-1.967e-09
38.676	-5.750	4.250	-3.750	6.250	-2.400e+01	5.131e-10	-4.678e+10	-2.400e+01	-7.396e-10	3.245e+10	2.190e+01	-1.967e-09
39.575	-5.750	4.000	-3.500	6.250	-2.400e+01	5.675e-10	-4.229e+10	-2.400e+01	-7.559e-10	3.175e+10	2.190e+01	-1.967e-09
40.516	-5.750	3.750	-3.250	6.250	-2.400e+01	5.540e-10	-4.332e+10	-2.400e+01	-7.679e-10	3.126e+10	2.190e+01	-1.967e-09
41.427	-5.750	3.500	-3.000	6.250	-2.400e+01	5.717e-10	-4.198e+10	-2.400e+01	-7.314e-10	3.281e+10	2.190e+01	-1.967e-09
43.025	-5.750	3.250	-2.750	6.250	-2.400e+01	5.625e-10	-4.267e+10	-2.400e+01	-7.526e-10	3.189e+10	2.190e+01	-1.967e-09
44.526	-5.750	3.000	-2.500	6.250	-2.400e+01	5.869e-10	-4.089e+10	-2.400e+01	-7.725e-10	3.107e+10	2.190e+01	-1.967e-09
45.649	-5.750	2.750	-2.250	6.250	-2.400e+01	5.781e-10	-4.152e+10	-2.400e+01	-7.771e-10	3.088e+10	2.190e+01	-1.967e-09
46.558	-5.750	2.500	-2.000	6.250	-2.400e+01	5.717e-10	-4.198e+10	-2.400e+01	-7.411e-10	3.238e+10	2.190e+01	-1.967e-09
47.476	-5.750	2.250	-1.750	6.250	-2.400e+01	5.513e-10	-4.353e+10	-2.400e+01	-7.894e-10	3.040e+10	2.190e+01	-1.967e-09
48.397	-5.750	2.000	-1.500	6.250	-2.400e+01	5.289e-10	-4.537e+10	-2.400e+01	-7.356e-10	3.263e+10	2.190e+01	-1.967e-09
49.315	-5.750	1.750	-1.250	6.250	-2.400e+01	5.124e-10	-4.684e+10	-2.400e+01	-7.729e-10	3.105e+10	2.190e+01	-1.967e-09
50.257	-5.750	1.500	-1.000	6.250	-2.400e+01	6.179e-10	-3.884e+10	-2.400e+01	-7.723e-10	3.108e+10	2.190e+01	-1.967e-09
51.179	-5.750	1.250	-0.750	6.250	-2.400e+01	5.567e-10	-4.312e+10	-2.400e+01	-7.764e-10	3.091e+10	2.190e+01	-1.967e-09
52.730	-5.750	1.000	-0.500	6.250	-2.400e+01	5.741e-10	-4.180e+10	-2.400e+01	-6.730e-10	3.566e+10	2.190e+01	-1.967e-09
53.709	-5.750	0.750	-0.250	6.250	-2.400e+01	5.929e-10	-4.048e+10	-2.400e+01	-7.184e-10	3.341e+10	2.190e+01	-1.967e-09
54.636	-5.750	0.500	0.000	6.250	-2.400e+01	5.304e-10	-4.525e+10	-2.400e+01	-7.651e-10	3.137e+10	2.190e+01	-1.967e-09
55.566	-5.750	0.250	0.250	6.250	-2.400e+01	5.649e-10	-4.249e+10	-2.400e+01	-7.250e-10	3.310e+10	2.190e+01	-1.967e-09
56.636	-5.750	0.000	0.500	6.250	-2.400e+01	5.787e-10	-4.148e+10	-2.400e+01	-7.628e-10	3.146e+10	2.190e+01	-1.967e-09
57.556	-5.750	-0.250	0.750	6.250	-2.400e+01	5.419e-10	-4.429e+10	-2.400e+01	-7.233e-10	3.318e+10	2.190e+01	-1.967e-09
58.476	-5.750	-0.500	1.000	6.250	-2.400e+01	5.580e-10	-4.301e+10	-2.400e+01	-7.036e-10	3.411e+10	2.190e+01	-1.967e-09
59.397	-5.750	-0.750	1.250	6.250	-2.400e+01	5.408e-10	-4.438e+10	-2.400e+01	-7.256e-10	3.308e+10	2.190e+01	-1.967e-09
60.336	-5.750	-1.000	1.500	6.250	-2.400e+01	5.608e-10	-4.279e+10	-2.400e+01	-7.039e-10	3.410e+10	2.190e+01	-1.967e-09
61.356	-5.750	-1.250	1.750	6.250	-2.400e+01	5.456e-10	-4.399e+10	-2.400e+01	-7.517e-10	3.193e+10	2.190e+01	-1.967e-09
62.264	-5.750	-1.500	2.000	6.250	-2.400e+01	5.732e-10	-4.187e+10	-2.400e+01	-7.336e-10	3.271e+10	2.190e+01	-1.967e-09
63.362	-5.750	-1.750	2.250	6.250	-2.400e+01	5.789e-10	-4.146e+10	-2.400e+01	-7.328e-10	3.275e+10	2.190e+01	-1.967e-09
64.329	-5.750	-2.000	2.500	6.250	-2.400e+01	5.691e-10	-4.218e+10	-2.400e+01	-7.555e-10	3.177e+10	2.190e+01	-1.967e-09
65.448	-5.750	-2.250	2.750	6.250	-2.400e+01	6.105e-10	-3.931e+10	-2.400e+01	-7.272e-10	3.300e+10	2.190e+01	-1.967e-09
66.377	-5.750	-2.500	3.000	6.250	-2.400e+01	5.536e-10	-4.335e+10	-2.400e+01	-8.009e-10	2.997e+10	2.190e+01	-1.967e-09
67.277	-5.750	-2.750	3.250	6.250	-2.400e+01	5.946e-10	-4.036e+10	-2.400e+01	-7.320e-10	3.279e+10	2.190e+01	-1.967e-09
68.200	-5.750	-3.000	3.500	6.250	-2.400e+01	5.435e-10	-4.416e+10	-2.400e+01	-7.150e-10	3.357e+10	2.190e+01	-1.967e-09
69.309	-5.750	-3.250	3.750	6.250	-2.400e+01	5.706e-10	-4.206e+10	-2.400e+01	-7.583e-10	3.165e+10	2.190e+01	-1.967e-09
70.226	-5.750	-3.500	4.000	6.250	-2.400e+01	5.808e-10	-4.132e+10	-2.400e+01	-7.387e-10	3.249e+10	2.190e+01	-1.967e-09
71.501	-5.750	-3.750	4.250	6.250	-2.400e+01	5.859e-10	-4.097e+10	-2.400e+01	-7.327e-10	3.276e+10	2.190e+01	-1.967e-09
72.418	-5.750	-4.000	4.500	6.250	-2.400e+01	5.170e-10	-4.642e+10	-2.400e+01	-7.198e-10	3.334e+10	2.190e+01	-1.967e-09
73.506	-5.750	-4.250	4.750	6.250	-2.400e+01	5.885e-10	-4.078e+10	-2.400e+01	-7.329e-10	3.275e+10	2.190e+01	-1.967e-09
74.427	-5.750	-4.500	5.000	6.250	-2.400e+01	6.124e-10	-3.919e+10	-2.400e+01	-7.096e-10	3.382e+10	2.190e+01	-1.967e-09
75.366	-5.750	-4.750	5.250	6.250	-2.400e+01	5.811e-10	-4.130e+10	-2.400e+01	-7.879e-10	3.046e+10	2.190e+01	-1.967e-09
76.466	-5.750	-5.000	5.500	6.250	-2.400e+01	5.793e-10	-4.143e+10	-2.400e+01	-7.537e-10	3.184e+10	2.190e+01	-1.967e-09
77.388	-5.750	-5.250	5.750	6.250	-2.400e+01	6.013e-10	-3.992e+10	-2.400e+01	-7.472e-10	3.212e+10	2.190e+01	-1.967e-09
78.319	-5.750	-5.500	6.000	6.250	-2.400e+01	5.885e-10	-4.078e+10	-2.400e+01	-7.493e-10	3.203e+10	2.190e+01	-1.967e-09
79.249	-5.750	-5.750	6.250	6.250	-2.400e+01	5.860e-10	-4.095e+10	-2.400e+01	-7.400e-10	3.243e+10	2.190e+01	-1.967e-09
1.968	-5.500	-5.750	6.250	6.000	-2.400e+01	5.442e-10	-4.410e+10	-2.400e+01	-7.518e-10	3.192e+10	2.190e+01	-1.967e-09
3.173	-5.500	-5.500	6.000	6.000	-2.400e+01	5.471e-10	-4.386e+10	-2.400e+01	-7.590e-10	3.162e+10	2.190e+01	-1.967e-09
4.069	-5.500	-5.250	5.750	6.000	-2.400e+01	5.637e-10	-4.258e+10	-2.400e+01	-7.462e-10	3.216e+10	2.190e+01	-1.967e-09
4.958	-5.500	-5.000	5.500	6.000	-2.400e+01	5.563e-10	-4.315e+10	-2.400e+01	-7.491e-10	3.204e+10	2.190e+01	-1.967e-09
5.973	-5.500	-4.750	5.250	6.000	-2.400e+01	4.937e-10	-4.861e+10	-2.400e+01	-7.849e-10	3.058e+10	2.190e+01	-1.967e-09
7.278	-5.500	-4.500	5.000	6.000	-2.400e+01	5.699e-10	-4.211e+10	-2.400e+01	-7.024e-10	3.417e+10	2.190e+01	-1.967e-09
8.169	-5.500	-4.250	4.750	6.000	-2.400e+01	5.105e-10	-4.702e+10	-2.400e+01	-7.082e-10	3.389e+10	2.190e+01	-1.967e-09
9.059	-5.500	-4.000	4.500	6.000	-2.400e+01	6.080e-10	-3.948e+10	-2.400e+01	-7.428e-10	3.231e+10	2.190e+01	-1.967e-09
9.968	-5.500	-3.750	4.250	6.000	-2.400e+01	5.614e-10	-4.275e+10	-2.400e+01	-7.322e-10	3.278e+10	2.190e+01	-1.967e-09
11.082	-5.500	-3.500	4.000	6.000	-2.400e+01	5.899e-10	-4.068e+10	-2.400e+01	-7.353e-10	3.264e+10	2.190e+01	-1.967e-09
11.959	-5.500	-3.250	3.750	6.000	-2.400e+01	5.808e-10	-4.133e+10	-2.400e+01	-7.287e-10	3.294e+10	2.190e+01	-1.967e-09
12.952	-5.500	-3.000	3.500	6.000	-2.400e+01	5.579e-10	-4.302e+10	-2.400e+01	-7.348e-10	3.266e+10	2.190e+01	-1.967e-09
13.858	-5.500	-2.750	3.250	6.000	-2.400e+01	5.186e-10	-4.628e+10	-2.400e+01	-7.689e-10	3.121e+10	2.190e+01	-1.967e-09
15.253	-5.500	-2.500	3.000	6.000	-2.400e+01	5.883e-10	-4.079e+10	-2.400e+01	-7.076e-10	3.392e+10	2.190e+01	-1.967e-09
16.180	-5.500	-2.250	2.750	6.000	-2.400e+01	5.366e-10	-4.472e+10	-2.400e+01	-7.615e-10	3.152e+10	2.190e+01	-1.967e-09
17.138	-5.500	-2.000	2.500	6.000	-2.400e+01	5.649e-10	-4.249e+10	-2.400e+01	-7.343e-10	3.269e+10	2.190e+01	-1.967e-09
18.170	-5.500	-1.750	2.250	6.000	-2.400e+01	5.345e-10	-4.490e+10	-2.400e+01	-7.566e-10	3.172e+10	2.190e+01	-1.967e-09
19.082	-5.500	-1.500	2.000	6.000	-2.400e+01	5.390e-10	-4.452e+10	-2.400e+01	-7.703e-10	3.115e+10	2.190e+01	-1.967e-09
20.310	-5.500	-1.250	1.750	6.000	-2.400e+01	5.569e-10	-4.310e+10	-2.400e+01	-7.803e-10	3.076e+10	2.190e+01	-1.967e-09
21.300	-5.500	-1.000	1.500	6.000	-2.400e+01	5.941e-10	-4.039e+10	-2.400e+01	-7.328e-10	3.275e+10	2.190e+01	-1.967e-09
22.239	-5.500	-0.750	1.250	6.000	-2.400e+01	5.819e-10	-4.125e+10	-2.400e+01	-7.896e-10	3.040e+10	2.190e+01	-1.967e-09
23.459	-5.500	-0.500	1.000	6.000	-2.400e+01	5.603e-10	-4.283e+10	-2.400e+01	-7.269e-10	3.302e+10	2.190e+01	-1.967e-09
24.379	-5.500	-0.250	0.750	6.000	-2.400e+01	5.747e-10	-4.176e+10	-2.400e+01	-7.691e-10	3.121e+10	2.190e+01	-1.967e-09
25.300	-5.500	0.000	0.500	6.000	-2.400e+01	5.667e-10	-4.235e+10	-2.400e+01	-7.813e-10	3.072e+10	2.190e+01	-1.967e-09
26.472	-5.500	0.250	0.250	6.000	-2.400e+01	5.706e-10	-4.206e+10	-2.400e+01	-7.828e-10	3.066e+10	2.190e+01	-1.967e-09
27.582	-5.500	0.500	-0.000	6.000	-2.400e+01	5.744e-10	-4.178e+10	-2.400e+01	-7.319e-10	3.279e+10	2.190e+01	-1.967e-09
28.509	-5.500	0.750	-0.250	6.000	-2.400e+01	5.624e-10	-4.267e+10	-2.400e+01	-7.689e-10	3.121e+10	2.190e+01	-1.967e-09
29.439	-5.500	1.000	-0.500	6.000	-2.400e+01	5.384e-10	-4.458e+10	-2.400e+01	-7.749e-10	3.097e+10	2.190e+01	-1.967e-09
30.982	-5.500	1.250	-0.750	6.000	-2.400e+01	5.554e-10	-4.321e+10	-2.400e+01	-7.709e-10	3.113e+10	2.190e+01	-1.967e-09
32.219	-5.500	1.500	-1.000	6.000	-2.400e+01	5.815e-10	-4.127e+10	-2.400e+01	-7.575e-10	3.168e+10	2.190e+01	-1.967e-09
33.139	-5.500	1.750	-1.250	6.000	-2.400e+01	5.585e-10	-4.297e+10	-2.400e+01	-7.772e-10	3.088e+10	2.190e+01	-1.967e-09
34.043	-5.500	2.000	-1.500	6.000	-2.400e+01	5.397e-10	-4.447e+10	-2.400e+01	-7.710e-10	3.113e+10	2.190e+01	-1.967e-09
34.969	-5.500	2.250	-1.750	6.000	-2.400e+01	5.847e-10	-4.105e+10	-2.400e+01	-8.176e-10	2.935e+10	2.190e+01	-1.967e-09
36.262	-5.500	2.500	-2.000	6.000	-2.400e+01	5.425e-10	-4.424e+10	-2.400e+01	-7.691e-10	3.121e+10	2.190e+01	-1.967e-09
37.193	-5.500	2.750	-2.250	6.000	-2.400e+01	5.722e-10	-4.194e+10	-2.400e+01	-7.525e-10	3.189e+10	2.190e+01	-1.967e-09
38.119	-5.500	3.000	-2.500	6.000	-2.400e+01	5.644e-10	-4.252e+10	-2.400e+01	-7.963e-10	3.014e+10	2.190e+01	-1.967e-09
39.639	-5.500	3.250	-2.750	6.000	-2.400e+01	5.850e-10	-4.103e+10	-2.400e+01	-7.820e-10	3.069e+10	2.190e+01	-1.967e-09
41.532	-5.500	3.500	-3.000	6.000	-2.400e+01	5.872e-10	-4.087e+10	-2.400e+01	-8.118e-10	2.956e+10	2.190e+01	-1.967e-09
42.516	-5.500	3.750	-3.250	6.000	-2.400e+01	5.365e-10	-4.473e+10	-2.400e+01	-7.188e-10	3.339e+10	2.190e+01	-1.967e-09
43.443	-5.500	4.000	-3.500	6.000	-2.400e+01	5.418e-10	-4.429e+10	-2.400e+01	-7.496e-10	3.202e+10	2.190e+01	-1.967e-09
44.361	-5.500	4.250	-3.750	6.000	-2.400e+01	5.713e-10	-4.201e+10	-2.400e+01	-7.267e-10	3.302e+10	2.190e+01	-1.967e-09
45.679	-5.500	4.500	-4.000	6.000	-2.400e+01	5.927e-10	-4.049e+10	-2.400e+01	-7.395e-10	3.245e+10	2.190e+01	-1.967e-09
46.599	-5.500	4.750	-4.250	6.000	-2.400e+01	5.436e-10	-4.415e+10	-2.400e+01	-7.584e-10	3.165e+10	2.190e+01	-1.967e-09
47.519	-5.500	5.000	-4.500	6.000	-2.400e+01	5.667e-10	-4.235e+10	-2.400e+01	-7.622e-10	3.149e+10	2.190e+01	-1.967e-09
48.449	-5.500	5.250	-4.750	6.000	-2.400e+01	5.757e-10	-4.168e+10	-2.400e+01	-7.561e-10	3.174e+10	2.190e+01	-1.967e-09
49.580	-5.500	5.500	-5.000	6.000	-2.400e+01	5.316e-10	-4.515e+10	-2.400e+01	-7.970e-10	3.011e+10	2.190e+01	-1.967e-09
50.503	-5.500	5.750	-5.250	6.000	-2.400e+01	5.955e-10	-4.030e+10	-2.400e+01	-7.181e-10	3.342e+10	2.190e+01	-1.967e-09
52.113	-5.500	6.000	-5.500	6.000	-2.400e+01	5.812e-10	-4.129e+10	-2.400e+01	-7.802e-10	3.076e+10	2.190e+01	-1.967e-09
53.040	-5.500	6.250	-5.750	6.000	-2.400e+01	5.484e-10	-4.376e+10	-2.400e+01	-7.519e-10	3.192e+10	2.190e+01	-1.967e-09
0.798	-5.250	6.250	-5.750	5.750	-2.400e+01	5.818e-10	-4.125e+10	-2.400e+01	-7.587e-10	3.163e+10	2.190e+01	-1.967e-09
1.794	-5.250	6.000	-5.500	5.750	-2.400e+01	5.110e-10	-4.697e+10	-2.400e+01	-7.990e-10	3.004e+10	2.190e+01	-1.967e-09
3.584	-5.250	5.750	-5.250	5.750	-2.400e+01	5.657e-10	-4.242e+10	-2.400e+01	-7.764e-10	3.091e+10	2.190e+01	-1.967e-09
4.468	-5.250	5.500	-5.000	5.750	-2.400e+01	5.603e-10	-4.283e+10	-2.400e+01	-7.485e-10	3.206e+10	2.190e+01	-1.967e-09
5.384	-5.250	5.250	-4.750	5.750	-2.400e+01	5.828e-10	-4.118e+10	-2.400e+01	-7.760e-10	3.093e+10	2.190e+01	-1.967e-09
6.285	-5.250	5.000	-4.500	5.750	-2.400e+01	5.738e-10	-4.182e+10	-2.400e+01	-7.351e-10	3.265e+10	2.190e+01	-1.967e-09
7.175	-5.250	4.750	-4.250	5.750	-2.400e+01	5.800e-10	-4.138e+10	-2.400e+01	-7.509e-10	3.196e+10	2.190e+01	-1.967e-09
8.054	-5.250	4.500	-4.000	5.750	-2.400e+01	5.505e-10	-4.360e+10	-2.400e+01	-7.486e-10	3.206e+10	2.190e+01	-1.967e-09
8.939	-5.250	4.250	-3.750	5.750	-2.400e+01	5.515e-10	-4.352e+10	-2.400e+01	-7.422e-10	3.234e+10	2.190e+01	-1.967e-09
9.834	-5.250	4.000	-3.500	5.750	-2.400e+01	5.099e-10	-4.707e+10	-2.400e+01	-7.283e-10	3.295e+10	2.190e+01	-1.967e-09
10.785	-5.250	3.750	-3.250	5.750	-2.400e+01	5.922e-10	-4.053e+10	-2.400e+01	-7.611e-10	3.154e+10	2.190e+01	-1.967e-09
11.684	-5.250	3.500	-3.000	5.750	-2.400e+01	5.588e-10	-4.295e+10	-2.400e+01	-7.742e-10	3.100e+10	2.190e+01	-1.967e-09
13.107	-5.250	3.250	-2.750	5.750	-2.400e+01	5.512e-10	-4.354e+10	-2.400e+01	-7.975e-10	3.009e+10	2.190e+01	-1.967e-09
14.615	-5.250	3.000	-2.500	5.750	-2.400e+01	5.328e-10	-4.505e+10	-2.400e+01	-7.164e-10	3.350e+10	2.190e+01	-1.967e-09
15.658	-5.250	2.750	-2.250	5.750	-2.400e+01	5.339e-10	-4.496e+10	-2.400e+01	-7.959e-10	3.015e+10	2.190e+01	-1.967e-09
16.575	-5.250	2.500	-2.000	5.750	-2.400e+01	5.754e-10	-4.171e+10	-2.400e+01	-7.576e-10	3.168e+10	2.190e+01	-1.967e-09
17.494	-5.250	2.250	-1.750	5.750	-2.400e+01	5.361e-10	-4.476e+10	-2.400e+01	-7.719e-10	3.109e+10	2.190e+01	-1.967e-09
18.416	-5.250	2.000	-1.500	5.750	-2.400e+01	5.221e-10	-4.597e+10	-2.400e+01	-7.499e-10	3.200e+10	2.190e+01	-1.967e-09
19.479	-5.250	1.750	-1.250	5.750	-2.400e+01	5.988e-10	-4.008e+10	-2.400e+01	-8.109e-10	2.960e+10	2.190e+01	-1.967e-09
20.399	-5.250	1.500	-1.000	5.750	-2.400e+01	5.343e-10	-4.492e+10	-2.400e+01	-8.156e-10	2.943e+10	2.190e+01	-1.967e-09
21.306	-5.250	1.250	-0.750	5.750	-2.400e+01	5.078e-10	-4.726e+10	-2.400e+01	-7.994e-10	3.002e+10	2.190e+01	-1.967e-09
22.798	-5.250	1.000	-0.500	5.750	-2.400e+01	5.478e-10	-4.382e+10	-2.400e+01	-7.946e-10	3.020e+10	2.190e+01	-1.967e-09
23.874	-5.250	0.750	-0.250	5.750	-2.400e+01	4.951e-10	-4.848e+10	-2.400e+01	-7.685e-10	3.123e+10	2.190e+01	-1.967e-09
24.795	-5.250	0.500	0.000	5.750	-2.400e+01	5.239e-10	-4.581e+10	-2.400e+01	-7.848e-10	3.058e+10	2.190e+01	-1.967e-09
25.745	-5.250	0.250	0.250	5.750	-2.400e+01	5.493e-10	-4.369e+10	-2.400e+01	-7.156e-10	3.354e+10	2.190e+01	-1.967e-09
26.865	-5.250	0.000	0.500	5.750	-2.400e+01	5.686e-10	-4.221e+10	-2.400e+01	-7.498e-10	3.201e+10	2.190e+01	-1.967e-09
27.778	-5.250	-0.250	0.750	5.750	-2.400e+01	5.676e-10	-4.228e+10	-2.400e+01	-7.989e-10	3.004e+10	2.190e+01	-1.967e-09
28.705	-5.250	-0.500	1.000	5.750	-2.400e+01	5.818e-10	-4.125e+10	-2.400e+01	-7.816e-10	3.071e+10	2.190e+01	-1.967e-09
29.625	-5.250	-0.750	1.250	5.750	-2.400e+01	5.779e-10	-4.153e+10	-2.400e+01	-7.515e-10	3.194e+10	2.190e+01	-1.967e-09
30.545	-5.250	-1.000	1.500	5.750	-2.400e+01	5.442e-10	-4.410e+10	-2.400e+01	-7.944e-10	3.021e+10	2.190e+01	-1.967e-09
31.505	-5.250	-1.250	1.750	5.750	-2.400e+01	5.217e-10	-4.600e+10	-2.400e+01	-7.788e-10	3.082e+10	2.190e+01	-1.967e-09
32.436	-5.250	-1.500	2.000	5.750	-2.400e+01	5.735e-10	-4.185e+10	-2.400e+01	-7.896e-10	3.039e+10	2.190e+01	-1.967e-09
33.535	-5.250	-1.750	2.250	5.750	-2.400e+01	5.449e-10	-4.404e+10	-2.400e+01	-7.869e-10	3.050e+10	2.190e+01	-1.967e-09
34.459	-5.250	-2.000	2.500	5.750	-2.400e+01	5.482e-10	-4.378e+10	-2.400e+01	-7.496e-10	3.202e+10	2.190e+01	-1.967e-09
35.535	-5.250	-2.250	2.750	5.750	-2.400e+01	5.899e-10	-4.069e+10	-2.400e+01	-7.616e-10	3.151e+10	2.190e+01	-1.967e-09
36.466	-5.250	-2.500	3.000	5.750	-2.400e+01	5.492e-10	-4.370e+10	-2.400e+01	-8.002e-10	2.999e+10	2.190e+01	-1.967e-09
37.386	-5.250	-2.750	3.250	5.750	-2.400e+01	5.763e-10	-4.165e+10	-2.400e+01	-8.186e-10	2.932e+10	2.190e+01	-1.967e-09
38.334	-5.250	-3.000	3.500	5.750	-2.400e+01	5.304e-10	-4.525e+10	-2.400e+01	-7.784e-10	3.083e+10	2.190e+01	-1.967e-09
39.419	-5.250	-3.250	3.750	5.750	-2.400e+01	6.046e-10	-3.970e+10	-2.400e+01	-7.757e-10	3.094e+10	2.190e+01	-1.967e-09
40.345	-5.250	-3.500	4.000	5.750	-2.400e+01	5.298e-10	-4.530e+10	-2.400e+01	-7.642e-10	3.140e+10	2.190e+01	-1.967e-09
41.685	-5.250	-3.750	4.250	5.750	-2.400e+01	5.504e-10	-4.360e+10	-2.400e+01	-7.568e-10	3.171e+10	2.190e+01	-1.967e-09
42.599	-5.250	-4.000	4.500	5.750	-2.400e+01	5.555e-10	-4.320e+10	-2.400e+01	-7.456e-10	3.219e+10	2.190e+01	-1.967e-09
43.745	-5.250	-4.250	4.750	5.750	-2.400e+01	5.424e-10	-4.425e+10	-2.400e+01	-7.444e-10	3.224e+10	2.190e+01	-1.967e-09
44.679	-5.250	-4.500	5.000	5.750	-2.400e+01	5.718e-10	-4.197e+10	-2.400e+01	-7.190e-10	3.338e+10	2.190e+01	-1.967e-09
45.605	-5.250	-4.750	5.250	5.750	-2.400e+01	5.174e-10	-4.639e+10	-2.400e+01	-7.875e-10	3.048e+10	2.190e+01	-1.967e-09
46.735	-5.250	-5.000	5.500	5.750	-2.400e+01	5.806e-10	-4.133e+10	-2.400e+01	-7.770e-10	3.089e+10	2.190e+01	-1.967e-09
47.665	-5.250	-5.250	5.750	5.750	-2.400e+01	5.476e-10	-4.383e+10	-2.400e+01	-7.949e-10	3.019e+10	2.190e+01	-1.967e-09
48.641	-5.250	-5.500	6.000	5.750	-2.400e+01	5.402e-10	-4.443e+10	-2.400e+01	-7.249e-10	3.311e+10	2.190e+01	-1.967e-09
49.586	-5.250	-5.750	6.250	5.750	-2.400e+01	5.621e-10	-4.270e+10	-2.400e+01	-8.010e-10	2.996e+10	2.190e+01	-1.967e-09
0.939	-5.000	-5.750	6.250	5.500	-2.400e+01	5.644e-10	-4.252e+10	-2.400e+01	-7.329e-10	3.275e+10	2.190e+01	-1.967e-09
2.176	-5.000	-5.500	6.000	5.500	-2.400e+01	5.720e-10	-4.196e+10	-2.400e+01	-7.764e-10	3.091e+10	2.190e+01	-1.967e-09
3.050	-5.000	-5.250	5.750	5.500	-2.400e+01	5.782e-10	-4.151e+10	-2.400e+01	-8.213e-10	2.922e+10	2.190e+01	-1.967e-09
3.937	-5.000	-5.000	5.500	5.500	-2.400e+01	5.663e-10	-4.238e+10	-2.400e+01	-7.936e-10	3.024e+10	2.190e+01	-1.967e-09
5.030	-5.000	-4.750	5.250	5.500	-2.400e+01	5.727e-10	-4.190e+10	-2.400e+01	-7.955e-10	3.017e+10	2.190e+01	-1.967e-09
6.326	-5.000	-4.500	5.000	5.500	-2.400e+01	5.290e-10	-4.536e+10	-2.400e+01	-7.666e-10	3.131e+10	2.190e+01	-1.967e-09
7.209	-5.000	-4.250	4.750	5.500	-2.400e+01	5.533e-10	-4.337e+10	-2.400e+01	-7.646e-10	3.139e+10	2.190e+01	-1.967e-09
8.099	-5.000	-4.000	4.500	5.500	-2.400e+01	5.508e-10	-4.358e+10	-2.400e+01	-7.219e-10	3.324e+10	2.190e+01	-1.967e-09
8.998	-5.000	-3.750	4.250	5.500	-2.400e+01	5.631e-10	-4.262e+10	-2.400e+01	-7.729e-10	3.105e+10	2.190e+01	-1.967e-09
10.176	-5.000	-3.500	4.000	5.500	-2.400e+01	5.877e-10	-4.083e+10	-2.400e+01	-7.617e-10	3.151e+10	2.190e+01	-1.967e-09
11.057	-5.000	-3.250	3.750	5.500	-2.400e+01	5.517e-10	-4.350e+10	-2.400e+01	-8.027e-10	2.990e+10	2.190e+01	-1.967e-09
12.007	-5.000	-3.000	3.500	5.500	-2.400e+01	5.923e-10	-4.052e+10	-2.400e+01	-7.519e-10	3.192e+10	2.190e+01	-1.967e-09
12.916	-5.000	-2.750	3.250	5.500	-2.400e+01	5.379e-10	-4.461e+10	-2.400e+01	-8.007e-10	2.997e+10	2.190e+01	-1.967e-09
14.257	-5.000	-2.500	3.000	5.500	-2.400e+01	5.635e-10	-4.259e+10	-2.400e+01	-7.692e-10	3.120e+10	2.190e+01	-1.967e-09
15.176	-5.000	-2.250	2.750	5.500	-2.400e+01	5.715e-10	-4.199e+10	-2.400e+01	-7.711e-10	3.113e+10	2.190e+01	-1.967e-09
16.097	-5.000	-2.000	2.500	5.500	-2.400e+01	5.684e-10	-4.222e+10	-2.400e+01	-7.630e-10	3.146e+10	2.190e+01	-1.967e-09
17.086	-5.000	-1.750	2.250	5.500	-2.400e+01	5.884e-10	-4.079e+10	-2.400e+01	-7.764e-10	3.091e+10	2.190e+01	-1.967e-09
18.008	-5.000	-1.500	2.000	5.500	-2.400e+01	5.137e-10	-4.672e+10	-2.400e+01	-7.382e-10	3.251e+10	2.190e+01	-1.967e-09
19.230	-5.000	-1.250	1.750	5.500	-2.400e+01	5.696e-10	-4.213e+10	-2.400e+01	-7.166e-10	3.349e+10	2.190e+01	-1.967e-09
20.212	-5.000	-1.000	1.500	5.500	-2.400e+01	5.234e-10	-4.586e+10	-2.400e+01	-7.495e-10	3.202e+10	2.190e+01	-1.967e-09
21.137	-5.000	-0.750	1.250	5.500	-2.400e+01	5.173e-10	-4.639e+10	-2.400e+01	-6.976e-10	3.440e+10	2.190e+01	-1.967e-09
22.376	-5.000	-0.500	1.000	5.500	-2.400e+01	5.403e-10	-4.442e+10	-2.400e+01	-7.726e-10	3.107e+10	2.190e+01	-1.967e-09
23.297	-5.000	-0.250	0.750	5.500	-2.400e+01	5.636e-10	-4.259e+10	-2.400e+01	-7.936e-10	3.024e+10	2.190e+01	-1.967e-09
24.218	-5.000	0.000	0.500	5.500	-2.400e+01	5.845e-10	-4.106e+10	-2.400e+01	-7.395e-10	3.245e+10	2.190e+01	-1.967e-09
25.141	-5.000	0.250	0.250	5.500	-2.400e+01	5.375e-10	-4.465e+10	-2.400e+01	-7.794e-10	3.079e+10	2.190e+01	-1.967e-09
26.261	-5.000	0.500	-0.000	5.500	-2.400e+01	5.248e-10	-4.573e+10	-2.400e+01	-7.225e-10	3.322e+10	2.190e+01	-1.967e-09
27.186	-5.000	0.750	-0.250	5.500	-2.400e+01	5.716e-10	-4.199e+10	-2.400e+01	-7.484e-10	3.207e+10	2.190e+01	-1.967e-09
28.160	-5.000	1.000	-0.500	5.500	-2.400e+01	4.923e-10	-4.875e+10	-2.400e+01	-8.208e-10	2.924e+10	2.190e+01	-1.967e-09
29.667	-5.000	1.250	-0.750	5.500	-2.400e+01	5.805e-10	-4.135e+10	-2.400e+01	-7.337e-10	3.271e+10	2.190e+01	-1.967e-09
30.836	-5.000	1.500	-1.000	5.500	-2.400e+01	5.527e-10	-4.342e+10	-2.400e+01	-8.129e-10	2.952e+10	2.190e+01	-1.967e-09
31.761	-5.000	1.750	-1.250	5.500	-2.400e+01	5.326e-10	-4.506e+10	-2.400e+01	-7.277e-10	3.298e+10	2.190e+01	-1.967e-09
32.674	-5.000	2.000	-1.500	5.500	-2.400e+01	5.388e-10	-4.455e+10	-2.400e+01	-7.630e-10	3.145e+10	2.190e+01	-1.967e-09
33.597	-5.000	2.250	-1.750	5.500	-2.400e+01	5.185e-10	-4.629e+10	-2.400e+01	-7.556e-10	3.176e+10	2.190e+01	-1.967e-09
34.887	-5.000	2.500	-2.000	5.500	-2.400e+01	5.020e-10	-4.781e+10	-2.400e+01	-7.855e-10	3.056e+10	2.190e+01	-1.967e-09
35.807	-5.000	2.750	-2.250	5.500	-2.400e+01	6.033e-10	-3.978e+10	-2.400e+01	-7.560e-10	3.175e+10	2.190e+01	-1.967e-09
36.727	-5.000	3.000	-2.500	5.500	-2.400e+01	5.400e-10	-4.444e+10	-2.400e+01	-8.090e-10	2.966e+10	2.190e+01	-1.967e-09
38.221	-5.000	3.250	-2.750	5.500	-2.400e+01	5.701e-10	-4.210e+10	-2.400e+01	-8.035e-10	2.987e+10	2.190e+01	-1.967e-09
40.117	-5.000	3.500	-3.000	5.500	-2.400e+01	5.618e-10	-4.272e+10	-2.400e+01	-7.545e-10	3.181e+10	2.190e+01	-1.967e-09
41.039	-5.000	3.750	-3.250	5.500	-2.400e+01	6.087e-10	-3.943e+10	-2.400e+01	-7.211e-10	3.328e+10	2.190e+01	-1.967e-09
41.977	-5.000	4.000	-3.500	5.500	-2.400e+01	5.696e-10	-4.213e+10	-2.400e+01	-7.607e-10	3.155e+10	2.190e+01	-1.967e-09
42.916	-5.000	4.250	-3.750	5.500	-2.400e+01	5.250e-10	-4.571e+10	-2.400e+01	-7.532e-10	3.186e+10	2.190e+01	-1.967e-09
44.207	-5.000	4.500	-4.000	5.500	-2.400e+01	5.505e-10	-4.359e+10	-2.400e+01	-7.980e-10	3.007e+10	2.190e+01	-1.967e-09
45.127	-5.000	4.750	-4.250	5.500	-2.400e+01	5.382e-10	-4.459e+10	-2.400e+01	-7.313e-10	3.282e+10	2.190e+01	-1.967e-09
46.059	-5.000	5.000	-4.500	5.500	-2.400e+01	5.665e-10	-4.237e+10	-2.400e+01	-7.959e-10	3.015e+10	2.190e+01	-1.967e-09
46.988	-5.000	5.250	-4.750	5.500	-2.400e+01	5.759e-10	-4.167e+10	-2.400e+01	-7.686e-10	3.122e+10	2.190e+01	-1.967e-09
48.107	-5.000	5.500	-5.000	5.500	-2.400e+01	5.420e-10	-4.428e+10	-2.400e+01	-7.968e-10	3.012e+10	2.190e+01	-1.967e-09
49.029	-5.000	5.750	-5.250	5.500	-2.400e+01	5.703e-10	-4.208e+10	-2.400e+01	-7.670e-10	3.129e+10	2.190e+01	-1.967e-09
50.617	-5.000	6.000	-5.500	5.500	-2.400e+01	5.863e-10	-4.094e+10	-2.400e+01	-7.452e-10	3.220e+10	2.190e+01	-1.967e-09
51.538	-5.000	6.250	-5.750	5.500	-2.400e+01	5.431e-10	-4.419e+10	-2.400e+01	-7.563e-10	3.173e+10	2.190e+01	-1.967e-09
1.159	-4.750	6.250	-5.750	5.250	-2.400e+01	5.107e-10	-4.699e+10	-2.400e+01	-7.600e-10	3.158e+10	2.190e+01	-1.967e-09
2.150	-4.750	6.000	-5.500	5.250	-2.400e+01	5.545e-10	-4.328e+10	-2.400e+01	-7.479e-10	3.209e+10	2.190e+01	-1.967e-09
3.893	-4.750	5.750	-5.250	5.250	-2.400e+01	5.513e-10	-4.353e+10	-2.400e+01	-7.593e-10	3.161e+10	2.190e+01	-1.967e-09
4.789	-4.750	5.500	-5.000	5.250	-2.400e+01	5.171e-10	-4.641e+10	-2.400e+01	-7.741e-10	3.100e+10	2.190e+01	-1.967e-09
5.735	-4.750	5.250	-4.750	5.250	-2.400e+01	5.498e-10	-4.365e+10	-2.400e+01	-7.703e-10	3.115e+10	2.190e+01	-1.967e-09
6.640	-4.750	5.000	-4.500	5.250	-2.400e+01	5.079e-10	-4.725e+10	-2.400e+01	-7.820e-10	3.069e+10	2.190e+01	-1.967e-09
7.559	-4.750	4.750	-4.250	5.250	-2.400e+01	5.536e-10	-4.335e+10	-2.400e+01	-7.530e-10	3.187e+10	2.190e+01	-1.967e-09
8.471	-4.750	4.500	-4.000	5.250	-2.400e+01	5.697e-10	-4.213e+10	-2.400e+01	-7.564e-10	3.173e+10	2.190e+01	-1.967e-09
9.363	-4.750	4.250	-3.750	5.250	-2.400e+01	5.417e-10	-4.430e+10	-2.400e+01	-7.574e-10	3.169e+10	2.190e+01	-1.966e-09
10.259	-4.750	4.000	-3.500	5.250	-2.400e+01	5.612e-10	-4.276e+10	-2.400e+01	-7.477e-10	3.210e+10	2.190e+01	-1.967e-09
11.163	-4.750	3.750	-3.250	5.250	-2.400e+01	5.498e-10	-4.365e+10	-2.400e+01	-7.432e-10	3.229e+10	2.190e+01	-1.967e-09
12.080	-4.750	3.500	-3.000	5.250	-2.400e+01	5.934e-10	-4.045e+10	-2.400e+01	-7.516e-10	3.193e+10	2.190e+01	-1.967e-09
13.433	-4.750	3.250	-2.750	5.250	-2.400e+01	5.645e-10	-4.252e+10	-2.400e+01	-7.595e-10	3.160e+10	2.190e+01	-1.966e-09
14.892	-4.750	3.000	-2.500	5.250	-2.400e+01	5.423e-10	-4.426e+10	-2.400e+01	-7.534e-10	3.186e+10	2.190e+01	-1.967e-09
16.010	-4.750	2.750	-2.250	5.250	-2.400e+01	5.552e-10	-4.323e+10	-2.400e+01	-7.385e-10	3.250e+10	2.190e+01	-1.967e-09
16.912	-4.750	2.500	-2.000	5.250	-2.400e+01	5.704e-10	-4.208e+10	-2.400e+01	-7.367e-10	3.258e+10	2.190e+01	-1.967e-09
17.830	-4.750	2.250	-1.750	5.250	-2.400e+01	5.577e-10	-4.303e+10	-2.400e+01	-7.402e-10	3.242e+10	2.190e+01	-1.967e-09
18.749	-4.750	2.000	-1.500	5.250	-2.400e+01	5.274e-10	-4.551e+10	-2.400e+01	-7.561e-10	3.174e+10	2.190e+01	-1.967e-09
19.650	-4.750	1.750	-1.250	5.250	-2.400e+01	5.617e-10	-4.273e+10	-2.400e+01	-7.767e-10	3.090e+10	2.190e+01	-1.967e-09
20.589	-4.750	1.500	-1.000	5.250	-2.400e+01	5.896e-10	-4.071e+10	-2.400e+01	-7.633e-10	3.144e+10	2.190e+01	-1.967e-09
21.530	-4.750	1.250	-0.750	5.250	-2.400e+01	5.677e-10	-4.227e+10	-2.400e+01	-8.140e-10	2.949e+10	2.190e+01	-1.967e-09
23.030	-4.750	1.000	-0.500	5.250	-2.400e+01	5.586e-10	-4.296e+10	-2.400e+01	-7.778e-10	3.086e+10	2.190e+01	-1.966e-09
24.033	-4.750	0.750	-0.250	5.250	-2.400e+01	6.295e-10	-3.813e+10	-2.400e+01	-7.716e-10	3.110e+10	2.190e+01	-1.967e-09
24.943	-4.750	0.500	-0.000	5.250	-2.400e+01	5.304e-10	-4.525e+10	-2.400e+01	-7.732e-10	3.104e+10	2.190e+01	-1.967e-09
25.890	-4.750	0.250	0.250	5.250	-2.400e+01	5.795e-10	-4.141e+10	-2.400e+01	-7.334e-10	3.273e+10	2.190e+01	-1.966e-09
26.813	-4.750	0.000	0.500	5.250	-2.400e+01	5.887e-10	-4.076e+10	-2.400e+01	-7.479e-10	3.209e+10	2.190e+01	-1.966e-09
27.730	-4.750	-0.250	0.750	5.250	-2.400e+01	5.513e-10	-4.353e+10	-2.400e+01	-7.520e-10	3.191e+10	2.190e+01	-1.966e-09
28.645	-4.750	-0.500	1.000	5.250	-2.400e+01	5.768e-10	-4.161e+10	-2.400e+01	-7.503e-10	3.199e+10	2.190e+01	-1.966e-09
29.579	-4.750	-0.750	1.250	5.250	-2.400e+01	5.415e-10	-4.432e+10	-2.400e+01	-7.719e-10	3.109e+10	2.190e+01	-1.967e-09
30.524	-4.750	-1.000	1.500	5.250	-2.400e+01	5.602e-10	-4.284e+10	-2.400e+01	-7.203e-10	3.332e+10	2.190e+01	-1.967e-09
31.484	-4.750	-1.250	1.750	5.250	-2.400e+01	5.467e-10	-4.390e+10	-2.400e+01	-7.480e-10	3.209e+10	2.190e+01	-1.966e-09
32.409	-4.750	-1.500	2.000	5.250	-2.400e+01	5.893e-10	-4.073e+10	-2.400e+01	-7.289e-10	3.293e+10	2.190e+01	-1.967e-09
33.551	-4.750	-1.750	2.250	5.250	-2.400e+01	6.086e-10	-3.943e+10	-2.400e+01	-7.741e-10	3.100e+10	2.190e+01	-1.966e-09
34.482	-4.750	-2.000	2.500	5.250	-2.400e+01	5.394e-10	-4.449e+10	-2.400e+01	-7.578e-10	3.167e+10	2.190e+01	-1.966e-09
35.524	-4.750	-2.250	2.750	5.250	-2.400e+01	5.801e-10	-4.137e+10	-2.400e+01	-7.281e-10	3.296e+10	2.190e+01	-1.966e-09
36.501	-4.750	-2.500	3.000	5.250	-2.400e+01	5.597e-10	-4.288e+10	-2.400e+01	-7.280e-10	3.297e+10	2.190e+01	-1.966e-09
37.424	-4.750	-2.750	3.250	5.250	-2.400e+01	5.606e-10	-4.281e+10	-2.400e+01	-7.549e-10	3.179e+10	2.190e+01	-1.966e-09
38.340	-4.750	-3.000	3.500	5.250	-2.400e+01	5.528e-10	-4.341e+10	-2.400e+01	-7.992e-10	3.003e+10	2.190e+01	-1.966e-09
39.360	-4.750	-3.250	3.750	5.250	-2.400e+01	5.423e-10	-4.426e+10	-2.400e+01	-7.810e-10	3.073e+10	2.190e+01	-1.966e-09
40.280	-4.750	-3.500	4.000	5.250	-2.400e+01	5.938e-10	-4.042e+10	-2.400e+01	-7.677e-10	3.126e+10	2.190e+01	-1.966e-09
41.631	-4.750	-3.750	4.250	5.250	-2.400e+01	5.542e-10	-4.331e+10	-2.400e+01	-7.489e-10	3.205e+10	2.190e+01	-1.966e-09
42.563	-4.750	-4.000	4.500	5.250	-2.400e+01	5.245e-10	-4.576e+10	-2.400e+01	-7.430e-10	3.230e+10	2.190e+01	-1.966e-09
43.614	-4.750	-4.250	4.750	5.250	-2.400e+01	5.785e-10	-4.149e+10	-2.400e+01	-7.423e-10	3.233e+10	2.190e+01	-1.966e-09
44.560	-4.750	-4.500	5.000	5.250	-2.400e+01	5.289e-10	-4.538e+10	-2.400e+01	-7.560e-10	3.175e+10	2.190e+01	-1.967e-09
45.473	-4.750	-4.750	5.250	5.250	-2.400e+01	5.556e-10	-4.320e+10	-2.400e+01	-7.537e-10	3.184e+10	2.190e+01	-1.966e-09
46.591	-4.750	-5.000	5.500	5.250	-2.400e+01	5.306e-10	-4.523e+10	-2.400e+01	-7.731e-10	3.105e+10	2.190e+01	-1.967e-09
47.530	-4.750	-5.250	5.750	5.250	-2.400e+01	5.650e-10	-4.248e+10	-2.400e+01	-7.667e-10	3.130e+10	2.190e+01	-1.967e-09
48.461	-4.750	-5.500	6.000	5.250	-2.400e+01	5.380e-10	-4.461e+10	-2.400e+01	-7.405e-10	3.241e+10	2.190e+01	-1.966e-09
49.400	-4.750	-5.750	6.250	5.250	-2.400e+01	5.719e-10	-4.197e+10	-2.400e+01	-7.658e-10	3.134e+10	2.190e+01	-1.966e-09
0.836	-4.500	-5.750	6.250	5.000	-2.400e+01	5.528e-10	-4.342e+10	-2.400e+01	-7.301e-10	3.287e+10	2.190e+01	-1.967e-09
2.106	-4.500	-5.500	6.000	5.000	-2.400e+01	5.432e-10	-4.418e+10	-2.400e+01	-7.439e-10	3.226e+10	2.190e+01	-1.966e-09
2.992	-4.500	-5.250	5.750	5.000	-2.400e+01	5.384e-10	-4.457e+10	-2.400e+01	-7.679e-10	3.125e+10	2.190e+01	-1.966e-09
3.876	-4.500	-5.000	5.500	5.000	-2.400e+01	5.304e-10	-4.525e+10	-2.400e+01	-7.546e-10	3.181e+10	2.190e+01	-1.966e-09
4.862	-4.500	-4.750	5.250	5.000	-2.400e+01	5.785e-10	-4.149e+10	-2.400e+01	-7.395e-10	3.246e+10	2.190e+01	-1.966e-09
6.103	-4.500	-4.500	5.000	5.000	-2.400e+01	5.412e-10	-4.435e+10	-2.400e+01	-7.875e-10	3.048e+10	2.190e+01	-1.966e-09
7.002	-4.500	-4.250	4.750	5.000	-2.400e+01	5.691e-10	-4.217e+10	-2.400e+01	-7.566e-10	3.172e+10	2.190e+01	-1.966e-09
7.895	-4.500	-4.000	4.500	5.000	-2.400e+01	5.603e-10	-4.284e+10	-2.400e+01	-7.694e-10	3.119e+10	2.190e+01	-1.966e-09
8.802	-4.500	-3.750	4.250	5.000	-2.400e+01	5.439e-10	-4.413e+10	-2.400e+01	-7.985e-10	3.005e+10	2.190e+01	-1.966e-09
9.982	-4.500	-3.500	4.000	5.000	-2.400e+01	5.864e-10	-4.092e+10	-2.400e+01	-6.965e-10	3.446e+10	2.190e+01	-1.966e-09
10.867	-4.500	-3.250	3.750	5.000	-2.400e+01	5.788e-10	-4.146e+10	-2.400e+01	-7.373e-10	3.255e+10	2.190e+01	-1.966e-09
11.846	-4.500	-3.000	3.500	5.000	-2.400e+01	5.918e-10	-4.055e+10	-2.400e+01	-6.876e-10	3.490e+10	2.190e+01	-1.966e-09
12.763	-4.500	-2.750	3.250	5.000	-2.400e+01	6.049e-10	-3.967e+10	-2.400e+01	-7.536e-10	3.185e+10	2.190e+01	-1.966e-09
14.083	-4.500	-2.500	3.000	5.000	-2.400e+01	5.682e-10	-4.224e+10	-2.400e+01	-7.339e-10	3.270e+10	2.190e+01	-1.966e-09
14.992	-4.500	-2.250	2.750	5.000	-2.400e+01	5.999e-10	-4.001e+10	-2.400e+01	-7.060e-10	3.399e+10	2.190e+01	-1.966e-09
15.985	-4.500	-2.000	2.500	5.000	-2.400e+01	5.562e-10	-4.315e+10	-2.400e+01	-7.429e-10	3.231e+10	2.190e+01	-1.966e-09
16.992	-4.500	-1.750	2.250	5.000	-2.400e+01	5.768e-10	-4.161e+10	-2.400e+01	-7.248e-10	3.311e+10	2.190e+01	-1.966e-09
17.913	-4.500	-1.500	2.000	5.000	-2.400e+01	5.981e-10	-4.013e+10	-2.400e+01	-7.447e-10	3.223e+10	2.190e+01	-1.966e-09
19.153	-4.500	-1.250	1.750	5.000	-2.400e+01	5.513e-10	-4.353e+10	-2.400e+01	-7.532e-10	3.186e+10	2.190e+01	-1.966e-09
20.113	-4.500	-1.000	1.500	5.000	-2.400e+01	6.007e-10	-3.996e+10	-2.400e+01	-7.863e-10	3.052e+10	2.190e+01	-1.966e-09
21.026	-4.500	-0.750	1.250	5.000	-2.400e+01	5.755e-10	-4.171e+10	-2.400e+01	-7.798e-10	3.078e+10	2.190e+01	-1.966e-09
22.263	-4.500	-0.500	1.000	5.000	-2.400e+01	5.936e-10	-4.043e+10	-2.400e+01	-7.546e-10	3.181e+10	2.190e+01	-1.966e-09
23.156	-4.500	-0.250	0.750	5.000	-2.400e+01	5.955e-10	-4.030e+10	-2.400e+01	-7.788e-10	3.082e+10	2.190e+01	-1.966e-09
24.082	-4.500	0.000	0.500	5.000	-2.400e+01	6.076e-10	-3.950e+10	-2.400e+01	-7.333e-10	3.273e+10	2.190e+01	-1.966e-09
25.003	-4.500	0.250	0.250	5.000	-2.400e+01	6.175e-10	-3.887e+10	-2.400e+01	-7.688e-10	3.122e+10	2.190e+01	-1.966e-09
26.113	-4.500	0.500	-0.000	5.000	-2.400e+01	5.675e-10	-4.229e+10	-2.400e+01	-7.816e-10	3.071e+10	2.190e+01	-1.966e-09
27.033	-4.500	0.750	-0.250	5.000	-2.400e+01	5.986e-10	-4.009e+10	-2.400e+01	-7.447e-10	3.223e+10	2.190e+01	-1.966e-09
27.957	-4.500	1.000	-0.500	5.000	-2.400e+01	5.636e-10	-4.258e+10	-2.400e+01	-7.242e-10	3.314e+10	2.190e+01	-1.966e-09
29.487	-4.500	1.250	-0.750	5.000	-2.400e+01	5.419e-10	-4.429e+10	-2.400e+01	-7.639e-10	3.142e+10	2.190e+01	-1.966e-09
30.635	-4.500	1.500	-1.000	5.000	-2.400e+01	5.470e-10	-4.388e+10	-2.400e+01	-7.966e-10	3.013e+10	2.190e+01	-1.966e-09
31.563	-4.500	1.750	-1.250	5.000	-2.400e+01	5.709e-10	-4.204e+10	-2.400e+01	-7.610e-10	3.154e+10	2.190e+01	-1.966e-09
32.476	-4.500	2.000	-1.500	5.000	-2.400e+01	5.605e-10	-4.282e+10	-2.400e+01	-7.657e-10	3.134e+10	2.190e+01	-1.966e-09
33.404	-4.500	2.250	-1.750	5.000	-2.400e+01	5.826e-10	-4.120e+10	-2.400e+01	-7.342e-10	3.269e+10	2.190e+01	-1.966e-09
34.696	-4.500	2.500	-2.000	5.000	-2.400e+01	5.858e-10	-4.097e+10	-2.400e+01	-7.995e-10	3.002e+10	2.190e+01	-1.966e-09
35.595	-4.500	2.750	-2.250	5.000	-2.400e+01	5.779e-10	-4.153e+10	-2.400e+01	-8.068e-10	2.975e+10	2.190e+01	-1.966e-09
36.546	-4.500	3.000	-2.500	5.000	-2.400e+01	5.493e-10	-4.369e+10	-2.400e+01	-8.016e-10	2.994e+10	2.190e+01	-1.966e-09
38.093	-4.500	3.250	-2.750	5.000	-2.400e+01	6.000e-10	-4.000e+10	-2.400e+01	-7.740e-10	3.101e+10	2.190e+01	-1.966e-09
40.003	-4.500	3.500	-3.000	5.000	-2.400e+01	5.634e-10	-4.260e+10	-2.400e+01	-7.846e-10	3.059e+10	2.190e+01	-1.966e-09
40.923	-4.500	3.750	-3.250	5.000	-2.400e+01	5.848e-10	-4.104e+10	-2.400e+01	-7.314e-10	3.281e+10	2.190e+01	-1.966e-09
41.853	-4.500	4.000	-3.500	5.000	-2.400e+01	6.101e-10	-3.934e+10	-2.400e+01	-7.584e-10	3.164e+10	2.190e+01	-1.966e-09
42.773	-4.500	4.250	-3.750	5.000	-2.400e+01	5.673e-10	-4.231e+10	-2.400e+01	-7.584e-10	3.165e+10	2.190e+01	-1.966e-09
44.057	-4.500	4.500	-4.000	5.000	-2.400e+01	5.474e-10	-4.385e+10	-2.400e+01	-7.919e-10	3.031e+10	2.190e+01	-1.966e-09
44.983	-4.500	4.750	-4.250	5.000	-2.400e+01	5.523e-10	-4.345e+10	-2.400e+01	-7.595e-10	3.160e+10	2.190e+01	-1.966e-09
45.956	-4.500	5.000	-4.500	5.000	-2.400e+01	5.721e-10	-4.195e+10	-2.400e+01	-8.264e-10	2.904e+10	2.190e+01	-1.966e-09
46.873	-4.500	5.250	-4.750	5.000	-2.400e+01	5.856e-10	-4.098e+10	-2.400e+01	-7.733e-10	3.104e+10	2.190e+01	-1.966e-09
47.993	-4.500	5.500	-5.000	5.000	-2.400e+01	5.421e-10	-4.427e+10	-2.400e+01	-7.675e-10	3.127e+10	2.190e+01	-1.966e-09
48.913	-4.500	5.750	-5.250	5.000	-2.400e+01	5.931e-10	-4.046e+10	-2.400e+01	-7.805e-10	3.075e+10	2.190e+01	-1.966e-09
50.453	-4.500	6.000	-5.500	5.000	-2.400e+01	5.895e-10	-4.071e+10	-2.400e+01	-7.754e-10	3.095e+10	2.190e+01	-1.966e-09
51.368	-4.500	6.250	-5.750	5.000	-2.400e+01	6.046e-10	-3.970e+10	-2.400e+01	-7.784e-10	3.083e+10	2.190e+01	-1.966e-09
0.907	-4.250	6.250	-5.750	4.750	-2.400e+01	5.765e-10	-4.163e+10	-2.400e+01	-7.977e-10	3.009e+10	2.190e+01	-1.966e-09
1.878	-4.250	6.000	-5.500	4.750	-2.400e+01	5.197e-10	-4.618e+10	-2.400e+01	-7.905e-10	3.036e+10	2.190e+01	-1.966e-09
3.632	-4.250	5.750	-5.250	4.750	-2.400e+01	5.757e-10	-4.169e+10	-2.400e+01	-7.890e-10	3.042e+10	2.190e+01	-1.966e-09
4.502	-4.250	5.500	-5.000	4.750	-2.400e+01	5.781e-10	-4.151e+10	-2.400e+01	-7.833e-10	3.064e+10	2.190e+01	-1.966e-09
5.392	-4.250	5.250	-4.750	4.750	-2.400e+01	5.788e-10	-4.147e+10	-2.400e+01	-7.576e-10	3.168e+10	2.190e+01	-1.966e-09
6.278	-4.250	5.000	-4.500	4.750	-2.400e+01	5.898e-10	-4.069e+10	-2.400e+01	-7.417e-10	3.236e+10	2.190e+01	-1.966e-09
7.170	-4.250	4.750	-4.250	4.750	-2.400e+01	5.363e-10	-4.475e+10	-2.400e+01	-7.968e-10	3.012e+10	2.190e+01	-1.966e-09
8.058	-4.250	4.500	-4.000	4.750	-2.400e+01	5.935e-10	-4.044e+10	-2.400e+01	-7.789e-10	3.081e+10	2.190e+01	-1.966e-09
8.959	-4.250	4.250	-3.750	4.750	-2.400e+01	6.064e-10	-3.958e+10	-2.400e+01	-7.518e-10	3.192e+10	2.190e+01	-1.966e-09
9.858	-4.250	4.000	-3.500	4.750	-2.400e+01	5.818e-10	-4.125e+10	-2.400e+01	-7.784e-10	3.083e+10	2.190e+01	-1.966e-09
10.759	-4.250	3.750	-3.250	4.750	-2.400e+01	5.979e-10	-4.014e+10	-2.400e+01	-7.960e-10	3.015e+10	2.190e+01	-1.966e-09
11.668	-4.250	3.500	-3.000	4.750	-2.400e+01	6.002e-10	-3.999e+10	-2.400e+01	-7.851e-10	3.057e+10	2.190e+01	-1.966e-09
13.119	-4.250	3.250	-2.750	4.750	-2.400e+01	5.678e-10	-4.227e+10	-2.400e+01	-7.536e-10	3.185e+10	2.190e+01	-1.966e-09
14.639	-4.250	3.000	-2.500	4.750	-2.400e+01	5.910e-10	-4.061e+10	-2.400e+01	-7.663e-10	3.132e+10	2.190e+01	-1.966e-09
15.758	-4.250	2.750	-2.250	4.750	-2.400e+01	5.523e-10	-4.345e+10	-2.400e+01	-7.770e-10	3.089e+10	2.190e+01	-1.966e-09
16.668	-4.250	2.500	-2.000	4.750	-2.400e+01	6.199e-10	-3.872e+10	-2.400e+01	-8.032e-10	2.988e+10	2.190e+01	-1.966e-09
17.589	-4.250	2.250	-1.750	4.750	-2.400e+01	5.871e-10	-4.088e+10	-2.400e+01	-7.976e-10	3.009e+10	2.190e+01	-1.966e-09
18.488	-4.250	2.000	-1.500	4.750	-2.400e+01	6.168e-10	-3.891e+10	-2.400e+01	-7.420e-10	3.235e+10	2.190e+01	-1.966e-09
19.429	-4.250	1.750	-1.250	4.750	-2.400e+01	5.942e-10	-4.039e+10	-2.400e+01	-7.651e-10	3.137e+10	2.190e+01	-1.966e-09
20.348	-4.250	1.500	-1.000	4.750	-2.400e+01	5.812e-10	-4.129e+10	-2.400e+01	-7.723e-10	3.108e+10	2.190e+01	-1.966e-09
21.269	-4.250	1.250	-0.750	4.750	-2.400e+01	5.712e-10	-4.202e+10	-2.400e+01	-8.006e-10	2.998e+10	2.190e+01	-1.966e-09
22.749	-4.250	1.000	-0.500	4.750	-2.400e+01	5.905e-10	-4.065e+10	-2.400e+01	-7.464e-10	3.216e+10	2.190e+01	-1.966e-09
23.831	-4.250	0.750	-0.250	4.750	-2.400e+01	5.836e-10	-4.112e+10	-2.400e+01	-7.383e-10	3.251e+10	2.190e+01	-1.966e-09
24.749	-4.250	0.500	0.000	4.750	-2.400e+01	5.418e-10	-4.430e+10	-2.400e+01	-7.823e-10	3.068e+10	2.190e+01	-1.966e-09
25.668	-4.250	0.250	0.250	4.750	-2.400e+01	5.938e-10	-4.042e+10	-2.400e+01	-8.081e-10	2.970e+10	2.190e+01	-1.966e-09
26.599	-4.250	0.000	0.500	4.750	-2.400e+01	5.757e-10	-4.169e+10	-2.400e+01	-7.865e-10	3.051e+10	2.190e+01	-1.966e-09
27.511	-4.250	-0.250	0.750	4.750	-2.400e+01	5.795e-10	-4.142e+10	-2.400e+01	-7.677e-10	3.126e+10	2.190e+01	-1.966e-09
28.439	-4.250	-0.500	1.000	4.750	-2.400e+01	6.012e-10	-3.992e+10	-2.400e+01	-8.010e-10	2.996e+10	2.190e+01	-1.966e-09
29.359	-4.250	-0.750	1.250	4.750	-2.400e+01	5.640e-10	-4.255e+10	-2.400e+01	-7.756e-10	3.094e+10	2.190e+01	-1.966e-09
30.279	-4.250	-1.000	1.500	4.750	-2.400e+01	5.753e-10	-4.172e+10	-2.400e+01	-8.012e-10	2.996e+10	2.190e+01	-1.966e-09
31.342	-4.250	-1.250	1.750	4.750	-2.400e+01	5.728e-10	-4.190e+10	-2.400e+01	-7.876e-10	3.047e+10	2.190e+01	-1.966e-09
32.279	-4.250	-1.500	2.000	4.750	-2.400e+01	6.085e-10	-3.944e+10	-2.400e+01	-8.320e-10	2.885e+10	2.190e+01	-1.966e-09
33.332	-4.250	-1.750	2.250	4.750	-2.400e+01	6.034e-10	-3.978e+10	-2.400e+01	-7.924e-10	3.029e+10	2.190e+01	-1.966e-09
34.272	-4.250	-2.000	2.500	4.750	-2.400e+01	5.507e-10	-4.358e+10	-2.400e+01	-7.959e-10	3.016e+10	2.190e+01	-1.966e-09
35.289	-4.250	-2.250	2.750	4.750	-2.400e+01	6.268e-10	-3.829e+10	-2.400e+01	-7.882e-10	3.045e+10	2.190e+01	-1.966e-09
36.203	-4.250	-2.500	3.000	4.750	-2.400e+01	5.599e-10	-4.287e+10	-2.400e+01	-7.840e-10	3.061e+10	2.190e+01	-1.966e-09
37.130	-4.250	-2.750	3.250	4.750	-2.400e+01	5.306e-10	-4.523e+10	-2.400e+01	-8.097e-10	2.964e+10	2.190e+01	-1.966e-09
38.060	-4.250	-3.000	3.500	4.750	-2.400e+01	5.611e-10	-4.277e+10	-2.400e+01	-7.497e-10	3.201e+10	2.190e+01	-1.966e-09
39.175	-4.250	-3.250	3.750	4.750	-2.400e+01	5.755e-10	-4.170e+10	-2.400e+01	-7.695e-10	3.119e+10	2.190e+01	-1.966e-09
40.092	-4.250	-3.500	4.000	4.750	-2.400e+01	5.387e-10	-4.455e+10	-2.400e+01	-7.636e-10	3.143e+10	2.190e+01	-1.966e-09
41.342	-4.250	-3.750	4.250	4.750	-2.400e+01	5.310e-10	-4.520e+10	-2.400e+01	-7.998e-10	3.001e+10	2.190e+01	-1.966e-09
42.252	-4.250	-4.000	4.500	4.750	-2.400e+01	5.822e-10	-4.122e+10	-2.400e+01	-8.010e-10	2.996e+10	2.190e+01	-1.966e-09
43.240	-4.250	-4.250	4.750	4.750	-2.400e+01	5.637e-10	-4.258e+10	-2.400e+01	-7.545e-10	3.181e+10	2.190e+01	-1.966e-09
44.164	-4.250	-4.500	5.000	4.750	-2.400e+01	5.619e-10	-4.271e+10	-2.400e+01	-7.731e-10	3.104e+10	2.190e+01	-1.966e-09
45.091	-4.250	-4.750	5.250	4.750	-2.400e+01	5.650e-10	-4.248e+10	-2.400e+01	-7.949e-10	3.019e+10	2.190e+01	-1.966e-09
46.181	-4.250	-5.000	5.500	4.750	-2.400e+01	6.067e-10	-3.956e+10	-2.400e+01	-7.793e-10	3.080e+10	2.190e+01	-1.966e-09
47.120	-4.250	-5.250	5.750	4.750	-2.400e+01	5.664e-10	-4.237e+10	-2.400e+01	-7.874e-10	3.048e+10	2.190e+01	-1.966e-09
48.051	-4.250	-5.500	6.000	4.750	-2.400e+01	5.421e-10	-4.428e+10	-2.400e+01	-8.011e-10	2.996e+10	2.190e+01	-1.966e-09
48.979	-4.250	-5.750	6.250	4.750	-2.400e+01	5.893e-10	-4.073e+10	-2.400e+01	-7.977e-10	3.009e+10	2.190e+01	-1.966e-09
1.251	-4.000	-5.750	6.250	4.500	-2.400e+01	5.770e-10	-4.159e+10	-2.400e+01	-7.810e-10	3.073e+10	2.190e+01	-1.966e-09
2.500	-4.000	-5.500	6.000	4.500	-2.400e+01	5.638e-10	-4.257e+10	-2.400e+01	-7.713e-10	3.111e+10	2.190e+01	-1.966e-09
3.384	-4.000	-5.250	5.750	4.500	-2.400e+01	5.628e-10	-4.264e+10	-2.400e+01	-7.402e-10	3.242e+10	2.190e+01	-1.966e-09
4.324	-4.000	-5.000	5.500	4.500	-2.400e+01	5.753e-10	-4.172e+10	-2.400e+01	-7.859e-10	3.054e+10	2.190e+01	-1.966e-09
5.352	-4.000	-4.750	5.250	4.500	-2.400e+01	5.776e-10	-4.155e+10	-2.400e+01	-7.591e-10	3.162e+10	2.190e+01	-1.966e-09
6.589	-4.000	-4.500	5.000	4.500	-2.400e+01	5.816e-10	-4.127e+10	-2.400e+01	-8.084e-10	2.969e+10	2.190e+01	-1.966e-09
7.490	-4.000	-4.250	4.750	4.500	-2.400e+01	5.655e-10	-4.244e+10	-2.400e+01	-7.361e-10	3.261e+10	2.190e+01	-1.966e-09
8.391	-4.000	-4.000	4.500	4.500	-2.400e+01	6.062e-10	-3.959e+10	-2.400e+01	-7.902e-10	3.037e+10	2.190e+01	-1.966e-09
9.264	-4.000	-3.750	4.250	4.500	-2.400e+01	5.813e-10	-4.129e+10	-2.400e+01	-7.947e-10	3.020e+10	2.190e+01	-1.966e-09
10.411	-4.000	-3.500	4.000	4.500	-2.400e+01	5.477e-10	-4.382e+10	-2.400e+01	-7.643e-10	3.140e+10	2.190e+01	-1.966e-09
11.340	-4.000	-3.250	3.750	4.500	-2.400e+01	5.944e-10	-4.038e+10	-2.400e+01	-7.780e-10	3.085e+10	2.190e+01	-1.966e-09
12.271	-4.000	-3.000	3.500	4.500	-2.400e+01	5.560e-10	-4.316e+10	-2.400e+01	-7.957e-10	3.016e+10	2.190e+01	-1.966e-09
13.179	-4.000	-2.750	3.250	4.500	-2.400e+01	5.406e-10	-4.439e+10	-2.400e+01	-7.868e-10	3.050e+10	2.190e+01	-1.966e-09
14.500	-4.000	-2.500	3.000	4.500	-2.400e+01	5.633e-10	-4.260e+10	-2.400e+01	-7.712e-10	3.112e+10	2.190e+01	-1.966e-09
15.411	-4.000	-2.250	2.750	4.500	-2.400e+01	5.590e-10	-4.293e+10	-2.400e+01	-7.367e-10	3.258e+10	2.190e+01	-1.966e-09
16.340	-4.000	-2.000	2.500	4.500	-2.400e+01	5.328e-10	-4.504e+10	-2.400e+01	-7.542e-10	3.182e+10	2.190e+01	-1.966e-09
17.371	-4.000	-1.750	2.250	4.500	-2.400e+01	5.999e-10	-4.001e+10	-2.400e+01	-7.719e-10	3.109e+10	2.190e+01	-1.966e-09
18.300	-4.000	-1.500	2.000	4.500	-2.400e+01	5.987e-10	-4.009e+10	-2.400e+01	-8.036e-10	2.986e+10	2.190e+01	-1.966e-09
19.560	-4.000	-1.250	1.750	4.500	-2.400e+01	5.586e-10	-4.297e+10	-2.400e+01	-7.559e-10	3.175e+10	2.190e+01	-1.966e-09
20.540	-4.000	-1.000	1.500	4.500	-2.400e+01	5.908e-10	-4.062e+10	-2.400e+01	-7.672e-10	3.128e+10	2.190e+01	-1.966e-09
21.460	-4.000	-0.750	1.250	4.500	-2.400e+01	5.358e-10	-4.479e+10	-2.400e+01	-8.045e-10	2.983e+10	2.190e+01	-1.966e-09
22.723	-4.000	-0.500	1.000	4.500	-2.400e+01	5.781e-10	-4.152e+10	-2.400e+01	-8.042e-10	2.984e+10	2.190e+01	-1.966e-09
23.637	-4.000	-0.250	0.750	4.500	-2.400e+01	5.753e-10	-4.172e+10	-2.400e+01	-7.671e-10	3.129e+10	2.190e+01	-1.966e-09
24.554	-4.000	0.000	0.500	4.500	-2.400e+01	5.612e-10	-4.276e+10	-2.400e+01	-8.095e-10	2.965e+10	2.190e+01	-1.966e-09
25.473	-4.000	0.250	0.250	4.500	-2.400e+01	5.679e-10	-4.226e+10	-2.400e+01	-7.971e-10	3.011e+10	2.190e+01	-1.966e-09
26.570	-4.000	0.500	-0.000	4.500	-2.400e+01	5.481e-10	-4.379e+10	-2.400e+01	-7.666e-10	3.131e+10	2.190e+01	-1.966e-09
27.490	-4.000	0.750	-0.250	4.500	-2.400e+01	5.501e-10	-4.363e+10	-2.400e+01	-8.116e-10	2.957e+10	2.190e+01	-1.966e-09
28.453	-4.000	1.000	-0.500	4.500	-2.400e+01	5.960e-10	-4.027e+10	-2.400e+01	-7.711e-10	3.112e+10	2.190e+01	-1.966e-09
29.960	-4.000	1.250	-0.750	4.500	-2.400e+01	6.269e-10	-3.828e+10	-2.400e+01	-8.104e-10	2.961e+10	2.190e+01	-1.966e-09
31.090	-4.000	1.500	-1.000	4.500	-2.400e+01	5.915e-10	-4.057e+10	-2.400e+01	-7.937e-10	3.024e+10	2.190e+01	-1.966e-09
32.011	-4.000	1.750	-1.250	4.500	-2.400e+01	5.831e-10	-4.116e+10	-2.400e+01	-7.877e-10	3.047e+10	2.190e+01	-1.966e-09
32.924	-4.000	2.000	-1.500	4.500	-2.400e+01	5.530e-10	-4.340e+10	-2.400e+01	-7.874e-10	3.048e+10	2.190e+01	-1.966e-09
33.903	-4.000	2.250	-1.750	4.500	-2.400e+01	5.868e-10	-4.090e+10	-2.400e+01	-7.570e-10	3.170e+10	2.190e+01	-1.966e-09
35.161	-4.000	2.500	-2.000	4.500	-2.400e+01	5.652e-10	-4.246e+10	-2.400e+01	-8.090e-10	2.966e+10	2.190e+01	-1.966e-09
36.080	-4.000	2.750	-2.250	4.500	-2.400e+01	6.047e-10	-3.969e+10	-2.400e+01	-7.636e-10	3.143e+10	2.190e+01	-1.966e-09
37.051	-4.000	3.000	-2.500	4.500	-2.400e+01	5.742e-10	-4.180e+10	-2.400e+01	-7.778e-10	3.086e+10	2.190e+01	-1.966e-09
38.580	-4.000	3.250	-2.750	4.500	-2.400e+01	5.627e-10	-4.265e+10	-2.400e+01	-7.893e-10	3.041e+10	2.190e+01	-1.966e-09
40.481	-4.000	3.500	-3.000	4.500	-2.400e+01	5.509e-10	-4.357e+10	-2.400e+01	-7.649e-10	3.138e+10	2.190e+01	-1.966e-09
41.401	-4.000	3.750	-3.250	4.500	-2.400e+01	5.711e-10	-4.202e+10	-2.400e+01	-7.400e-10	3.243e+10	2.190e+01	-1.966e-09
42.333	-4.000	4.000	-3.500	4.500	-2.400e+01	5.771e-10	-4.159e+10	-2.400e+01	-7.873e-10	3.048e+10	2.190e+01	-1.966e-09
43.258	-4.000	4.250	-3.750	4.500	-2.400e+01	5.991e-10	-4.006e+10	-2.400e+01	-7.609e-10	3.154e+10	2.190e+01	-1.966e-09
44.570	-4.000	4.500	-4.000	4.500	-2.400e+01	6.008e-10	-3.994e+10	-2.400e+01	-8.153e-10	2.944e+10	2.190e+01	-1.966e-09
45.485	-4.000	4.750	-4.250	4.500	-2.400e+01	6.024e-10	-3.984e+10	-2.400e+01	-7.847e-10	3.059e+10	2.190e+01	-1.966e-09
46.412	-4.000	5.000	-4.500	4.500	-2.400e+01	5.636e-10	-4.258e+10	-2.400e+01	-7.663e-10	3.132e+10	2.190e+01	-1.966e-09
47.361	-4.000	5.250	-4.750	4.500	-2.400e+01	6.092e-10	-3.939e+10	-2.400e+01	-7.946e-10	3.020e+10	2.190e+01	-1.966e-09
48.461	-4.000	5.500	-5.000	4.500	-2.400e+01	5.586e-10	-4.296e+10	-2.400e+01	-8.272e-10	2.901e+10	2.190e+01	-1.966e-09
49.383	-4.000	5.750	-5.250	4.500	-2.400e+01	5.757e-10	-4.169e+10	-2.400e+01	-7.770e-10	3.089e+10	2.190e+01	-1.966e-09
50.942	-4.000	6.000	-5.500	4.500	-2.400e+01	6.405e-10	-3.747e+10	-2.400e+01	-7.519e-10	3.192e+10	2.190e+01	-1.966e-09
51.861	-4.000	6.250	-5.750	4.500	-2.400e+01	5.972e-10	-4.019e+10	-2.400e+01	-7.670e-10	3.129e+10	2.190e+01	-1.966e-09
1.002	-3.750	6.250	-5.750	4.250	-2.400e+01	6.135e-10	-3.912e+10	-2.400e+01	-7.763e-10	3.092e+10	2.190e+01	-1.966e-09
1.993	-3.750	6.000	-5.500	4.250	-2.400e+01	5.788e-10	-4.147e+10	-2.400e+01	-7.989e-10	3.004e+10	2.190e+01	-1.966e-09
3.744	-3.750	5.750	-5.250	4.250	-2.400e+01	6.274e-10	-3.825e+10	-2.400e+01	-7.538e-10	3.184e+10	2.190e+01	-1.966e-09
4.652	-3.750	5.500	-5.000	4.250	-2.400e+01	5.843e-10	-4.107e+10	-2.400e+01	-7.748e-10	3.098e+10	2.190e+01	-1.966e-09
5.554	-3.750	5.250	-4.750	4.250	-2.400e+01	6.275e-10	-3.825e+10	-2.400e+01	-7.350e-10	3.265e+10	2.190e+01	-1.966e-09
6.436	-3.750	5.000	-4.500	4.250	-2.400e+01	6.224e-10	-3.856e+10	-2.400e+01	-7.927e-10	3.028e+10	2.190e+01	-1.966e-09
7.333	-3.750	4.750	-4.250	4.250	-2.400e+01	6.184e-10	-3.881e+10	-2.400e+01	-7.646e-10	3.139e+10	2.190e+01	-1.966e-09
8.232	-3.750	4.500	-4.000	4.250	-2.400e+01	6.084e-10	-3.945e+10	-2.400e+01	-7.844e-10	3.060e+10	2.190e+01	-1.966e-09
9.133	-3.750	4.250	-3.750	4.250	-2.400e+01	5.645e-10	-4.251e+10	-2.400e+01	-7.795e-10	3.079e+10	2.190e+01	-1.966e-09
10.006	-3.750	4.000	-3.500	4.250	-2.400e+01	5.746e-10	-4.177e+10	-2.400e+01	-7.727e-10	3.106e+10	2.190e+01	-1.966e-09
10.966	-3.750	3.750	-3.250	4.250	-2.400e+01	6.165e-10	-3.893e+10	-2.400e+01	-8.207e-10	2.924e+10	2.190e+01	-1.966e-09
11.873	-3.750	3.500	-3.000	4.250	-2.400e+01	5.814e-10	-4.128e+10	-2.400e+01	-7.769e-10	3.089e+10	2.190e+01	-1.966e-09
13.312	-3.750	3.250	-2.750	4.250	-2.400e+01	6.179e-10	-3.884e+10	-2.400e+01	-7.912e-10	3.033e+10	2.190e+01	-1.966e-09
14.843	-3.750	3.000	-2.500	4.250	-2.400e+01	5.812e-10	-4.130e+10	-2.400e+01	-7.298e-10	3.289e+10	2.190e+01	-1.966e-09
15.844	-3.750	2.750	-2.250	4.250	-2.400e+01	6.315e-10	-3.800e+10	-2.400e+01	-7.598e-10	3.159e+10	2.190e+01	-1.966e-09
16.763	-3.750	2.500	-2.000	4.250	-2.400e+01	5.839e-10	-4.111e+10	-2.400e+01	-7.490e-10	3.204e+10	2.190e+01	-1.966e-09
17.685	-3.750	2.250	-1.750	4.250	-2.400e+01	6.000e-10	-4.000e+10	-2.400e+01	-7.307e-10	3.285e+10	2.190e+01	-1.966e-09
18.622	-3.750	2.000	-1.500	4.250	-2.400e+01	5.599e-10	-4.287e+10	-2.400e+01	-7.818e-10	3.070e+10	2.190e+01	-1.966e-09
19.554	-3.750	1.750	-1.250	4.250	-2.400e+01	5.823e-10	-4.122e+10	-2.400e+01	-7.668e-10	3.130e+10	2.190e+01	-1.966e-09
20.476	-3.750	1.500	-1.000	4.250	-2.400e+01	5.935e-10	-4.044e+10	-2.400e+01	-7.611e-10	3.153e+10	2.190e+01	-1.966e-09
21.404	-3.750	1.250	-0.750	4.250	-2.400e+01	5.338e-10	-4.496e+10	-2.400e+01	-8.095e-10	2.965e+10	2.190e+01	-1.966e-09
22.876	-3.750	1.000	-0.500	4.250	-2.400e+01	5.371e-10	-4.468e+10	-2.400e+01	-7.631e-10	3.145e+10	2.190e+01	-1.966e-09
23.913	-3.750	0.750	-0.250	4.250	-2.400e+01	5.522e-10	-4.346e+10	-2.400e+01	-7.756e-10	3.095e+10	2.190e+01	-1.966e-09
24.833	-3.750	0.500	0.000	4.250	-2.400e+01	6.148e-10	-3.904e+10	-2.400e+01	-7.386e-10	3.249e+10	2.190e+01	-1.966e-09
25.764	-3.750	0.250	0.250	4.250	-2.400e+01	5.399e-10	-4.446e+10	-2.400e+01	-7.686e-10	3.122e+10	2.190e+01	-1.966e-09
26.685	-3.750	0.000	0.500	4.250	-2.400e+01	5.647e-10	-4.250e+10	-2.400e+01	-7.466e-10	3.215e+10	2.190e+01	-1.966e-09
27.584	-3.750	-0.250	0.750	4.250	-2.400e+01	5.946e-10	-4.036e+10	-2.400e+01	-7.600e-10	3.158e+10	2.190e+01	-1.966e-09
28.507	-3.750	-0.500	1.000	4.250	-2.400e+01	5.611e-10	-4.277e+10	-2.400e+01	-7.671e-10	3.129e+10	2.190e+01	-1.966e-09
29.416	-3.750	-0.750	1.250	4.250	-2.400e+01	5.813e-10	-4.129e+10	-2.400e+01	-7.654e-10	3.135e+10	2.190e+01	-1.966e-09
30.344	-3.750	-1.000	1.500	4.250	-2.400e+01	5.767e-10	-4.162e+10	-2.400e+01	-8.062e-10	2.977e+10	2.190e+01	-1.966e-09
31.293	-3.750	-1.250	1.750	4.250	-2.400e+01	5.869e-10	-4.089e+10	-2.400e+01	-7.336e-10	3.271e+10	2.190e+01	-1.966e-09
32.234	-3.750	-1.500	2.000	4.250	-2.400e+01	5.736e-10	-4.184e+10	-2.400e+01	-7.802e-10	3.076e+10	2.190e+01	-1.966e-09
33.353	-3.750	-1.750	2.250	4.250	-2.400e+01	5.636e-10	-4.258e+10	-2.400e+01	-7.948e-10	3.020e+10	2.190e+01	-1.966e-09
34.273	-3.750	-2.000	2.500	4.250	-2.400e+01	5.931e-10	-4.047e+10	-2.400e+01	-7.457e-10	3.219e+10	2.190e+01	-1.966e-09
35.333	-3.750	-2.250	2.750	4.250	-2.400e+01	5.696e-10	-4.214e+10	-2.400e+01	-8.066e-10	2.975e+10	2.190e+01	-1.966e-09
36.246	-3.750	-2.500	3.000	4.250	-2.400e+01	5.679e-10	-4.226e+10	-2.400e+01	-8.074e-10	2.973e+10	2.190e+01	-1.966e-09
37.164	-3.750	-2.750	3.250	4.250	-2.400e+01	5.937e-10	-4.043e+10	-2.400e+01	-7.634e-10	3.144e+10	2.190e+01	-1.966e-09
38.083	-3.750	-3.000	3.500	4.250	-2.400e+01	6.044e-10	-3.971e+10	-2.400e+01	-8.097e-10	2.964e+10	2.190e+01	-1.966e-09
39.093	-3.750	-3.250	3.750	4.250	-2.400e+01	5.571e-10	-4.308e+10	-2.400e+01	-7.794e-10	3.079e+10	2.190e+01	-1.966e-09
39.994	-3.750	-3.500	4.000	4.250	-2.400e+01	5.693e-10	-4.216e+10	-2.400e+01	-7.544e-10	3.181e+10	2.190e+01	-1.966e-09
41.299	-3.750	-3.750	4.250	4.250	-2.400e+01	5.668e-10	-4.234e+10	-2.400e+01	-7.703e-10	3.116e+10	2.190e+01	-1.966e-09
42.213	-3.750	-4.000	4.500	4.250	-2.400e+01	5.985e-10	-4.010e+10	-2.400e+01	-7.689e-10	3.121e+10	2.190e+01	-1.966e-09
43.327	-3.750	-4.250	4.750	4.250	-2.400e+01	5.844e-10	-4.107e+10	-2.400e+01	-7.389e-10	3.248e+10	2.190e+01	-1.966e-09
44.248	-3.750	-4.500	5.000	4.250	-2.400e+01	5.708e-10	-4.205e+10	-2.400e+01	-7.817e-10	3.070e+10	2.190e+01	-1.966e-09
45.163	-3.750	-4.750	5.250	4.250	-2.400e+01	5.909e-10	-4.062e+10	-2.400e+01	-8.004e-10	2.999e+10	2.190e+01	-1.966e-09
46.244	-3.750	-5.000	5.500	4.250	-2.400e+01	6.070e-10	-3.954e+10	-2.400e+01	-7.833e-10	3.064e+10	2.190e+01	-1.966e-09
47.164	-3.750	-5.250	5.750	4.250	-2.400e+01	5.700e-10	-4.210e+10	-2.400e+01	-7.518e-10	3.192e+10	2.190e+01	-1.966e-09
48.063	-3.750	-5.500	6.000	4.250	-2.400e+01	5.881e-10	-4.081e+10	-2.400e+01	-7.894e-10	3.040e+10	2.190e+01	-1.966e-09
49.014	-3.750	-5.750	6.250	4.250	-2.400e+01	6.321e-10	-3.797e+10	-2.400e+01	-8.091e-10	2.966e+10	2.190e+01	-1.966e-09
0.886	-3.500	-5.750	6.250	4.000	-2.400e+01	6.095e-10	-3.938e+10	-2.400e+01	-8.165e-10	2.940e+10	2.190e+01	-1.966e-09
2.145	-3.500	-5.500	6.000	4.000	-2.400e+01	6.281e-10	-3.821e+10	-2.400e+01	-8.450e-10	2.840e+10	2.190e+01	-1.966e-09
3.035	-3.500	-5.250	5.750	4.000	-2.400e+01	5.701e-10	-4.210e+10	-2.400e+01	-7.684e-10	3.123e+10	2.190e+01	-1.966e-09
3.906	-3.500	-5.000	5.500	4.000	-2.400e+01	6.224e-10	-3.856e+10	-2.400e+01	-8.265e-10	2.904e+10	2.190e+01	-1.966e-09
4.916	-3.500	-4.750	5.250	4.000	-2.400e+01	5.937e-10	-4.042e+10	-2.400e+01	-8.320e-10	2.885e+10	2.190e+01	-1.966e-09
6.155	-3.500	-4.500	5.000	4.000	-2.400e+01	5.539e-10	-4.333e+10	-2.400e+01	-8.012e-10	2.996e+10	2.190e+01	-1.966e-09
7.045	-3.500	-4.250	4.750	4.000	-2.400e+01	5.495e-10	-4.368e+10	-2.400e+01	-7.712e-10	3.112e+10	2.190e+01	-1.966e-09
7.938	-3.500	-4.000	4.500	4.000	-2.400e+01	5.398e-10	-4.446e+10	-2.400e+01	-8.001e-10	3.000e+10	2.190e+01	-1.966e-09
8.840	-3.500	-3.750	4.250	4.000	-2.400e+01	5.774e-10	-4.157e+10	-2.400e+01	-8.020e-10	2.993e+10	2.190e+01	-1.966e-09
10.005	-3.500	-3.500	4.000	4.000	-2.400e+01	5.842e-10	-4.108e+10	-2.400e+01	-7.853e-10	3.056e+10	2.190e+01	-1.966e-09
10.917	-3.500	-3.250	3.750	4.000	-2.400e+01	5.757e-10	-4.169e+10	-2.400e+01	-7.584e-10	3.164e+10	2.190e+01	-1.966e-09
11.857	-3.500	-3.000	3.500	4.000	-2.400e+01	5.631e-10	-4.262e+10	-2.400e+01	-7.686e-10	3.122e+10	2.190e+01	-1.966e-09
12.778	-3.500	-2.750	3.250	4.000	-2.400e+01	5.602e-10	-4.284e+10	-2.400e+01	-7.707e-10	3.114e+10	2.190e+01	-1.966e-09
14.126	-3.500	-2.500	3.000	4.000	-2.400e+01	5.479e-10	-4.380e+10	-2.400e+01	-8.002e-10	2.999e+10	2.190e+01	-1.966e-09
15.028	-3.500	-2.250	2.750	4.000	-2.400e+01	5.454e-10	-4.400e+10	-2.400e+01	-7.857e-10	3.055e+10	2.190e+01	-1.966e-09
15.959	-3.500	-2.000	2.500	4.000	-2.400e+01	5.915e-10	-4.058e+10	-2.400e+01	-7.854e-10	3.056e+10	2.190e+01	-1.966e-09
16.945	-3.500	-1.750	2.250	4.000	-2.400e+01	5.869e-10	-4.089e+10	-2.400e+01	-8.019e-10	2.993e+10	2.190e+01	-1.966e-09
17.867	-3.500	-1.500	2.000	4.000	-2.400e+01	5.954e-10	-4.031e+10	-2.400e+01	-7.441e-10	3.225e+10	2.190e+01	-1.966e-09
19.136	-3.500	-1.250	1.750	4.000	-2.400e+01	5.736e-10	-4.184e+10	-2.400e+01	-7.821e-10	3.069e+10	2.190e+01	-1.966e-09
20.126	-3.500	-1.000	1.500	4.000	-2.400e+01	6.123e-10	-3.920e+10	-2.400e+01	-7.913e-10	3.033e+10	2.190e+01	-1.966e-09
21.102	-3.500	-0.750	1.250	4.000	-2.400e+01	6.156e-10	-3.899e+10	-2.400e+01	-7.518e-10	3.192e+10	2.190e+01	-1.966e-09
22.349	-3.500	-0.500	1.000	4.000	-2.400e+01	6.083e-10	-3.945e+10	-2.400e+01	-7.551e-10	3.179e+10	2.190e+01	-1.966e-09
23.259	-3.500	-0.250	0.750	4.000	-2.400e+01	6.070e-10	-3.954e+10	-2.400e+01	-7.442e-10	3.225e+10	2.190e+01	-1.966e-09
24.149	-3.500	0.000	0.500	4.000	-2.400e+01	5.928e-10	-4.049e+10	-2.400e+01	-7.395e-10	3.245e+10	2.190e+01	-1.966e-09
25.067	-3.500	0.250	0.250	4.000	-2.400e+01	5.359e-10	-4.479e+10	-2.400e+01	-7.683e-10	3.124e+10	2.190e+01	-1.966e-09
26.153	-3.500	0.500	-0.000	4.000	-2.400e+01	5.325e-10	-4.507e+10	-2.400e+01	-7.589e-10	3.163e+10	2.190e+01	-1.966e-09
27.077	-3.500	0.750	-0.250	4.000	-2.400e+01	5.852e-10	-4.101e+10	-2.400e+01	-7.552e-10	3.178e+10	2.190e+01	-1.966e-09
27.976	-3.500	1.000	-0.500	4.000	-2.400e+01	5.492e-10	-4.370e+10	-2.400e+01	-7.613e-10	3.153e+10	2.190e+01	-1.966e-09
29.409	-3.500	1.250	-0.750	4.000	-2.400e+01	5.916e-10	-4.057e+10	-2.400e+01	-7.661e-10	3.133e+10	2.190e+01	-1.966e-09
30.549	-3.500	1.500	-1.000	4.000	-2.400e+01	5.729e-10	-4.189e+10	-2.400e+01	-7.683e-10	3.124e+10	2.190e+01	-1.966e-09
31.470	-3.500	1.750	-1.250	4.000	-2.400e+01	6.100e-10	-3.934e+10	-2.400e+01	-7.536e-10	3.185e+10	2.190e+01	-1.966e-09
32.395	-3.500	2.000	-1.500	4.000	-2.400e+01	5.695e-10	-4.214e+10	-2.400e+01	-7.680e-10	3.125e+10	2.190e+01	-1.966e-09
33.320	-3.500	2.250	-1.750	4.000	-2.400e+01	6.190e-10	-3.877e+10	-2.400e+01	-7.731e-10	3.104e+10	2.190e+01	-1.966e-09
34.586	-3.500	2.500	-2.000	4.000	-2.400e+01	5.783e-10	-4.150e+10	-2.400e+01	-7.817e-10	3.070e+10	2.190e+01	-1.966e-09
35.500	-3.500	2.750	-2.250	4.000	-2.400e+01	5.741e-10	-4.180e+10	-2.400e+01	-7.781e-10	3.084e+10	2.190e+01	-1.966e-09
36.476	-3.500	3.000	-2.500	4.000	-2.400e+01	5.676e-10	-4.229e+10	-2.400e+01	-7.636e-10	3.143e+10	2.190e+01	-1.966e-09
38.016	-3.500	3.250	-2.750	4.000	-2.400e+01	5.885e-10	-4.078e+10	-2.400e+01	-7.818e-10	3.070e+10	2.190e+01	-1.966e-09
39.918	-3.500	3.500	-3.000	4.000	-2.400e+01	5.745e-10	-4.178e+10	-2.400e+01	-7.774e-10	3.087e+10	2.190e+01	-1.966e-09
40.848	-3.500	3.750	-3.250	4.000	-2.400e+01	5.898e-10	-4.069e+10	-2.400e+01	-7.977e-10	3.009e+10	2.190e+01	-1.966e-09
41.785	-3.500	4.000	-3.500	4.000	-2.400e+01	5.620e-10	-4.270e+10	-2.400e+01	-7.543e-10	3.182e+10	2.190e+01	-1.966e-09
42.728	-3.500	4.250	-3.750	4.000	-2.400e+01	5.620e-10	-4.270e+10	-2.400e+01	-7.407e-10	3.240e+10	2.190e+01	-1.966e-09
44.026	-3.500	4.500	-4.000	4.000	-2.400e+01	5.512e-10	-4.354e+10	-2.400e+01	-7.565e-10	3.172e+10	2.190e+01	-1.966e-09
44.946	-3.500	4.750	-4.250	4.000	-2.400e+01	5.183e-10	-4.631e+10	-2.400e+01	-7.828e-10	3.066e+10	2.190e+01	-1.966e-09
45.868	-3.500	5.000	-4.500	4.000	-2.400e+01	5.263e-10	-4.560e+10	-2.400e+01	-8.085e-10	2.969e+10	2.190e+01	-1.966e-09
46.807	-3.500	5.250	-4.750	4.000	-2.400e+01	5.486e-10	-4.375e+10	-2.400e+01	-7.708e-10	3.114e+10	2.190e+01	-1.966e-09
47.929	-3.500	5.500	-5.000	4.000	-2.400e+01	6.022e-10	-3.985e+10	-2.400e+01	-7.531e-10	3.187e+10	2.190e+01	-1.966e-09
48.847	-3.500	5.750	-5.250	4.000	-2.400e+01	6.131e-10	-3.915e+10	-2.400e+01	-7.807e-10	3.074e+10	2.190e+01	-1.966e-09
50.436	-3.500	6.000	-5.500	4.000	-2.400e+01	5.868e-10	-4.090e+10	-2.400e+01	-7.924e-10	3.029e+10	2.190e+01	-1.966e-09
51.409	-3.500	6.250	-5.750	4.000	-2.400e+01	5.648e-10	-4.249e+10	-2.400e+01	-7.850e-10	3.057e+10	2.190e+01	-1.966e-09
0.823	-3.250	6.250	-5.750	3.750	-2.400e+01	5.749e-10	-4.175e+10	-2.400e+01	-7.865e-10	3.051e+10	2.190e+01	-1.966e-09
1.802	-3.250	6.000	-5.500	3.750	-2.400e+01	5.731e-10	-4.188e+10	-2.400e+01	-7.607e-10	3.155e+10	2.190e+01	-1.966e-09
3.503	-3.250	5.750	-5.250	3.750	-2.400e+01	5.382e-10	-4.459e+10	-2.400e+01	-7.679e-10	3.125e+10	2.190e+01	-1.966e-09
4.389	-3.250	5.500	-5.000	3.750	-2.400e+01	5.797e-10	-4.140e+10	-2.400e+01	-7.829e-10	3.066e+10	2.190e+01	-1.966e-09
5.279	-3.250	5.250	-4.750	3.750	-2.400e+01	5.776e-10	-4.155e+10	-2.400e+01	-8.180e-10	2.934e+10	2.190e+01	-1.966e-09
6.169	-3.250	5.000	-4.500	3.750	-2.400e+01	5.902e-10	-4.066e+10	-2.400e+01	-7.960e-10	3.015e+10	2.190e+01	-1.966e-09
7.069	-3.250	4.750	-4.250	3.750	-2.400e+01	5.853e-10	-4.101e+10	-2.400e+01	-7.815e-10	3.071e+10	2.190e+01	-1.966e-09
7.962	-3.250	4.500	-4.000	3.750	-2.400e+01	5.693e-10	-4.216e+10	-2.400e+01	-7.863e-10	3.052e+10	2.190e+01	-1.966e-09
8.870	-3.250	4.250	-3.750	3.750	-2.400e+01	6.040e-10	-3.973e+10	-2.400e+01	-7.715e-10	3.111e+10	2.190e+01	-1.966e-09
9.779	-3.250	4.000	-3.500	3.750	-2.400e+01	5.429e-10	-4.421e+10	-2.400e+01	-7.817e-10	3.070e+10	2.190e+01	-1.966e-09
10.709	-3.250	3.750	-3.250	3.750	-2.400e+01	5.681e-10	-4.225e+10	-2.400e+01	-7.751e-10	3.096e+10	2.190e+01	-1.966e-09
11.620	-3.250	3.500	-3.000	3.750	-2.400e+01	6.057e-10	-3.962e+10	-2.400e+01	-7.268e-10	3.302e+10	2.190e+01	-1.966e-09
13.041	-3.250	3.250	-2.750	3.750	-2.400e+01	5.755e-10	-4.171e+10	-2.400e+01	-7.908e-10	3.035e+10	2.190e+01	-1.966e-09
14.609	-3.250	3.000	-2.500	3.750	-2.400e+01	5.932e-10	-4.046e+10	-2.400e+01	-8.112e-10	2.959e+10	2.190e+01	-1.966e-09
15.683	-3.250	2.750	-2.250	3.750	-2.400e+01	5.926e-10	-4.050e+10	-2.400e+01	-7.757e-10	3.094e+10	2.190e+01	-1.966e-09
16.614	-3.250	2.500	-2.000	3.750	-2.400e+01	5.823e-10	-4.121e+10	-2.400e+01	-7.555e-10	3.177e+10	2.190e+01	-1.966e-09
17.539	-3.250	2.250	-1.750	3.750	-2.400e+01	5.735e-10	-4.185e+10	-2.400e+01	-7.513e-10	3.194e+10	2.190e+01	-1.966e-09
18.459	-3.250	2.000	-1.500	3.750	-2.400e+01	6.113e-10	-3.926e+10	-2.400e+01	-7.603e-10	3.157e+10	2.190e+01	-1.966e-09
19.491	-3.250	1.750	-1.250	3.750	-2.400e+01	5.350e-10	-4.486e+10	-2.400e+01	-7.470e-10	3.213e+10	2.190e+01	-1.966e-09
20.409	-3.250	1.500	-1.000	3.750	-2.400e+01	6.445e-10	-3.724e+10	-2.400e+01	-7.890e-10	3.042e+10	2.190e+01	-1.966e-09
21.330	-3.250	1.250	-0.750	3.750	-2.400e+01	5.921e-10	-4.053e+10	-2.400e+01	-7.634e-10	3.144e+10	2.190e+01	-1.966e-09
22.773	-3.250	1.000	-0.500	3.750	-2.400e+01	5.918e-10	-4.056e+10	-2.400e+01	-7.792e-10	3.080e+10	2.190e+01	-1.966e-09
23.839	-3.250	0.750	-0.250	3.750	-2.400e+01	5.880e-10	-4.081e+10	-2.400e+01	-7.813e-10	3.072e+10	2.190e+01	-1.966e-09
24.770	-3.250	0.500	0.000	3.750	-2.400e+01	5.232e-10	-4.588e+10	-2.400e+01	-7.995e-10	3.002e+10	2.190e+01	-1.966e-09
25.693	-3.250	0.250	0.250	3.750	-2.400e+01	5.859e-10	-4.096e+10	-2.400e+01	-7.923e-10	3.029e+10	2.190e+01	-1.966e-09
26.614	-3.250	-0.000	0.500	3.750	-2.400e+01	5.875e-10	-4.085e+10	-2.400e+01	-7.550e-10	3.179e+10	2.190e+01	-1.966e-09
27.539	-3.250	-0.250	0.750	3.750	-2.400e+01	6.052e-10	-3.966e+10	-2.400e+01	-7.477e-10	3.210e+10	2.190e+01	-1.966e-09
28.481	-3.250	-0.500	1.000	3.750	-2.400e+01	5.890e-10	-4.075e+10	-2.400e+01	-7.639e-10	3.142e+10	2.190e+01	-1.966e-09
29.462	-3.250	-0.750	1.250	3.750	-2.400e+01	5.343e-10	-4.492e+10	-2.400e+01	-7.796e-10	3.078e+10	2.190e+01	-1.966e-09
30.381	-3.250	-1.000	1.500	3.750	-2.400e+01	5.480e-10	-4.379e+10	-2.400e+01	-7.896e-10	3.040e+10	2.190e+01	-1.966e-09
31.310	-3.250	-1.250	1.750	3.750	-2.400e+01	5.789e-10	-4.146e+10	-2.400e+01	-8.136e-10	2.950e+10	2.190e+01	-1.966e-09
32.273	-3.250	-1.500	2.000	3.750	-2.400e+01	5.737e-10	-4.183e+10	-2.400e+01	-8.035e-10	2.987e+10	2.190e+01	-1.966e-09
33.390	-3.250	-1.750	2.250	3.750	-2.400e+01	5.866e-10	-4.092e+10	-2.400e+01	-7.839e-10	3.062e+10	2.190e+01	-1.966e-09
34.310	-3.250	-2.000	2.500	3.750	-2.400e+01	5.449e-10	-4.405e+10	-2.400e+01	-7.470e-10	3.213e+10	2.190e+01	-1.966e-09
35.400	-3.250	-2.250	2.750	3.750	-2.400e+01	6.180e-10	-3.884e+10	-2.400e+01	-8.188e-10	2.931e+10	2.190e+01	-1.966e-09
36.320	-3.250	-2.500	3.000	3.750	-2.400e+01	5.973e-10	-4.018e+10	-2.400e+01	-7.614e-10	3.152e+10	2.190e+01	-1.966e-09
37.240	-3.250	-2.750	3.250	3.750	-2.400e+01	5.692e-10	-4.217e+10	-2.400e+01	-7.764e-10	3.091e+10	2.190e+01	-1.966e-09
38.160	-3.250	-3.000	3.500	3.750	-2.400e+01	5.705e-10	-4.207e+10	-2.400e+01	-8.239e-10	2.913e+10	2.190e+01	-1.966e-09
39.220	-3.250	-3.250	3.750	3.750	-2.400e+01	5.629e-10	-4.264e+10	-2.400e+01	-7.430e-10	3.230e+10	2.190e+01	-1.966e-09
40.140	-3.250	-3.500	4.000	3.750	-2.400e+01	5.908e-10	-4.062e+10	-2.400e+01	-7.583e-10	3.165e+10	2.190e+01	-1.966e-09
41.393	-3.250	-3.750	4.250	3.750	-2.400e+01	5.961e-10	-4.026e+10	-2.400e+01	-8.159e-10	2.942e+10	2.190e+01	-1.966e-09
42.310	-3.250	-4.000	4.500	3.750	-2.400e+01	5.701e-10	-4.210e+10	-2.400e+01	-7.864e-10	3.052e+10	2.190e+01	-1.966e-09
43.320	-3.250	-4.250	4.750	3.750	-2.400e+01	5.428e-10	-4.421e+10	-2.400e+01	-8.264e-10	2.904e+10	2.190e+01	-1.966e-09
44.240	-3.250	-4.500	5.000	3.750	-2.400e+01	5.747e-10	-4.176e+10	-2.400e+01	-7.847e-10	3.059e+10	2.190e+01	-1.966e-09
45.160	-3.250	-4.750	5.250	3.750	-2.400e+01	5.888e-10	-4.076e+10	-2.400e+01	-8.099e-10	2.963e+10	2.190e+01	-1.966e-09
46.201	-3.250	-5.000	5.500	3.750	-2.400e+01	6.310e-10	-3.804e+10	-2.400e+01	-7.829e-10	3.066e+10	2.190e+01	-1.966e-09
47.120	-3.250	-5.250	5.750	3.750	-2.400e+01	5.611e-10	-4.277e+10	-2.400e+01	-8.360e-10	2.871e+10	2.190e+01	-1.966e-09
48.033	-3.250	-5.500	6.000	3.750	-2.400e+01	5.597e-10	-4.288e+10	-2.400e+01	-7.937e-10	3.024e+10	2.190e+01	-1.966e-09
48.943	-3.250	-5.750	6.250	3.750	-2.400e+01	5.718e-10	-4.198e+10	-2.400e+01	-7.938e-10	3.023e+10	2.190e+01	-1.966e-09
1.021	-3.000	-5.750	6.250	3.500	-2.400e+01	5.635e-10	-4.259e+10	-2.400e+01	-8.049e-10	2.982e+10	2.190e+01	-1.966e-09
2.281	-3.000	-5.500	6.000	3.500	-2.400e+01	5.528e-10	-4.341e+10	-2.400e+01	-7.664e-10	3.131e+10	2.190e+01	-1.966e-09
3.171	-3.000	-5.250	5.750	3.500	-2.400e+01	5.752e-10	-4.172e+10	-2.400e+01	-8.383e-10	2.863e+10	2.190e+01	-1.966e-09
4.061	-3.000	-5.000	5.500	3.500	-2.400e+01	5.442e-10	-4.410e+10	-2.400e+01	-8.119e-10	2.956e+10	2.190e+01	-1.966e-09
5.011	-3.000	-4.750	5.250	3.500	-2.400e+01	5.797e-10	-4.140e+10	-2.400e+01	-8.261e-10	2.905e+10	2.190e+01	-1.966e-09
6.240	-3.000	-4.500	5.000	3.500	-2.400e+01	5.918e-10	-4.056e+10	-2.400e+01	-7.935e-10	3.025e+10	2.190e+01	-1.966e-09
7.131	-3.000	-4.250	4.750	3.500	-2.400e+01	5.606e-10	-4.281e+10	-2.400e+01	-7.623e-10	3.148e+10	2.190e+01	-1.966e-09
8.030	-3.000	-4.000	4.500	3.500	-2.400e+01	5.990e-10	-4.007e+10	-2.400e+01	-8.319e-10	2.885e+10	2.190e+01	-1.966e-09
8.984	-3.000	-3.750	4.250	3.500	-2.400e+01	5.228e-10	-4.591e+10	-2.400e+01	-8.111e-10	2.959e+10	2.190e+01	-1.966e-09
10.151	-3.000	-3.500	4.000	3.500	-2.400e+01	5.782e-10	-4.151e+10	-2.400e+01	-8.315e-10	2.886e+10	2.190e+01	-1.966e-09
11.051	-3.000	-3.250	3.750	3.500	-2.400e+01	5.920e-10	-4.054e+10	-2.400e+01	-7.822e-10	3.068e+10	2.190e+01	-1.966e-09
11.984	-3.000	-3.000	3.500	3.500	-2.400e+01	6.016e-10	-3.989e+10	-2.400e+01	-7.805e-10	3.075e+10	2.190e+01	-1.966e-09
12.893	-3.000	-2.750	3.250	3.500	-2.400e+01	5.780e-10	-4.153e+10	-2.400e+01	-7.788e-10	3.082e+10	2.190e+01	-1.966e-09
14.231	-3.000	-2.500	3.000	3.500	-2.400e+01	6.372e-10	-3.767e+10	-2.400e+01	-8.091e-10	2.966e+10	2.190e+01	-1.966e-09
15.141	-3.000	-2.250	2.750	3.500	-2.400e+01	5.854e-10	-4.099e+10	-2.400e+01	-8.295e-10	2.893e+10	2.190e+01	-1.966e-09
16.061	-3.000	-2.000	2.500	3.500	-2.400e+01	6.036e-10	-3.976e+10	-2.400e+01	-7.988e-10	3.004e+10	2.190e+01	-1.966e-09
17.051	-3.000	-1.750	2.250	3.500	-2.400e+01	5.746e-10	-4.177e+10	-2.400e+01	-8.011e-10	2.996e+10	2.190e+01	-1.966e-09
17.961	-3.000	-1.500	2.000	3.500	-2.400e+01	5.878e-10	-4.083e+10	-2.400e+01	-8.247e-10	2.910e+10	2.190e+01	-1.966e-09
19.221	-3.000	-1.250	1.750	3.500	-2.400e+01	6.059e-10	-3.961e+10	-2.400e+01	-8.116e-10	2.957e+10	2.190e+01	-1.965e-09
20.161	-3.000	-1.000	1.500	3.500	-2.400e+01	5.972e-10	-4.019e+10	-2.400e+01	-7.672e-10	3.128e+10	2.190e+01	-1.965e-09
21.055	-3.000	-0.750	1.250	3.500	-2.400e+01	6.146e-10	-3.905e+10	-2.400e+01	-7.625e-10	3.148e+10	2.190e+01	-1.965e-09
22.351	-3.000	-0.500	1.000	3.500	-2.400e+01	5.620e-10	-4.271e+10	-2.400e+01	-7.488e-10	3.205e+10	2.190e+01	-1.965e-09
23.271	-3.000	-0.250	0.750	3.500	-2.400e+01	6.159e-10	-3.897e+10	-2.400e+01	-7.950e-10	3.019e+10	2.190e+01	-1.965e-09
24.164	-3.000	0.000	0.500	3.500	-2.400e+01	5.717e-10	-4.198e+10	-2.400e+01	-7.953e-10	3.018e+10	2.190e+01	-1.965e-09
25.081	-3.000	0.250	0.250	3.500	-2.400e+01	5.884e-10	-4.079e+10	-2.400e+01	-8.194e-10	2.929e+10	2.190e+01	-1.966e-09
26.184	-3.000	0.500	-0.000	3.500	-2.400e+01	5.865e-10	-4.092e+10	-2.400e+01	-8.197e-10	2.928e+10	2.190e+01	-1.965e-09
27.095	-3.000	0.750	-0.250	3.500	-2.400e+01	5.742e-10	-4.180e+10	-2.400e+01	-8.234e-10	2.915e+10	2.190e+01	-1.965e-09
28.041	-3.000	1.000	-0.500	3.500	-2.400e+01	6.063e-10	-3.958e+10	-2.400e+01	-8.158e-10	2.942e+10	2.190e+01	-1.965e-09
29.504	-3.000	1.250	-0.750	3.500	-2.400e+01	5.823e-10	-4.121e+10	-2.400e+01	-8.193e-10	2.929e+10	2.190e+01	-1.965e-09
30.681	-3.000	1.500	-1.000	3.500	-2.400e+01	5.657e-10	-4.242e+10	-2.400e+01	-7.581e-10	3.166e+10	2.190e+01	-1.965e-09
31.601	-3.000	1.750	-1.250	3.500	-2.400e+01	5.753e-10	-4.172e+10	-2.400e+01	-7.834e-10	3.063e+10	2.190e+01	-1.965e-09
32.502	-3.000	2.000	-1.500	3.500	-2.400e+01	5.653e-10	-4.246e+10	-2.400e+01	-8.203e-10	2.926e+10	2.190e+01	-1.965e-09
33.421	-3.000	2.250	-1.750	3.500	-2.400e+01	5.543e-10	-4.330e+10	-2.400e+01	-8.009e-10	2.997e+10	2.190e+01	-1.965e-09
34.682	-3.000	2.500	-2.000	3.500	-2.400e+01	5.695e-10	-4.214e+10	-2.400e+01	-7.898e-10	3.039e+10	2.190e+01	-1.965e-09
35.595	-3.000	2.750	-2.250	3.500	-2.400e+01	5.735e-10	-4.185e+10	-2.400e+01	-7.849e-10	3.058e+10	2.190e+01	-1.965e-09
36.511	-3.000	3.000	-2.500	3.500	-2.400e+01	5.528e-10	-4.341e+10	-2.400e+01	-8.194e-10	2.929e+10	2.190e+01	-1.966e-09
38.074	-3.000	3.250	-2.750	3.500	-2.400e+01	5.511e-10	-4.355e+10	-2.400e+01	-7.533e-10	3.186e+10	2.190e+01	-1.966e-09
39.987	-3.000	3.500	-3.000	3.500	-2.400e+01	5.561e-10	-4.316e+10	-2.400e+01	-7.913e-10	3.033e+10	2.190e+01	-1.965e-09
40.903	-3.000	3.750	-3.250	3.500	-2.400e+01	5.755e-10	-4.170e+10	-2.400e+01	-8.420e-10	2.850e+10	2.190e+01	-1.965e-09
41.841	-3.000	4.000	-3.500	3.500	-2.400e+01	5.834e-10	-4.113e+10	-2.400e+01	-7.783e-10	3.084e+10	2.190e+01	-1.965e-09
42.742	-3.000	4.250	-3.750	3.500	-2.400e+01	6.041e-10	-3.973e+10	-2.400e+01	-8.028e-10	2.990e+10	2.190e+01	-1.966e-09
44.032	-3.000	4.500	-4.000	3.500	-2.400e+01	5.814e-10	-4.128e+10	-2.400e+01	-7.641e-10	3.141e+10	2.190e+01	-1.966e-09
44.951	-3.000	4.750	-4.250	3.500	-2.400e+01	5.309e-10	-4.521e+10	-2.400e+01	-7.584e-10	3.165e+10	2.190e+01	-1.965e-09
45.873	-3.000	5.000	-4.500	3.500	-2.400e+01	5.759e-10	-4.168e+10	-2.400e+01	-7.909e-10	3.035e+10	2.190e+01	-1.965e-09
46.812	-3.000	5.250	-4.750	3.500	-2.400e+01	5.562e-10	-4.315e+10	-2.400e+01	-7.460e-10	3.217e+10	2.190e+01	-1.965e-09
47.966	-3.000	5.500	-5.000	3.500	-2.400e+01	5.221e-10	-4.597e+10	-2.400e+01	-7.111e-10	3.375e+10	2.190e+01	-1.965e-09
48.897	-3.000	5.750	-5.250	3.500	-2.400e+01	5.608e-10	-4.280e+10	-2.400e+01	-8.173e-10	2.937e+10	2.190e+01	-1.965e-09
50.412	-3.000	6.000	-5.500	3.500	-2.400e+01	5.696e-10	-4.213e+10	-2.400e+01	-7.799e-10	3.077e+10	2.190e+01	-1.965e-09
51.325	-3.000	6.250	-5.750	3.500	-2.400e+01	5.743e-10	-4.179e+10	-2.400e+01	-8.074e-10	2.972e+10	2.190e+01	-1.965e-09
0.819	-2.750	6.250	-5.750	3.250	-2.400e+01	5.519e-10	-4.349e+10	-2.400e+01	-8.051e-10	2.981e+10	2.190e+01	-1.965e-09
1.816	-2.750	6.000	-5.500	3.250	-2.400e+01	5.374e-10	-4.466e+10	-2.400e+01	-7.940e-10	3.023e+10	2.190e+01	-1.965e-09
3.579	-2.750	5.750	-5.250	3.250	-2.400e+01	5.720e-10	-4.196e+10	-2.400e+01	-7.896e-10	3.040e+10	2.190e+01	-1.965e-09
4.465	-2.750	5.500	-5.000	3.250	-2.400e+01	5.861e-10	-4.095e+10	-2.400e+01	-7.465e-10	3.215e+10	2.190e+01	-1.965e-09
5.349	-2.750	5.250	-4.750	3.250	-2.400e+01	5.892e-10	-4.073e+10	-2.400e+01	-7.712e-10	3.112e+10	2.190e+01	-1.965e-09
6.245	-2.750	5.000	-4.500	3.250	-2.400e+01	5.494e-10	-4.368e+10	-2.400e+01	-7.532e-10	3.187e+10	2.190e+01	-1.965e-09
7.129	-2.750	4.750	-4.250	3.250	-2.400e+01	5.432e-10	-4.418e+10	-2.400e+01	-7.770e-10	3.089e+10	2.190e+01	-1.965e-09
8.006	-2.750	4.500	-4.000	3.250	-2.400e+01	5.680e-10	-4.226e+10	-2.400e+01	-8.036e-10	2.987e+10	2.190e+01	-1.965e-09
8.903	-2.750	4.250	-3.750	3.250	-2.400e+01	5.600e-10	-4.286e+10	-2.400e+01	-7.677e-10	3.126e+10	2.190e+01	-1.965e-09
9.809	-2.750	4.000	-3.500	3.250	-2.400e+01	5.761e-10	-4.166e+10	-2.400e+01	-7.936e-10	3.024e+10	2.190e+01	-1.965e-09
10.776	-2.750	3.750	-3.250	3.250	-2.400e+01	6.078e-10	-3.948e+10	-2.400e+01	-7.543e-10	3.182e+10	2.190e+01	-1.965e-09
11.697	-2.750	3.500	-3.000	3.250	-2.400e+01	5.855e-10	-4.099e+10	-2.400e+01	-7.923e-10	3.029e+10	2.190e+01	-1.965e-09
13.136	-2.750	3.250	-2.750	3.250	-2.400e+01	6.050e-10	-3.967e+10	-2.400e+01	-7.795e-10	3.079e+10	2.190e+01	-1.965e-09
14.677	-2.750	3.000	-2.500	3.250	-2.400e+01	5.632e-10	-4.261e+10	-2.400e+01	-7.327e-10	3.276e+10	2.190e+01	-1.965e-09
15.799	-2.750	2.750	-2.250	3.250	-2.400e+01	5.694e-10	-4.215e+10	-2.400e+01	-7.983e-10	3.006e+10	2.190e+01	-1.965e-09
16.697	-2.750	2.500	-2.000	3.250	-2.400e+01	5.698e-10	-4.212e+10	-2.400e+01	-7.849e-10	3.058e+10	2.190e+01	-1.965e-09
17.699	-2.750	2.250	-1.750	3.250	-2.400e+01	5.619e-10	-4.271e+10	-2.400e+01	-7.731e-10	3.104e+10	2.190e+01	-1.965e-09
18.638	-2.750	2.000	-1.500	3.250	-2.400e+01	5.622e-10	-4.269e+10	-2.400e+01	-8.115e-10	2.958e+10	2.190e+01	-1.965e-09
19.584	-2.750	1.750	-1.250	3.250	-2.400e+01	5.708e-10	-4.205e+10	-2.400e+01	-7.754e-10	3.095e+10	2.190e+01	-1.965e-09
20.486	-2.750	1.500	-1.000	3.250	-2.400e+01	5.434e-10	-4.417e+10	-2.400e+01	-8.007e-10	2.997e+10	2.190e+01	-1.965e-09
21.409	-2.750	1.250	-0.750	3.250	-2.400e+01	5.113e-10	-4.694e+10	-2.400e+01	-8.077e-10	2.971e+10	2.190e+01	-1.965e-09
22.896	-2.750	1.000	-0.500	3.250	-2.400e+01	5.715e-10	-4.200e+10	-2.400e+01	-8.165e-10	2.939e+10	2.190e+01	-1.965e-09
24.006	-2.750	0.750	-0.250	3.250	-2.400e+01	5.822e-10	-4.122e+10	-2.400e+01	-7.600e-10	3.158e+10	2.190e+01	-1.965e-09
24.936	-2.750	0.500	-0.000	3.250	-2.400e+01	5.751e-10	-4.173e+10	-2.400e+01	-8.213e-10	2.922e+10	2.190e+01	-1.965e-09
25.886	-2.750	0.250	0.250	3.250	-2.400e+01	5.235e-10	-4.584e+10	-2.400e+01	-7.983e-10	3.006e+10	2.190e+01	-1.965e-09
26.806	-2.750	0.000	0.500	3.250	-2.400e+01	6.118e-10	-3.923e+10	-2.400e+01	-8.295e-10	2.893e+10	2.190e+01	-1.965e-09
27.727	-2.750	-0.250	0.750	3.250	-2.400e+01	6.204e-10	-3.869e+10	-2.400e+01	-7.879e-10	3.046e+10	2.190e+01	-1.965e-09
28.666	-2.750	-0.500	1.000	3.250	-2.400e+01	6.077e-10	-3.949e+10	-2.400e+01	-7.918e-10	3.031e+10	2.190e+01	-1.965e-09
29.584	-2.750	-0.750	1.250	3.250	-2.400e+01	5.873e-10	-4.086e+10	-2.400e+01	-7.688e-10	3.122e+10	2.190e+01	-1.965e-09
30.490	-2.750	-1.000	1.500	3.250	-2.400e+01	5.858e-10	-4.097e+10	-2.400e+01	-7.709e-10	3.113e+10	2.190e+01	-1.965e-09
31.466	-2.750	-1.250	1.750	3.250	-2.400e+01	5.756e-10	-4.169e+10	-2.400e+01	-7.849e-10	3.058e+10	2.190e+01	-1.965e-09
32.436	-2.750	-1.500	2.000	3.250	-2.400e+01	5.302e-10	-4.527e+10	-2.400e+01	-8.098e-10	2.964e+10	2.190e+01	-1.965e-09
33.500	-2.750	-1.750	2.250	3.250	-2.400e+01	5.774e-10	-4.157e+10	-2.400e+01	-8.138e-10	2.949e+10	2.190e+01	-1.965e-09
34.426	-2.750	-2.000	2.500	3.250	-2.400e+01	5.647e-10	-4.250e+10	-2.400e+01	-7.469e-10	3.213e+10	2.190e+01	-1.965e-09
35.467	-2.750	-2.250	2.750	3.250	-2.400e+01	5.839e-10	-4.110e+10	-2.400e+01	-7.655e-10	3.135e+10	2.190e+01	-1.965e-09
36.386	-2.750	-2.500	3.000	3.250	-2.400e+01	6.004e-10	-3.998e+10	-2.400e+01	-7.934e-10	3.025e+10	2.190e+01	-1.965e-09
37.307	-2.750	-2.750	3.250	3.250	-2.400e+01	5.578e-10	-4.302e+10	-2.400e+01	-8.277e-10	2.900e+10	2.190e+01	-1.965e-09
38.236	-2.750	-3.000	3.500	3.250	-2.400e+01	5.646e-10	-4.251e+10	-2.400e+01	-7.733e-10	3.103e+10	2.190e+01	-1.965e-09
39.247	-2.750	-3.250	3.750	3.250	-2.400e+01	6.052e-10	-3.966e+10	-2.400e+01	-8.204e-10	2.925e+10	2.190e+01	-1.965e-09
40.166	-2.750	-3.500	4.000	3.250	-2.400e+01	5.965e-10	-4.024e+10	-2.400e+01	-7.748e-10	3.097e+10	2.190e+01	-1.965e-09
41.426	-2.750	-3.750	4.250	3.250	-2.400e+01	5.723e-10	-4.194e+10	-2.400e+01	-7.947e-10	3.020e+10	2.190e+01	-1.965e-09
42.347	-2.750	-4.000	4.500	3.250	-2.400e+01	6.196e-10	-3.874e+10	-2.400e+01	-8.079e-10	2.971e+10	2.190e+01	-1.965e-09
43.416	-2.750	-4.250	4.750	3.250	-2.400e+01	6.338e-10	-3.787e+10	-2.400e+01	-8.006e-10	2.998e+10	2.190e+01	-1.965e-09
44.321	-2.750	-4.500	5.000	3.250	-2.400e+01	5.740e-10	-4.181e+10	-2.400e+01	-7.790e-10	3.081e+10	2.190e+01	-1.965e-09
45.246	-2.750	-4.750	5.250	3.250	-2.400e+01	5.694e-10	-4.215e+10	-2.400e+01	-8.020e-10	2.993e+10	2.190e+01	-1.965e-09
46.300	-2.750	-5.000	5.500	3.250	-2.400e+01	5.916e-10	-4.057e+10	-2.400e+01	-8.033e-10	2.988e+10	2.190e+01	-1.965e-09
47.269	-2.750	-5.250	5.750	3.250	-2.400e+01	6.199e-10	-3.872e+10	-2.400e+01	-7.575e-10	3.168e+10	2.190e+01	-1.965e-09
48.196	-2.750	-5.500	6.000	3.250	-2.400e+01	5.867e-10	-4.091e+10	-2.400e+01	-8.011e-10	2.996e+10	2.190e+01	-1.965e-09
49.160	-2.750	-5.750	6.250	3.250	-2.400e+01	5.921e-10	-4.053e+10	-2.400e+01	-8.001e-10	2.999e+10	2.190e+01	-1.965e-09
0.824	-2.500	-5.750	6.250	3.000	-2.400e+01	5.714e-10	-4.200e+10	-2.400e+01	-7.801e-10	3.076e+10	2.190e+01	-1.965e-09
2.077	-2.500	-5.500	6.000	3.000	-2.400e+01	5.740e-10	-4.181e+10	-2.400e+01	-7.694e-10	3.119e+10	2.190e+01	-1.965e-09
2.943	-2.500	-5.250	5.750	3.000	-2.400e+01	5.978e-10	-4.015e+10	-2.400e+01	-7.982e-10	3.007e+10	2.190e+01	-1.965e-09
3.827	-2.500	-5.000	5.500	3.000	-2.400e+01	5.477e-10	-4.382e+10	-2.400e+01	-7.951e-10	3.018e+10	2.190e+01	-1.965e-09
4.806	-2.500	-4.750	5.250	3.000	-2.400e+01	5.940e-10	-4.040e+10	-2.400e+01	-7.932e-10	3.026e+10	2.190e+01	-1.965e-09
6.047	-2.500	-4.500	5.000	3.000	-2.400e+01	5.984e-10	-4.011e+10	-2.400e+01	-7.700e-10	3.117e+10	2.190e+01	-1.965e-09
6.936	-2.500	-4.250	4.750	3.000	-2.400e+01	5.775e-10	-4.156e+10	-2.400e+01	-7.710e-10	3.113e+10	2.190e+01	-1.965e-09
7.834	-2.500	-4.000	4.500	3.000	-2.400e+01	5.833e-10	-4.114e+10	-2.400e+01	-7.973e-10	3.010e+10	2.190e+01	-1.965e-09
8.728	-2.500	-3.750	4.250	3.000	-2.400e+01	6.317e-10	-3.799e+10	-2.400e+01	-7.979e-10	3.008e+10	2.190e+01	-1.965e-09
9.873	-2.500	-3.500	4.000	3.000	-2.400e+01	6.016e-10	-3.989e+10	-2.400e+01	-8.060e-10	2.978e+10	2.190e+01	-1.965e-09
10.755	-2.500	-3.250	3.750	3.000	-2.400e+01	5.991e-10	-4.006e+10	-2.400e+01	-7.949e-10	3.019e+10	2.190e+01	-1.965e-09
11.703	-2.500	-3.000	3.500	3.000	-2.400e+01	5.632e-10	-4.262e+10	-2.400e+01	-7.694e-10	3.119e+10	2.190e+01	-1.965e-09
12.604	-2.500	-2.750	3.250	3.000	-2.400e+01	5.961e-10	-4.026e+10	-2.400e+01	-8.009e-10	2.997e+10	2.190e+01	-1.965e-09
13.943	-2.500	-2.500	3.000	3.000	-2.400e+01	5.890e-10	-4.075e+10	-2.400e+01	-7.549e-10	3.179e+10	2.190e+01	-1.965e-09
14.854	-2.500	-2.250	2.750	3.000	-2.400e+01	5.761e-10	-4.166e+10	-2.400e+01	-8.140e-10	2.948e+10	2.190e+01	-1.965e-09
15.786	-2.500	-2.000	2.500	3.000	-2.400e+01	5.801e-10	-4.137e+10	-2.400e+01	-7.673e-10	3.128e+10	2.190e+01	-1.965e-09
16.803	-2.500	-1.750	2.250	3.000	-2.400e+01	5.554e-10	-4.321e+10	-2.400e+01	-7.980e-10	3.007e+10	2.190e+01	-1.965e-09
17.725	-2.500	-1.500	2.000	3.000	-2.400e+01	5.778e-10	-4.154e+10	-2.400e+01	-7.799e-10	3.077e+10	2.190e+01	-1.965e-09
18.965	-2.500	-1.250	1.750	3.000	-2.400e+01	5.425e-10	-4.424e+10	-2.400e+01	-7.908e-10	3.035e+10	2.190e+01	-1.965e-09
19.927	-2.500	-1.000	1.500	3.000	-2.400e+01	5.499e-10	-4.365e+10	-2.400e+01	-7.981e-10	3.007e+10	2.190e+01	-1.965e-09
20.844	-2.500	-0.750	1.250	3.000	-2.400e+01	5.459e-10	-4.396e+10	-2.400e+01	-8.089e-10	2.967e+10	2.190e+01	-1.965e-09
22.143	-2.500	-0.500	1.000	3.000	-2.400e+01	5.649e-10	-4.249e+10	-2.400e+01	-7.871e-10	3.049e+10	2.190e+01	-1.965e-09
23.064	-2.500	-0.250	0.750	3.000	-2.400e+01	5.925e-10	-4.051e+10	-2.400e+01	-7.717e-10	3.110e+10	2.190e+01	-1.965e-09
23.983	-2.500	0.000	0.500	3.000	-2.400e+01	5.776e-10	-4.155e+10	-2.400e+01	-7.612e-10	3.153e+10	2.190e+01	-1.965e-09
24.904	-2.500	0.250	0.250	3.000	-2.400e+01	5.948e-10	-4.035e+10	-2.400e+01	-7.905e-10	3.036e+10	2.190e+01	-1.965e-09
26.044	-2.500	0.500	-0.000	3.000	-2.400e+01	5.569e-10	-4.309e+10	-2.400e+01	-8.092e-10	2.966e+10	2.190e+01	-1.965e-09
27.017	-2.500	0.750	-0.250	3.000	-2.400e+01	5.957e-10	-4.029e+10	-2.400e+01	-7.903e-10	3.037e+10	2.190e+01	-1.965e-09
28.024	-2.500	1.000	-0.500	3.000	-2.400e+01	5.577e-10	-4.304e+10	-2.400e+01	-7.835e-10	3.063e+10	2.190e+01	-1.965e-09
29.514	-2.500	1.250	-0.750	3.000	-2.400e+01	5.473e-10	-4.386e+10	-2.400e+01	-7.908e-10	3.035e+10	2.190e+01	-1.965e-09
30.696	-2.500	1.500	-1.000	3.000	-2.400e+01	5.736e-10	-4.184e+10	-2.400e+01	-7.966e-10	3.013e+10	2.190e+01	-1.965e-09
31.644	-2.500	1.750	-1.250	3.000	-2.400e+01	5.239e-10	-4.581e+10	-2.400e+01	-7.840e-10	3.061e+10	2.190e+01	-1.965e-09
32.585	-2.500	2.000	-1.500	3.000	-2.400e+01	5.839e-10	-4.110e+10	-2.400e+01	-8.022e-10	2.992e+10	2.190e+01	-1.965e-09
33.514	-2.500	2.250	-1.750	3.000	-2.400e+01	5.720e-10	-4.196e+10	-2.400e+01	-7.362e-10	3.260e+10	2.190e+01	-1.965e-09
34.814	-2.500	2.500	-2.000	3.000	-2.400e+01	5.498e-10	-4.365e+10	-2.400e+01	-7.773e-10	3.088e+10	2.190e+01	-1.965e-09
35.736	-2.500	2.750	-2.250	3.000	-2.400e+01	6.024e-10	-3.984e+10	-2.400e+01	-8.143e-10	2.947e+10	2.190e+01	-1.965e-09
36.687	-2.500	3.000	-2.500	3.000	-2.400e+01	5.995e-10	-4.003e+10	-2.400e+01	-7.915e-10	3.032e+10	2.190e+01	-1.965e-09
38.224	-2.500	3.250	-2.750	3.000	-2.400e+01	5.970e-10	-4.020e+10	-2.400e+01	-7.555e-10	3.177e+10	2.190e+01	-1.965e-09
40.134	-2.500	3.500	-3.000	3.000	-2.400e+01	5.574e-10	-4.306e+10	-2.400e+01	-7.888e-10	3.043e+10	2.190e+01	-1.965e-09
41.048	-2.500	3.750	-3.250	3.000	-2.400e+01	5.511e-10	-4.355e+10	-2.400e+01	-8.061e-10	2.977e+10	2.190e+01	-1.965e-09
41.967	-2.500	4.000	-3.500	3.000	-2.400e+01	5.544e-10	-4.329e+10	-2.400e+01	-7.857e-10	3.054e+10	2.190e+01	-1.965e-09
42.894	-2.500	4.250	-3.750	3.000	-2.400e+01	5.857e-10	-4.098e+10	-2.400e+01	-8.190e-10	2.930e+10	2.190e+01	-1.965e-09
44.205	-2.500	4.500	-4.000	3.000	-2.400e+01	5.584e-10	-4.298e+10	-2.400e+01	-7.418e-10	3.235e+10	2.190e+01	-1.965e-09
45.124	-2.500	4.750	-4.250	3.000	-2.400e+01	6.161e-10	-3.895e+10	-2.400e+01	-7.593e-10	3.161e+10	2.190e+01	-1.965e-09
46.018	-2.500	5.000	-4.500	3.000	-2.400e+01	5.521e-10	-4.347e+10	-2.400e+01	-7.572e-10	3.170e+10	2.190e+01	-1.965e-09
46.944	-2.500	5.250	-4.750	3.000	-2.400e+01	6.194e-10	-3.875e+10	-2.400e+01	-8.105e-10	2.961e+10	2.190e+01	-1.965e-09
48.064	-2.500	5.500	-5.000	3.000	-2.400e+01	5.511e-10	-4.355e+10	-2.400e+01	-7.638e-10	3.142e+10	2.190e+01	-1.965e-09
48.985	-2.500	5.750	-5.250	3.000	-2.400e+01	5.124e-10	-4.684e+10	-2.400e+01	-7.858e-10	3.054e+10	2.190e+01	-1.965e-09
50.544	-2.500	6.000	-5.500	3.000	-2.400e+01	5.849e-10	-4.103e+10	-2.400e+01	-8.199e-10	2.927e+10	2.190e+01	-1.965e-09
51.465	-2.500	6.250	-5.750	3.000	-2.400e+01	6.315e-10	-3.800e+10	-2.400e+01	-7.550e-10	3.179e+10	2.190e+01	-1.965e-09
0.826	-2.250	6.250	-5.750	2.750	-2.400e+01	5.820e-10	-4.124e+10	-2.400e+01	-7.858e-10	3.054e+10	2.190e+01	-1.965e-09
1.875	-2.250	6.000	-5.500	2.750	-2.400e+01	5.744e-10	-4.178e+10	-2.400e+01	-7.504e-10	3.198e+10	2.190e+01	-1.965e-09
3.595	-2.250	5.750	-5.250	2.750	-2.400e+01	5.897e-10	-4.070e+10	-2.400e+01	-7.687e-10	3.122e+10	2.190e+01	-1.965e-09
4.487	-2.250	5.500	-5.000	2.750	-2.400e+01	5.884e-10	-4.079e+10	-2.400e+01	-7.501e-10	3.199e+10	2.190e+01	-1.965e-09
5.447	-2.250	5.250	-4.750	2.750	-2.400e+01	6.300e-10	-3.810e+10	-2.400e+01	-7.727e-10	3.106e+10	2.190e+01	-1.965e-09
6.364	-2.250	5.000	-4.500	2.750	-2.400e+01	5.848e-10	-4.104e+10	-2.400e+01	-7.976e-10	3.009e+10	2.190e+01	-1.965e-09
7.269	-2.250	4.750	-4.250	2.750	-2.400e+01	5.683e-10	-4.223e+10	-2.400e+01	-7.932e-10	3.026e+10	2.190e+01	-1.965e-09
8.185	-2.250	4.500	-4.000	2.750	-2.400e+01	5.905e-10	-4.065e+10	-2.400e+01	-7.722e-10	3.108e+10	2.190e+01	-1.965e-09
9.096	-2.250	4.250	-3.750	2.750	-2.400e+01	5.868e-10	-4.090e+10	-2.400e+01	-7.589e-10	3.162e+10	2.190e+01	-1.965e-09
9.995	-2.250	4.000	-3.500	2.750	-2.400e+01	6.544e-10	-3.668e+10	-2.400e+01	-7.916e-10	3.032e+10	2.190e+01	-1.965e-09
10.926	-2.250	3.750	-3.250	2.750	-2.400e+01	5.970e-10	-4.020e+10	-2.400e+01	-7.761e-10	3.092e+10	2.190e+01	-1.965e-09
11.828	-2.250	3.500	-3.000	2.750	-2.400e+01	5.935e-10	-4.044e+10	-2.400e+01	-7.457e-10	3.219e+10	2.190e+01	-1.965e-09
13.258	-2.250	3.250	-2.750	2.750	-2.400e+01	5.912e-10	-4.060e+10	-2.400e+01	-8.119e-10	2.956e+10	2.190e+01	-1.965e-09
14.806	-2.250	3.000	-2.500	2.750	-2.400e+01	5.846e-10	-4.105e+10	-2.400e+01	-7.759e-10	3.093e+10	2.190e+01	-1.965e-09
15.866	-2.250	2.750	-2.250	2.750	-2.400e+01	5.730e-10	-4.189e+10	-2.400e+01	-8.194e-10	2.929e+10	2.190e+01	-1.965e-09
16.785	-2.250	2.500	-2.000	2.750	-2.400e+01	5.300e-10	-4.528e+10	-2.400e+01	-7.957e-10	3.016e+10	2.190e+01	-1.965e-09
17.706	-2.250	2.250	-1.750	2.750	-2.400e+01	5.541e-10	-4.332e+10	-2.400e+01	-7.851e-10	3.057e+10	2.190e+01	-1.965e-09
18.625	-2.250	2.000	-1.500	2.750	-2.400e+01	5.839e-10	-4.110e+10	-2.400e+01	-7.774e-10	3.087e+10	2.190e+01	-1.965e-09
19.556	-2.250	1.750	-1.250	2.750	-2.400e+01	5.919e-10	-4.055e+10	-2.400e+01	-7.899e-10	3.038e+10	2.190e+01	-1.965e-09
20.480	-2.250	1.500	-1.000	2.750	-2.400e+01	6.026e-10	-3.983e+10	-2.400e+01	-7.943e-10	3.021e+10	2.190e+01	-1.965e-09
21.426	-2.250	1.250	-0.750	2.750	-2.400e+01	5.307e-10	-4.522e+10	-2.400e+01	-7.597e-10	3.159e+10	2.190e+01	-1.965e-09
22.876	-2.250	1.000	-0.500	2.750	-2.400e+01	5.404e-10	-4.441e+10	-2.400e+01	-7.656e-10	3.135e+10	2.190e+01	-1.965e-09
23.949	-2.250	0.750	-0.250	2.750	-2.400e+01	5.680e-10	-4.226e+10	-2.400e+01	-7.902e-10	3.037e+10	2.190e+01	-1.965e-09
24.866	-2.250	0.500	0.000	2.750	-2.400e+01	6.143e-10	-3.907e+10	-2.400e+01	-7.656e-10	3.135e+10	2.190e+01	-1.965e-09
25.809	-2.250	0.250	0.250	2.750	-2.400e+01	5.520e-10	-4.348e+10	-2.400e+01	-7.671e-10	3.129e+10	2.190e+01	-1.965e-09
26.726	-2.250	0.000	0.500	2.750	-2.400e+01	5.647e-10	-4.250e+10	-2.400e+01	-7.916e-10	3.032e+10	2.190e+01	-1.965e-09
27.646	-2.250	-0.250	0.750	2.750	-2.400e+01	5.579e-10	-4.302e+10	-2.400e+01	-7.693e-10	3.120e+10	2.190e+01	-1.965e-09
28.547	-2.250	-0.500	1.000	2.750	-2.400e+01	5.160e-10	-4.651e+10	-2.400e+01	-7.743e-10	3.100e+10	2.190e+01	-1.965e-09
29.477	-2.250	-0.750	1.250	2.750	-2.400e+01	5.663e-10	-4.238e+10	-2.400e+01	-7.526e-10	3.189e+10	2.190e+01	-1.965e-09
30.389	-2.250	-1.000	1.500	2.750	-2.400e+01	5.690e-10	-4.218e+10	-2.400e+01	-7.773e-10	3.087e+10	2.190e+01	-1.965e-09
31.480	-2.250	-1.250	1.750	2.750	-2.400e+01	5.893e-10	-4.073e+10	-2.400e+01	-7.792e-10	3.080e+10	2.190e+01	-1.965e-09
32.457	-2.250	-1.500	2.000	2.750	-2.400e+01	5.614e-10	-4.275e+10	-2.400e+01	-8.080e-10	2.970e+10	2.190e+01	-1.965e-09
33.529	-2.250	-1.750	2.250	2.750	-2.400e+01	5.754e-10	-4.171e+10	-2.400e+01	-8.046e-10	2.983e+10	2.190e+01	-1.965e-09
34.432	-2.250	-2.000	2.500	2.750	-2.400e+01	5.780e-10	-4.152e+10	-2.400e+01	-8.060e-10	2.978e+10	2.190e+01	-1.965e-09
35.534	-2.250	-2.250	2.750	2.750	-2.400e+01	5.794e-10	-4.142e+10	-2.400e+01	-7.570e-10	3.170e+10	2.190e+01	-1.965e-09
36.438	-2.250	-2.500	3.000	2.750	-2.400e+01	5.983e-10	-4.011e+10	-2.400e+01	-7.801e-10	3.077e+10	2.190e+01	-1.965e-09
37.391	-2.250	-2.750	3.250	2.750	-2.400e+01	5.657e-10	-4.242e+10	-2.400e+01	-7.342e-10	3.269e+10	2.190e+01	-1.965e-09
38.311	-2.250	-3.000	3.500	2.750	-2.400e+01	5.662e-10	-4.239e+10	-2.400e+01	-7.661e-10	3.133e+10	2.190e+01	-1.965e-09
39.405	-2.250	-3.250	3.750	2.750	-2.400e+01	5.269e-10	-4.555e+10	-2.400e+01	-7.870e-10	3.050e+10	2.190e+01	-1.965e-09
40.326	-2.250	-3.500	4.000	2.750	-2.400e+01	5.722e-10	-4.195e+10	-2.400e+01	-7.938e-10	3.023e+10	2.190e+01	-1.965e-09
41.510	-2.250	-3.750	4.250	2.750	-2.400e+01	5.704e-10	-4.207e+10	-2.400e+01	-7.912e-10	3.033e+10	2.190e+01	-1.965e-09
42.438	-2.250	-4.000	4.500	2.750	-2.400e+01	5.859e-10	-4.096e+10	-2.400e+01	-8.162e-10	2.940e+10	2.190e+01	-1.965e-09
43.427	-2.250	-4.250	4.750	2.750	-2.400e+01	6.189e-10	-3.878e+10	-2.400e+01	-7.706e-10	3.114e+10	2.190e+01	-1.965e-09
44.327	-2.250	-4.500	5.000	2.750	-2.400e+01	5.881e-10	-4.081e+10	-2.400e+01	-7.888e-10	3.043e+10	2.190e+01	-1.965e-09
45.246	-2.250	-4.750	5.250	2.750	-2.400e+01	5.556e-10	-4.320e+10	-2.400e+01	-7.998e-10	3.001e+10	2.190e+01	-1.965e-09
46.307	-2.250	-5.000	5.500	2.750	-2.400e+01	5.497e-10	-4.366e+10	-2.400e+01	-7.802e-10	3.076e+10	2.190e+01	-1.965e-09
47.229	-2.250	-5.250	5.750	2.750	-2.400e+01	5.555e-10	-4.320e+10	-2.400e+01	-7.615e-10	3.152e+10	2.190e+01	-1.965e-09
48.136	-2.250	-5.500	6.000	2.750	-2.400e+01	5.651e-10	-4.247e+10	-2.400e+01	-8.091e-10	2.966e+10	2.190e+01	-1.965e-09
49.086	-2.250	-5.750	6.250	2.750	-2.400e+01	5.379e-10	-4.462e+10	-2.400e+01	-7.371e-10	3.256e+10	2.190e+01	-1.965e-09
0.825	-2.000	-5.750	6.250	2.500	-2.400e+01	5.746e-10	-4.177e+10	-2.400e+01	-7.469e-10	3.213e+10	2.190e+01	-1.965e-09
2.065	-2.000	-5.500	6.000	2.500	-2.400e+01	5.574e-10	-4.306e+10	-2.400e+01	-8.012e-10	2.996e+10	2.190e+01	-1.965e-09
2.950	-2.000	-5.250	5.750	2.500	-2.400e+01	5.491e-10	-4.371e+10	-2.400e+01	-7.698e-10	3.118e+10	2.190e+01	-1.965e-09
3.834	-2.000	-5.000	5.500	2.500	-2.400e+01	5.439e-10	-4.413e+10	-2.400e+01	-7.882e-10	3.045e+10	2.190e+01	-1.965e-09
4.791	-2.000	-4.750	5.250	2.500	-2.400e+01	5.369e-10	-4.470e+10	-2.400e+01	-7.506e-10	3.197e+10	2.190e+01	-1.965e-09
6.014	-2.000	-4.500	5.000	2.500	-2.400e+01	5.524e-10	-4.345e+10	-2.400e+01	-7.555e-10	3.177e+10	2.190e+01	-1.965e-09
6.911	-2.000	-4.250	4.750	2.500	-2.400e+01	5.390e-10	-4.453e+10	-2.400e+01	-7.318e-10	3.280e+10	2.190e+01	-1.965e-09
7.811	-2.000	-4.000	4.500	2.500	-2.400e+01	5.881e-10	-4.081e+10	-2.400e+01	-7.741e-10	3.100e+10	2.190e+01	-1.965e-09
8.711	-2.000	-3.750	4.250	2.500	-2.400e+01	5.570e-10	-4.309e+10	-2.400e+01	-8.107e-10	2.960e+10	2.190e+01	-1.965e-09
9.861	-2.000	-3.500	4.000	2.500	-2.400e+01	5.181e-10	-4.632e+10	-2.400e+01	-7.568e-10	3.171e+10	2.190e+01	-1.965e-09
10.772	-2.000	-3.250	3.750	2.500	-2.400e+01	5.812e-10	-4.130e+10	-2.400e+01	-7.363e-10	3.259e+10	2.190e+01	-1.965e-09
11.664	-2.000	-3.000	3.500	2.500	-2.400e+01	5.410e-10	-4.436e+10	-2.400e+01	-7.334e-10	3.273e+10	2.190e+01	-1.965e-09
12.566	-2.000	-2.750	3.250	2.500	-2.400e+01	6.059e-10	-3.961e+10	-2.400e+01	-7.370e-10	3.257e+10	2.190e+01	-1.965e-09
13.931	-2.000	-2.500	3.000	2.500	-2.400e+01	5.181e-10	-4.632e+10	-2.400e+01	-7.730e-10	3.105e+10	2.190e+01	-1.965e-09
14.893	-2.000	-2.250	2.750	2.500	-2.400e+01	5.464e-10	-4.393e+10	-2.400e+01	-7.530e-10	3.187e+10	2.190e+01	-1.965e-09
15.801	-2.000	-2.000	2.500	2.500	-2.400e+01	5.285e-10	-4.541e+10	-2.400e+01	-7.197e-10	3.335e+10	2.190e+01	-1.965e-09
16.791	-2.000	-1.750	2.250	2.500	-2.400e+01	5.705e-10	-4.207e+10	-2.400e+01	-7.439e-10	3.226e+10	2.190e+01	-1.965e-09
17.711	-2.000	-1.500	2.000	2.500	-2.400e+01	6.025e-10	-3.983e+10	-2.400e+01	-7.903e-10	3.037e+10	2.190e+01	-1.965e-09
18.971	-2.000	-1.250	1.750	2.500	-2.400e+01	5.872e-10	-4.087e+10	-2.400e+01	-7.717e-10	3.110e+10	2.190e+01	-1.965e-09
19.905	-2.000	-1.000	1.500	2.500	-2.400e+01	5.191e-10	-4.623e+10	-2.400e+01	-7.715e-10	3.111e+10	2.190e+01	-1.965e-09
20.801	-2.000	-0.750	1.250	2.500	-2.400e+01	5.483e-10	-4.377e+10	-2.400e+01	-7.377e-10	3.254e+10	2.190e+01	-1.965e-09
22.054	-2.000	-0.500	1.000	2.500	-2.400e+01	5.440e-10	-4.411e+10	-2.400e+01	-7.584e-10	3.165e+10	2.190e+01	-1.965e-09
22.972	-2.000	-0.250	0.750	2.500	-2.400e+01	5.246e-10	-4.574e+10	-2.400e+01	-7.387e-10	3.249e+10	2.190e+01	-1.965e-09
23.875	-2.000	0.000	0.500	2.500	-2.400e+01	5.726e-10	-4.191e+10	-2.400e+01	-7.286e-10	3.294e+10	2.190e+01	-1.965e-09
24.796	-2.000	0.250	0.250	2.500	-2.400e+01	5.932e-10	-4.046e+10	-2.400e+01	-8.051e-10	2.981e+10	2.190e+01	-1.965e-09
25.911	-2.000	0.500	-0.000	2.500	-2.400e+01	5.224e-10	-4.594e+10	-2.400e+01	-7.682e-10	3.124e+10	2.190e+01	-1.965e-09
26.825	-2.000	0.750	-0.250	2.500	-2.400e+01	5.933e-10	-4.045e+10	-2.400e+01	-7.635e-10	3.143e+10	2.190e+01	-1.965e-09
27.781	-2.000	1.000	-0.500	2.500	-2.400e+01	5.808e-10	-4.132e+10	-2.400e+01	-7.453e-10	3.220e+10	2.190e+01	-1.965e-09
29.234	-2.000	1.250	-0.750	2.500	-2.400e+01	5.758e-10	-4.168e+10	-2.400e+01	-7.453e-10	3.220e+10	2.190e+01	-1.965e-09
30.395	-2.000	1.500	-1.000	2.500	-2.400e+01	5.749e-10	-4.174e+10	-2.400e+01	-7.943e-10	3.022e+10	2.190e+01	-1.965e-09
31.305	-2.000	1.750	-1.250	2.500	-2.400e+01	5.730e-10	-4.188e+10	-2.400e+01	-7.592e-10	3.161e+10	2.190e+01	-1.965e-09
32.222	-2.000	2.000	-1.500	2.500	-2.400e+01	5.804e-10	-4.135e+10	-2.400e+01	-7.857e-10	3.055e+10	2.190e+01	-1.965e-09
33.135	-2.000	2.250	-1.750	2.500	-2.400e+01	5.825e-10	-4.120e+10	-2.400e+01	-7.658e-10	3.134e+10	2.190e+01	-1.965e-09
34.395	-2.000	2.500	-2.000	2.500	-2.400e+01	5.423e-10	-4.425e+10	-2.400e+01	-7.644e-10	3.140e+10	2.190e+01	-1.965e-09
35.312	-2.000	2.750	-2.250	2.500	-2.400e+01	5.773e-10	-4.157e+10	-2.400e+01	-7.865e-10	3.051e+10	2.190e+01	-1.965e-09
36.244	-2.000	3.000	-2.500	2.500	-2.400e+01	5.454e-10	-4.401e+10	-2.400e+01	-7.819e-10	3.069e+10	2.190e+01	-1.965e-09
37.791	-2.000	3.250	-2.750	2.500	-2.400e+01	5.604e-10	-4.283e+10	-2.400e+01	-7.755e-10	3.095e+10	2.190e+01	-1.965e-09
39.681	-2.000	3.500	-3.000	2.500	-2.400e+01	5.491e-10	-4.370e+10	-2.400e+01	-7.420e-10	3.234e+10	2.190e+01	-1.965e-09
40.602	-2.000	3.750	-3.250	2.500	-2.400e+01	5.555e-10	-4.321e+10	-2.400e+01	-8.154e-10	2.943e+10	2.190e+01	-1.965e-09
41.523	-2.000	4.000	-3.500	2.500	-2.400e+01	5.457e-10	-4.398e+10	-2.400e+01	-7.525e-10	3.189e+10	2.190e+01	-1.965e-09
42.463	-2.000	4.250	-3.750	2.500	-2.400e+01	5.307e-10	-4.522e+10	-2.400e+01	-7.437e-10	3.227e+10	2.190e+01	-1.965e-09
43.796	-2.000	4.500	-4.000	2.500	-2.400e+01	5.582e-10	-4.300e+10	-2.400e+01	-7.243e-10	3.314e+10	2.190e+01	-1.965e-09
44.755	-2.000	4.750	-4.250	2.500	-2.400e+01	5.813e-10	-4.129e+10	-2.400e+01	-7.385e-10	3.250e+10	2.190e+01	-1.965e-09
45.686	-2.000	5.000	-4.500	2.500	-2.400e+01	5.943e-10	-4.039e+10	-2.400e+01	-7.823e-10	3.068e+10	2.190e+01	-1.965e-09
46.592	-2.000	5.250	-4.750	2.500	-2.400e+01	5.469e-10	-4.388e+10	-2.400e+01	-7.602e-10	3.157e+10	2.190e+01	-1.965e-09
47.735	-2.000	5.500	-5.000	2.500	-2.400e+01	5.692e-10	-4.216e+10	-2.400e+01	-7.653e-10	3.136e+10	2.190e+01	-1.965e-09
48.652	-2.000	5.750	-5.250	2.500	-2.400e+01	5.946e-10	-4.036e+10	-2.400e+01	-7.845e-10	3.059e+10	2.190e+01	-1.965e-09
50.232	-2.000	6.000	-5.500	2.500	-2.400e+01	5.750e-10	-4.174e+10	-2.400e+01	-7.467e-10	3.214e+10	2.190e+01	-1.965e-09
51.152	-2.000	6.250	-5.750	2.500	-2.400e+01	5.489e-10	-4.373e+10	-2.400e+01	-7.580e-10	3.166e+10	2.190e+01	-1.965e-09
1.338	-1.750	6.250	-5.750	2.250	-2.400e+01	5.506e-10	-4.359e+10	-2.400e+01	-7.313e-10	3.282e+10	2.190e+01	-1.965e-09
2.331	-1.750	6.000	-5.500	2.250	-2.400e+01	5.582e-10	-4.299e+10	-2.400e+01	-7.724e-10	3.107e+10	2.190e+01	-1.965e-09
4.058	-1.750	5.750	-5.250	2.250	-2.400e+01	5.844e-10	-4.107e+10	-2.400e+01	-8.015e-10	2.995e+10	2.190e+01	-1.965e-09
4.958	-1.750	5.500	-5.000	2.250	-2.400e+01	5.362e-10	-4.476e+10	-2.400e+01	-7.573e-10	3.169e+10	2.190e+01	-1.965e-09
5.848	-1.750	5.250	-4.750	2.250	-2.400e+01	5.922e-10	-4.053e+10	-2.400e+01	-7.643e-10	3.140e+10	2.190e+01	-1.965e-09
6.741	-1.750	5.000	-4.500	2.250	-2.400e+01	5.461e-10	-4.395e+10	-2.400e+01	-7.670e-10	3.129e+10	2.190e+01	-1.965e-09
7.632	-1.750	4.750	-4.250	2.250	-2.400e+01	5.060e-10	-4.743e+10	-2.400e+01	-7.648e-10	3.138e+10	2.190e+01	-1.965e-09
8.508	-1.750	4.500	-4.000	2.250	-2.400e+01	5.369e-10	-4.470e+10	-2.400e+01	-7.592e-10	3.161e+10	2.190e+01	-1.965e-09
9.408	-1.750	4.250	-3.750	2.250	-2.400e+01	5.657e-10	-4.242e+10	-2.400e+01	-7.842e-10	3.060e+10	2.190e+01	-1.965e-09
10.308	-1.750	4.000	-3.500	2.250	-2.400e+01	5.424e-10	-4.425e+10	-2.400e+01	-7.786e-10	3.082e+10	2.190e+01	-1.965e-09
11.259	-1.750	3.750	-3.250	2.250	-2.400e+01	6.260e-10	-3.834e+10	-2.400e+01	-7.599e-10	3.158e+10	2.190e+01	-1.965e-09
12.168	-1.750	3.500	-3.000	2.250	-2.400e+01	5.275e-10	-4.549e+10	-2.400e+01	-7.230e-10	3.320e+10	2.190e+01	-1.965e-09
13.608	-1.750	3.250	-2.750	2.250	-2.400e+01	5.890e-10	-4.075e+10	-2.400e+01	-7.693e-10	3.120e+10	2.190e+01	-1.965e-09
15.158	-1.750	3.000	-2.500	2.250	-2.400e+01	5.659e-10	-4.241e+10	-2.400e+01	-8.210e-10	2.923e+10	2.190e+01	-1.965e-09
16.161	-1.750	2.750	-2.250	2.250	-2.400e+01	5.654e-10	-4.245e+10	-2.400e+01	-7.861e-10	3.053e+10	2.190e+01	-1.965e-09
17.078	-1.750	2.500	-2.000	2.250	-2.400e+01	5.230e-10	-4.589e+10	-2.400e+01	-7.306e-10	3.285e+10	2.190e+01	-1.965e-09
17.998	-1.750	2.250	-1.750	2.250	-2.400e+01	5.623e-10	-4.268e+10	-2.400e+01	-7.531e-10	3.187e+10	2.190e+01	-1.965e-09
18.918	-1.750	2.000	-1.500	2.250	-2.400e+01	6.166e-10	-3.892e+10	-2.400e+01	-8.039e-10	2.985e+10	2.190e+01	-1.965e-09
19.819	-1.750	1.750	-1.250	2.250	-2.400e+01	5.400e-10	-4.444e+10	-2.400e+01	-7.615e-10	3.152e+10	2.190e+01	-1.965e-09
20.758	-1.750	1.500	-1.000	2.250	-2.400e+01	5.497e-10	-4.366e+10	-2.400e+01	-7.559e-10	3.175e+10	2.190e+01	-1.965e-09
21.682	-1.750	1.250	-0.750	2.250	-2.400e+01	5.551e-10	-4.324e+10	-2.400e+01	-7.334e-10	3.272e+10	2.190e+01	-1.965e-09
23.234	-1.750	1.000	-0.500	2.250	-2.400e+01	5.592e-10	-4.292e+10	-2.400e+01	-7.479e-10	3.209e+10	2.190e+01	-1.965e-09
24.298	-1.750	0.750	-0.250	2.250	-2.400e+01	5.771e-10	-4.158e+10	-2.400e+01	-7.801e-10	3.077e+10	2.190e+01	-1.965e-09
25.229	-1.750	0.500	0.000	2.250	-2.400e+01	5.488e-10	-4.374e+10	-2.400e+01	-7.662e-10	3.132e+10	2.190e+01	-1.965e-09
26.162	-1.750	0.250	0.250	2.250	-2.400e+01	5.457e-10	-4.398e+10	-2.400e+01	-7.587e-10	3.163e+10	2.190e+01	-1.965e-09
27.082	-1.750	0.000	0.500	2.250	-2.400e+01	5.676e-10	-4.228e+10	-2.400e+01	-7.571e-10	3.170e+10	2.190e+01	-1.965e-09
28.008	-1.750	-0.250	0.750	2.250	-2.400e+01	5.722e-10	-4.194e+10	-2.400e+01	-7.407e-10	3.240e+10	2.190e+01	-1.965e-09
28.943	-1.750	-0.500	1.000	2.250	-2.400e+01	5.674e-10	-4.230e+10	-2.400e+01	-7.069e-10	3.395e+10	2.190e+01	-1.965e-09
29.872	-1.750	-0.750	1.250	2.250	-2.400e+01	5.084e-10	-4.721e+10	-2.400e+01	-7.300e-10	3.288e+10	2.190e+01	-1.965e-09
30.798	-1.750	-1.000	1.500	2.250	-2.400e+01	5.563e-10	-4.314e+10	-2.400e+01	-7.198e-10	3.334e+10	2.190e+01	-1.965e-09
31.869	-1.750	-1.250	1.750	2.250	-2.400e+01	5.596e-10	-4.289e+10	-2.400e+01	-7.304e-10	3.286e+10	2.190e+01	-1.965e-09
32.861	-1.750	-1.500	2.000	2.250	-2.400e+01	5.345e-10	-4.490e+10	-2.400e+01	-7.344e-10	3.268e+10	2.190e+01	-1.965e-09
34.012	-1.750	-1.750	2.250	2.250	-2.400e+01	5.358e-10	-4.479e+10	-2.400e+01	-7.447e-10	3.223e+10	2.190e+01	-1.965e-09
34.940	-1.750	-2.000	2.500	2.250	-2.400e+01	5.770e-10	-4.159e+10	-2.400e+01	-7.186e-10	3.340e+10	2.190e+01	-1.965e-09
35.978	-1.750	-2.250	2.750	2.250	-2.400e+01	5.663e-10	-4.238e+10	-2.400e+01	-7.247e-10	3.312e+10	2.190e+01	-1.965e-09
36.909	-1.750	-2.500	3.000	2.250	-2.400e+01	5.417e-10	-4.431e+10	-2.400e+01	-7.384e-10	3.250e+10	2.190e+01	-1.965e-09
37.838	-1.750	-2.750	3.250	2.250	-2.400e+01	5.324e-10	-4.508e+10	-2.400e+01	-7.703e-10	3.115e+10	2.190e+01	-1.965e-09
38.769	-1.750	-3.000	3.500	2.250	-2.400e+01	5.924e-10	-4.051e+10	-2.400e+01	-7.479e-10	3.209e+10	2.190e+01	-1.965e-09
39.908	-1.750	-3.250	3.750	2.250	-2.400e+01	5.776e-10	-4.155e+10	-2.400e+01	-7.583e-10	3.165e+10	2.190e+01	-1.965e-09
40.822	-1.750	-3.500	4.000	2.250	-2.400e+01	5.658e-10	-4.242e+10	-2.400e+01	-7.567e-10	3.172e+10	2.190e+01	-1.965e-09
42.059	-1.750	-3.750	4.250	2.250	-2.400e+01	6.013e-10	-3.992e+10	-2.400e+01	-7.478e-10	3.210e+10	2.190e+01	-1.965e-09
42.972	-1.750	-4.000	4.500	2.250	-2.400e+01	6.119e-10	-3.922e+10	-2.400e+01	-7.430e-10	3.230e+10	2.190e+01	-1.965e-09
43.969	-1.750	-4.250	4.750	2.250	-2.400e+01	5.600e-10	-4.286e+10	-2.400e+01	-7.531e-10	3.187e+10	2.190e+01	-1.965e-09
44.881	-1.750	-4.500	5.000	2.250	-2.400e+01	5.285e-10	-4.542e+10	-2.400e+01	-7.507e-10	3.197e+10	2.190e+01	-1.965e-09
45.852	-1.750	-4.750	5.250	2.250	-2.400e+01	5.954e-10	-4.031e+10	-2.400e+01	-7.583e-10	3.165e+10	2.190e+01	-1.965e-09
46.950	-1.750	-5.000	5.500	2.250	-2.400e+01	5.626e-10	-4.266e+10	-2.400e+01	-7.734e-10	3.103e+10	2.190e+01	-1.965e-09
47.860	-1.750	-5.250	5.750	2.250	-2.400e+01	5.532e-10	-4.339e+10	-2.400e+01	-7.858e-10	3.054e+10	2.190e+01	-1.965e-09
48.789	-1.750	-5.500	6.000	2.250	-2.400e+01	5.910e-10	-4.061e+10	-2.400e+01	-7.631e-10	3.145e+10	2.190e+01	-1.965e-09
49.739	-1.750	-5.750	6.250	2.250	-2.400e+01	5.525e-10	-4.344e+10	-2.400e+01	-7.289e-10	3.293e+10	2.190e+01	-1.965e-09
0.824	-1.500	-5.750	6.250	2.000	-2.400e+01	6.057e-10	-3.962e+10	-2.400e+01	-7.452e-10	3.221e+10	2.190e+01	-1.965e-09
2.138	-1.500	-5.500	6.000	2.000	-2.400e+01	5.739e-10	-4.182e+10	-2.400e+01	-7.354e-10	3.264e+10	2.190e+01	-1.965e-09
3.034	-1.500	-5.250	5.750	2.000	-2.400e+01	5.999e-10	-4.000e+10	-2.400e+01	-7.476e-10	3.210e+10	2.190e+01	-1.965e-09
3.928	-1.500	-5.000	5.500	2.000	-2.400e+01	4.912e-10	-4.886e+10	-2.400e+01	-7.441e-10	3.225e+10	2.190e+01	-1.965e-09
4.930	-1.500	-4.750	5.250	2.000	-2.400e+01	4.988e-10	-4.811e+10	-2.400e+01	-7.416e-10	3.236e+10	2.190e+01	-1.965e-09
6.145	-1.500	-4.500	5.000	2.000	-2.400e+01	5.733e-10	-4.186e+10	-2.400e+01	-8.076e-10	2.972e+10	2.190e+01	-1.965e-09
7.044	-1.500	-4.250	4.750	2.000	-2.400e+01	5.557e-10	-4.319e+10	-2.400e+01	-7.954e-10	3.017e+10	2.190e+01	-1.965e-09
7.956	-1.500	-4.000	4.500	2.000	-2.400e+01	5.407e-10	-4.439e+10	-2.400e+01	-7.404e-10	3.242e+10	2.190e+01	-1.965e-09
8.834	-1.500	-3.750	4.250	2.000	-2.400e+01	6.038e-10	-3.975e+10	-2.400e+01	-7.900e-10	3.038e+10	2.190e+01	-1.965e-09
9.986	-1.500	-3.500	4.000	2.000	-2.400e+01	5.220e-10	-4.598e+10	-2.400e+01	-7.461e-10	3.217e+10	2.190e+01	-1.965e-09
10.913	-1.500	-3.250	3.750	2.000	-2.400e+01	5.536e-10	-4.335e+10	-2.400e+01	-7.290e-10	3.292e+10	2.190e+01	-1.965e-09
11.903	-1.500	-3.000	3.500	2.000	-2.400e+01	5.344e-10	-4.491e+10	-2.400e+01	-8.028e-10	2.989e+10	2.190e+01	-1.965e-09
12.822	-1.500	-2.750	3.250	2.000	-2.400e+01	5.696e-10	-4.213e+10	-2.400e+01	-7.943e-10	3.021e+10	2.190e+01	-1.965e-09
14.164	-1.500	-2.500	3.000	2.000	-2.400e+01	5.554e-10	-4.321e+10	-2.400e+01	-7.792e-10	3.080e+10	2.190e+01	-1.965e-09
15.084	-1.500	-2.250	2.750	2.000	-2.400e+01	5.448e-10	-4.405e+10	-2.400e+01	-7.351e-10	3.265e+10	2.190e+01	-1.965e-09
16.005	-1.500	-2.000	2.500	2.000	-2.400e+01	5.167e-10	-4.645e+10	-2.400e+01	-7.477e-10	3.210e+10	2.190e+01	-1.965e-09
17.065	-1.500	-1.750	2.250	2.000	-2.400e+01	5.744e-10	-4.179e+10	-2.400e+01	-7.522e-10	3.191e+10	2.190e+01	-1.965e-09
17.985	-1.500	-1.500	2.000	2.000	-2.400e+01	5.223e-10	-4.595e+10	-2.400e+01	-7.251e-10	3.310e+10	2.190e+01	-1.965e-09
19.245	-1.500	-1.250	1.750	2.000	-2.400e+01	5.352e-10	-4.485e+10	-2.400e+01	-7.927e-10	3.028e+10	2.190e+01	-1.965e-09
20.185	-1.500	-1.000	1.500	2.000	-2.400e+01	5.541e-10	-4.332e+10	-2.400e+01	-7.849e-10	3.058e+10	2.190e+01	-1.965e-09
21.114	-1.500	-0.750	1.250	2.000	-2.400e+01	6.079e-10	-3.948e+10	-2.400e+01	-7.534e-10	3.185e+10	2.190e+01	-1.965e-09
22.394	-1.500	-0.500	1.000	2.000	-2.400e+01	5.296e-10	-4.532e+10	-2.400e+01	-7.270e-10	3.301e+10	2.190e+01	-1.965e-09
23.304	-1.500	-0.250	0.750	2.000	-2.400e+01	5.621e-10	-4.270e+10	-2.400e+01	-7.686e-10	3.123e+10	2.190e+01	-1.965e-09
24.224	-1.500	0.000	0.500	2.000	-2.400e+01	5.551e-10	-4.323e+10	-2.400e+01	-7.337e-10	3.271e+10	2.190e+01	-1.965e-09
25.138	-1.500	0.250	0.250	2.000	-2.400e+01	5.507e-10	-4.358e+10	-2.400e+01	-7.772e-10	3.088e+10	2.190e+01	-1.965e-09
26.254	-1.500	0.500	-0.000	2.000	-2.400e+01	5.974e-10	-4.017e+10	-2.400e+01	-7.649e-10	3.138e+10	2.190e+01	-1.965e-09
27.185	-1.500	0.750	-0.250	2.000	-2.400e+01	5.649e-10	-4.248e+10	-2.400e+01	-7.584e-10	3.165e+10	2.190e+01	-1.965e-09
28.097	-1.500	1.000	-0.500	2.000	-2.400e+01	5.676e-10	-4.228e+10	-2.400e+01	-7.896e-10	3.039e+10	2.190e+01	-1.965e-09
29.637	-1.500	1.250	-0.750	2.000	-2.400e+01	5.399e-10	-4.445e+10	-2.400e+01	-7.937e-10	3.024e+10	2.190e+01	-1.965e-09
30.864	-1.500	1.500	-1.000	2.000	-2.400e+01	6.049e-10	-3.968e+10	-2.400e+01	-7.818e-10	3.070e+10	2.190e+01	-1.965e-09
31.806	-1.500	1.750	-1.250	2.000	-2.400e+01	5.752e-10	-4.172e+10	-2.400e+01	-7.418e-10	3.235e+10	2.190e+01	-1.965e-09
32.816	-1.500	2.000	-1.500	2.000	-2.400e+01	5.680e-10	-4.226e+10	-2.400e+01	-7.655e-10	3.135e+10	2.190e+01	-1.965e-09
33.735	-1.500	2.250	-1.750	2.000	-2.400e+01	5.699e-10	-4.211e+10	-2.400e+01	-8.427e-10	2.848e+10	2.190e+01	-1.965e-09
35.006	-1.500	2.500	-2.000	2.000	-2.400e+01	6.029e-10	-3.981e+10	-2.400e+01	-7.847e-10	3.059e+10	2.190e+01	-1.965e-09
35.936	-1.500	2.750	-2.250	2.000	-2.400e+01	5.766e-10	-4.162e+10	-2.400e+01	-7.946e-10	3.021e+10	2.190e+01	-1.965e-09
36.857	-1.500	3.000	-2.500	2.000	-2.400e+01	5.628e-10	-4.264e+10	-2.400e+01	-7.994e-10	3.002e+10	2.190e+01	-1.965e-09
38.418	-1.500	3.250	-2.750	2.000	-2.400e+01	5.557e-10	-4.319e+10	-2.400e+01	-7.903e-10	3.037e+10	2.190e+01	-1.965e-09
40.288	-1.500	3.500	-3.000	2.000	-2.400e+01	5.516e-10	-4.351e+10	-2.400e+01	-7.837e-10	3.062e+10	2.190e+01	-1.965e-09
41.208	-1.500	3.750	-3.250	2.000	-2.400e+01	5.560e-10	-4.316e+10	-2.400e+01	-7.992e-10	3.003e+10	2.190e+01	-1.965e-09
42.128	-1.500	4.000	-3.500	2.000	-2.400e+01	5.785e-10	-4.149e+10	-2.400e+01	-7.915e-10	3.032e+10	2.190e+01	-1.965e-09
43.056	-1.500	4.250	-3.750	2.000	-2.400e+01	6.256e-10	-3.836e+10	-2.400e+01	-8.031e-10	2.988e+10	2.190e+01	-1.965e-09
44.345	-1.500	4.500	-4.000	2.000	-2.400e+01	6.027e-10	-3.982e+10	-2.400e+01	-7.320e-10	3.279e+10	2.190e+01	-1.965e-09
45.255	-1.500	4.750	-4.250	2.000	-2.400e+01	5.687e-10	-4.220e+10	-2.400e+01	-7.552e-10	3.178e+10	2.190e+01	-1.965e-09
46.178	-1.500	5.000	-4.500	2.000	-2.400e+01	5.734e-10	-4.186e+10	-2.400e+01	-7.555e-10	3.177e+10	2.190e+01	-1.965e-09
47.085	-1.500	5.250	-4.750	2.000	-2.400e+01	5.978e-10	-4.015e+10	-2.400e+01	-7.683e-10	3.124e+10	2.190e+01	-1.965e-09
48.195	-1.500	5.500	-5.000	2.000	-2.400e+01	5.824e-10	-4.121e+10	-2.400e+01	-7.753e-10	3.095e+10	2.190e+01	-1.965e-09
49.098	-1.500	5.750	-5.250	2.000	-2.400e+01	5.692e-10	-4.217e+10	-2.400e+01	-7.736e-10	3.102e+10	2.190e+01	-1.965e-09
50.675	-1.500	6.000	-5.500	2.000	-2.400e+01	5.357e-10	-4.480e+10	-2.400e+01	-7.662e-10	3.132e+10	2.190e+01	-1.965e-09
51.605	-1.500	6.250	-5.750	2.000	-2.400e+01	5.428e-10	-4.422e+10	-2.400e+01	-7.734e-10	3.103e+10	2.190e+01	-1.965e-09
0.908	-1.250	6.250	-5.750	1.750	-2.400e+01	5.480e-10	-4.379e+10	-2.400e+01	-7.870e-10	3.050e+10	2.190e+01	-1.965e-09
1.907	-1.250	6.000	-5.500	1.750	-2.400e+01	5.689e-10	-4.219e+10	-2.400e+01	-7.692e-10	3.120e+10	2.190e+01	-1.965e-09
3.636	-1.250	5.750	-5.250	1.750	-2.400e+01	5.931e-10	-4.046e+10	-2.400e+01	-7.787e-10	3.082e+10	2.190e+01	-1.965e-09
4.530	-1.250	5.500	-5.000	1.750	-2.400e+01	5.705e-10	-4.207e+10	-2.400e+01	-7.713e-10	3.112e+10	2.190e+01	-1.965e-09
5.447	-1.250	5.250	-4.750	1.750	-2.400e+01	5.916e-10	-4.056e+10	-2.400e+01	-7.892e-10	3.041e+10	2.190e+01	-1.965e-09
6.357	-1.250	5.000	-4.500	1.750	-2.400e+01	5.730e-10	-4.188e+10	-2.400e+01	-7.904e-10	3.036e+10	2.190e+01	-1.965e-09
7.256	-1.250	4.750	-4.250	1.750	-2.400e+01	5.507e-10	-4.358e+10	-2.400e+01	-7.798e-10	3.078e+10	2.190e+01	-1.965e-09
8.155	-1.250	4.500	-4.000	1.750	-2.400e+01	6.078e-10	-3.948e+10	-2.400e+01	-7.691e-10	3.121e+10	2.190e+01	-1.965e-09
9.056	-1.250	4.250	-3.750	1.750	-2.400e+01	5.665e-10	-4.236e+10	-2.400e+01	-7.846e-10	3.059e+10	2.190e+01	-1.965e-09
10.018	-1.250	4.000	-3.500	1.750	-2.400e+01	5.259e-10	-4.563e+10	-2.400e+01	-7.562e-10	3.174e+10	2.190e+01	-1.965e-09
10.926	-1.250	3.750	-3.250	1.750	-2.400e+01	5.651e-10	-4.247e+10	-2.400e+01	-7.465e-10	3.215e+10	2.190e+01	-1.965e-09
11.846	-1.250	3.500	-3.000	1.750	-2.400e+01	5.929e-10	-4.048e+10	-2.400e+01	-7.691e-10	3.121e+10	2.190e+01	-1.965e-09
13.269	-1.250	3.250	-2.750	1.750	-2.400e+01	5.967e-10	-4.022e+10	-2.400e+01	-7.546e-10	3.180e+10	2.190e+01	-1.965e-09
14.865	-1.250	3.000	-2.500	1.750	-2.400e+01	5.767e-10	-4.161e+10	-2.400e+01	-7.475e-10	3.211e+10	2.190e+01	-1.965e-09
15.836	-1.250	2.750	-2.250	1.750	-2.400e+01	5.279e-10	-4.546e+10	-2.400e+01	-7.537e-10	3.184e+10	2.190e+01	-1.965e-09
16.756	-1.250	2.500	-2.000	1.750	-2.400e+01	5.871e-10	-4.088e+10	-2.400e+01	-7.659e-10	3.134e+10	2.190e+01	-1.965e-09
17.676	-1.250	2.250	-1.750	1.750	-2.400e+01	5.182e-10	-4.632e+10	-2.400e+01	-7.521e-10	3.191e+10	2.190e+01	-1.965e-09
18.606	-1.250	2.000	-1.500	1.750	-2.400e+01	5.630e-10	-4.263e+10	-2.400e+01	-7.447e-10	3.223e+10	2.190e+01	-1.965e-09
19.538	-1.250	1.750	-1.250	1.750	-2.400e+01	5.508e-10	-4.357e+10	-2.400e+01	-7.207e-10	3.330e+10	2.190e+01	-1.965e-09
20.485	-1.250	1.500	-1.000	1.750	-2.400e+01	5.767e-10	-4.161e+10	-2.400e+01	-7.500e-10	3.200e+10	2.190e+01	-1.965e-09
21.426	-1.250	1.250	-0.750	1.750	-2.400e+01	5.449e-10	-4.405e+10	-2.400e+01	-7.695e-10	3.119e+10	2.190e+01	-1.965e-09
22.906	-1.250	1.000	-0.500	1.750	-2.400e+01	5.726e-10	-4.192e+10	-2.400e+01	-7.538e-10	3.184e+10	2.190e+01	-1.965e-09
23.956	-1.250	0.750	-0.250	1.750	-2.400e+01	5.540e-10	-4.332e+10	-2.400e+01	-7.292e-10	3.291e+10	2.190e+01	-1.965e-09
24.876	-1.250	0.500	0.000	1.750	-2.400e+01	5.828e-10	-4.118e+10	-2.400e+01	-7.525e-10	3.189e+10	2.190e+01	-1.965e-09
25.806	-1.250	0.250	0.250	1.750	-2.400e+01	5.236e-10	-4.583e+10	-2.400e+01	-7.606e-10	3.155e+10	2.190e+01	-1.965e-09
26.730	-1.250	0.000	0.500	1.750	-2.400e+01	5.449e-10	-4.404e+10	-2.400e+01	-7.641e-10	3.141e+10	2.190e+01	-1.965e-09
27.666	-1.250	-0.250	0.750	1.750	-2.400e+01	5.292e-10	-4.535e+10	-2.400e+01	-7.938e-10	3.023e+10	2.190e+01	-1.965e-09
28.590	-1.250	-0.500	1.000	1.750	-2.400e+01	5.577e-10	-4.303e+10	-2.400e+01	-7.918e-10	3.031e+10	2.190e+01	-1.965e-09
29.517	-1.250	-0.750	1.250	1.750	-2.400e+01	5.179e-10	-4.634e+10	-2.400e+01	-7.673e-10	3.128e+10	2.190e+01	-1.965e-09
30.466	-1.250	-1.000	1.500	1.750	-2.400e+01	5.743e-10	-4.179e+10	-2.400e+01	-7.477e-10	3.210e+10	2.190e+01	-1.965e-09
31.466	-1.250	-1.250	1.750	1.750	-2.400e+01	5.343e-10	-4.492e+10	-2.400e+01	-7.732e-10	3.104e+10	2.190e+01	-1.965e-09
32.459	-1.250	-1.500	2.000	1.750	-2.400e+01	6.049e-10	-3.968e+10	-2.400e+01	-7.725e-10	3.107e+10	2.190e+01	-1.965e-09
33.576	-1.250	-1.750	2.250	1.750	-2.400e+01	5.706e-10	-4.206e+10	-2.400e+01	-7.919e-10	3.031e+10	2.190e+01	-1.965e-09
34.507	-1.250	-2.000	2.500	1.750	-2.400e+01	6.130e-10	-3.915e+10	-2.400e+01	-7.858e-10	3.054e+10	2.190e+01	-1.965e-09
35.571	-1.250	-2.250	2.750	1.750	-2.400e+01	5.775e-10	-4.156e+10	-2.400e+01	-7.428e-10	3.231e+10	2.190e+01	-1.965e-09
36.502	-1.250	-2.500	3.000	1.750	-2.400e+01	5.502e-10	-4.362e+10	-2.400e+01	-7.765e-10	3.091e+10	2.190e+01	-1.965e-09
37.449	-1.250	-2.750	3.250	1.750	-2.400e+01	5.809e-10	-4.132e+10	-2.400e+01	-7.730e-10	3.105e+10	2.190e+01	-1.965e-09
38.387	-1.250	-3.000	3.500	1.750	-2.400e+01	5.759e-10	-4.167e+10	-2.400e+01	-7.912e-10	3.033e+10	2.190e+01	-1.965e-09
39.527	-1.250	-3.250	3.750	1.750	-2.400e+01	5.231e-10	-4.588e+10	-2.400e+01	-7.773e-10	3.088e+10	2.190e+01	-1.965e-09
40.529	-1.250	-3.500	4.000	1.750	-2.400e+01	5.597e-10	-4.288e+10	-2.400e+01	-7.498e-10	3.201e+10	2.190e+01	-1.965e-09
41.787	-1.250	-3.750	4.250	1.750	-2.400e+01	5.570e-10	-4.309e+10	-2.400e+01	-7.800e-10	3.077e+10	2.190e+01	-1.965e-09
42.700	-1.250	-4.000	4.500	1.750	-2.400e+01	5.846e-10	-4.105e+10	-2.400e+01	-7.843e-10	3.060e+10	2.190e+01	-1.965e-09
43.737	-1.250	-4.250	4.750	1.750	-2.400e+01	5.367e-10	-4.472e+10	-2.400e+01	-7.335e-10	3.272e+10	2.190e+01	-1.965e-09
44.666	-1.250	-4.500	5.000	1.750	-2.400e+01	5.897e-10	-4.070e+10	-2.400e+01	-7.930e-10	3.027e+10	2.190e+01	-1.965e-09
45.607	-1.250	-4.750	5.250	1.750	-2.400e+01	5.541e-10	-4.331e+10	-2.400e+01	-7.859e-10	3.054e+10	2.190e+01	-1.965e-09
46.729	-1.250	-5.000	5.500	1.750	-2.400e+01	5.583e-10	-4.299e+10	-2.400e+01	-8.034e-10	2.987e+10	2.190e+01	-1.965e-09
47.657	-1.250	-5.250	5.750	1.750	-2.400e+01	5.112e-10	-4.695e+10	-2.400e+01	-7.602e-10	3.157e+10	2.190e+01	-1.965e-09
48.586	-1.250	-5.500	6.000	1.750	-2.400e+01	5.523e-10	-4.345e+10	-2.400e+01	-7.733e-10	3.104e+10	2.190e+01	-1.965e-09
49.538	-1.250	-5.750	6.250	1.750	-2.400e+01	5.812e-10	-4.129e+10	-2.400e+01	-8.121e-10	2.955e+10	2.190e+01	-1.965e-09
1.034	-1.000	-5.750	6.250	1.500	-2.400e+01	5.452e-10	-4.402e+10	-2.400e+01	-7.585e-10	3.164e+10	2.190e+01	-1.965e-09
2.235	-1.000	-5.500	6.000	1.500	-2.400e+01	5.630e-10	-4.263e+10	-2.400e+01	-8.150e-10	2.945e+10	2.190e+01	-1.965e-09
3.126	-1.000	-5.250	5.750	1.500	-2.400e+01	5.514e-10	-4.353e+10	-2.400e+01	-7.700e-10	3.117e+10	2.190e+01	-1.965e-09
4.006	-1.000	-5.000	5.500	1.500	-2.400e+01	5.861e-10	-4.095e+10	-2.400e+01	-7.577e-10	3.167e+10	2.190e+01	-1.965e-09
5.077	-1.000	-4.750	5.250	1.500	-2.400e+01	5.820e-10	-4.124e+10	-2.400e+01	-7.641e-10	3.141e+10	2.190e+01	-1.965e-09
6.314	-1.000	-4.500	5.000	1.500	-2.400e+01	5.969e-10	-4.021e+10	-2.400e+01	-7.879e-10	3.046e+10	2.190e+01	-1.965e-09
7.205	-1.000	-4.250	4.750	1.500	-2.400e+01	5.298e-10	-4.530e+10	-2.400e+01	-7.528e-10	3.188e+10	2.190e+01	-1.965e-09
8.106	-1.000	-4.000	4.500	1.500	-2.400e+01	5.730e-10	-4.189e+10	-2.400e+01	-8.139e-10	2.949e+10	2.190e+01	-1.965e-09
9.005	-1.000	-3.750	4.250	1.500	-2.400e+01	5.536e-10	-4.336e+10	-2.400e+01	-6.944e-10	3.456e+10	2.190e+01	-1.965e-09
10.149	-1.000	-3.500	4.000	1.500	-2.400e+01	5.545e-10	-4.329e+10	-2.400e+01	-7.797e-10	3.078e+10	2.190e+01	-1.965e-09
11.079	-1.000	-3.250	3.750	1.500	-2.400e+01	5.878e-10	-4.083e+10	-2.400e+01	-7.575e-10	3.168e+10	2.190e+01	-1.965e-09
11.999	-1.000	-3.000	3.500	1.500	-2.400e+01	5.649e-10	-4.249e+10	-2.400e+01	-7.871e-10	3.049e+10	2.190e+01	-1.965e-09
12.905	-1.000	-2.750	3.250	1.500	-2.400e+01	5.887e-10	-4.077e+10	-2.400e+01	-7.954e-10	3.017e+10	2.190e+01	-1.965e-09
14.266	-1.000	-2.500	3.000	1.500	-2.400e+01	5.669e-10	-4.233e+10	-2.400e+01	-8.111e-10	2.959e+10	2.190e+01	-1.965e-09
15.185	-1.000	-2.250	2.750	1.500	-2.400e+01	5.952e-10	-4.032e+10	-2.400e+01	-7.739e-10	3.101e+10	2.190e+01	-1.965e-09
16.106	-1.000	-2.000	2.500	1.500	-2.400e+01	5.468e-10	-4.389e+10	-2.400e+01	-7.664e-10	3.132e+10	2.190e+01	-1.965e-09
17.136	-1.000	-1.750	2.250	1.500	-2.400e+01	5.133e-10	-4.675e+10	-2.400e+01	-7.779e-10	3.085e+10	2.190e+01	-1.965e-09
18.075	-1.000	-1.500	2.000	1.500	-2.400e+01	5.687e-10	-4.220e+10	-2.400e+01	-7.924e-10	3.029e+10	2.190e+01	-1.965e-09
19.387	-1.000	-1.250	1.750	1.500	-2.400e+01	5.912e-10	-4.059e+10	-2.400e+01	-7.659e-10	3.134e+10	2.190e+01	-1.965e-09
20.368	-1.000	-1.000	1.500	1.500	-2.400e+01	5.703e-10	-4.209e+10	-2.400e+01	-7.529e-10	3.188e+10	2.190e+01	-1.965e-09
21.310	-1.000	-0.750	1.250	1.500	-2.400e+01	5.481e-10	-4.379e+10	-2.400e+01	-7.833e-10	3.064e+10	2.190e+01	-1.965e-09
22.585	-1.000	-0.500	1.000	1.500	-2.400e+01	5.835e-10	-4.113e+10	-2.400e+01	-7.765e-10	3.091e+10	2.190e+01	-1.965e-09
23.515	-1.000	-0.250	0.750	1.500	-2.400e+01	5.506e-10	-4.359e+10	-2.400e+01	-8.084e-10	2.969e+10	2.190e+01	-1.965e-09
24.455	-1.000	0.000	0.500	1.500	-2.400e+01	5.315e-10	-4.516e+10	-2.400e+01	-7.532e-10	3.186e+10	2.190e+01	-1.965e-09
25.385	-1.000	0.250	0.250	1.500	-2.400e+01	5.419e-10	-4.429e+10	-2.400e+01	-8.166e-10	2.939e+10	2.190e+01	-1.965e-09
26.518	-1.000	0.500	-0.000	1.500	-2.400e+01	5.227e-10	-4.592e+10	-2.400e+01	-8.171e-10	2.937e+10	2.190e+01	-1.965e-09
27.445	-1.000	0.750	-0.250	1.500	-2.400e+01	5.462e-10	-4.394e+10	-2.400e+01	-8.366e-10	2.869e+10	2.190e+01	-1.965e-09
28.365	-1.000	1.000	-0.500	1.500	-2.400e+01	5.310e-10	-4.520e+10	-2.400e+01	-7.789e-10	3.081e+10	2.190e+01	-1.965e-09
29.808	-1.000	1.250	-0.750	1.500	-2.400e+01	5.529e-10	-4.340e+10	-2.400e+01	-7.771e-10	3.088e+10	2.190e+01	-1.965e-09
30.939	-1.000	1.500	-1.000	1.500	-2.400e+01	5.636e-10	-4.259e+10	-2.400e+01	-7.912e-10	3.033e+10	2.190e+01	-1.965e-09
31.865	-1.000	1.750	-1.250	1.500	-2.400e+01	5.962e-10	-4.025e+10	-2.400e+01	-7.986e-10	3.005e+10	2.190e+01	-1.965e-09
32.795	-1.000	2.000	-1.500	1.500	-2.400e+01	5.518e-10	-4.350e+10	-2.400e+01	-7.638e-10	3.142e+10	2.190e+01	-1.965e-09
33.725	-1.000	2.250	-1.750	1.500	-2.400e+01	5.405e-10	-4.441e+10	-2.400e+01	-7.885e-10	3.044e+10	2.190e+01	-1.965e-09
34.995	-1.000	2.500	-2.000	1.500	-2.400e+01	5.559e-10	-4.317e+10	-2.400e+01	-7.635e-10	3.144e+10	2.190e+01	-1.965e-09
35.925	-1.000	2.750	-2.250	1.500	-2.400e+01	5.278e-10	-4.547e+10	-2.400e+01	-7.946e-10	3.020e+10	2.190e+01	-1.965e-09
36.855	-1.000	3.000	-2.500	1.500	-2.400e+01	6.011e-10	-3.992e+10	-2.400e+01	-7.839e-10	3.062e+10	2.190e+01	-1.965e-09
38.455	-1.000	3.250	-2.750	1.500	-2.400e+01	5.443e-10	-4.409e+10	-2.400e+01	-8.102e-10	2.962e+10	2.190e+01	-1.965e-09
40.356	-1.000	3.500	-3.000	1.500	-2.400e+01	5.564e-10	-4.314e+10	-2.400e+01	-8.389e-10	2.861e+10	2.190e+01	-1.965e-09
41.285	-1.000	3.750	-3.250	1.500	-2.400e+01	5.039e-10	-4.763e+10	-2.400e+01	-8.002e-10	2.999e+10	2.190e+01	-1.965e-09
42.206	-1.000	4.000	-3.500	1.500	-2.400e+01	5.300e-10	-4.528e+10	-2.400e+01	-7.955e-10	3.017e+10	2.190e+01	-1.965e-09
43.121	-1.000	4.250	-3.750	1.500	-2.400e+01	5.387e-10	-4.455e+10	-2.400e+01	-7.911e-10	3.034e+10	2.190e+01	-1.965e-09
44.396	-1.000	4.500	-4.000	1.500	-2.400e+01	5.023e-10	-4.778e+10	-2.400e+01	-8.208e-10	2.924e+10	2.190e+01	-1.965e-09
45.316	-1.000	4.750	-4.250	1.500	-2.400e+01	5.186e-10	-4.628e+10	-2.400e+01	-8.331e-10	2.881e+10	2.190e+01	-1.965e-09
46.246	-1.000	5.000	-4.500	1.500	-2.400e+01	5.303e-10	-4.526e+10	-2.400e+01	-7.899e-10	3.038e+10	2.190e+01	-1.965e-09
47.167	-1.000	5.250	-4.750	1.500	-2.400e+01	5.827e-10	-4.119e+10	-2.400e+01	-7.881e-10	3.045e+10	2.190e+01	-1.965e-09
48.296	-1.000	5.500	-5.000	1.500	-2.400e+01	5.482e-10	-4.378e+10	-2.400e+01	-7.764e-10	3.091e+10	2.190e+01	-1.965e-09
49.259	-1.000	5.750	-5.250	1.500	-2.400e+01	5.261e-10	-4.562e+10	-2.400e+01	-8.307e-10	2.889e+10	2.190e+01	-1.965e-09
50.836	-1.000	6.000	-5.500	1.500	-2.400e+01	5.876e-10	-4.084e+10	-2.400e+01	-7.438e-10	3.227e+10	2.190e+01	-1.965e-09
51.765	-1.000	6.250	-5.750	1.500	-2.400e+01	5.557e-10	-4.319e+10	-2.400e+01	-8.074e-10	2.972e+10	2.190e+01	-1.965e-09
2.307	-0.750	6.250	-5.750	1.250	-2.400e+01	5.724e-10	-4.193e+10	-2.400e+01	-7.705e-10	3.115e+10	2.190e+01	-1.965e-09
3.307	-0.750	6.000	-5.500	1.250	-2.400e+01	5.519e-10	-4.349e+10	-2.400e+01	-8.015e-10	2.994e+10	2.190e+01	-1.965e-09
5.107	-0.750	5.750	-5.250	1.250	-2.400e+01	5.647e-10	-4.250e+10	-2.400e+01	-8.269e-10	2.902e+10	2.190e+01	-1.965e-09
6.077	-0.750	5.500	-5.000	1.250	-2.400e+01	6.009e-10	-3.994e+10	-2.400e+01	-7.658e-10	3.134e+10	2.190e+01	-1.965e-09
6.977	-0.750	5.250	-4.750	1.250	-2.400e+01	5.852e-10	-4.101e+10	-2.400e+01	-8.200e-10	2.927e+10	2.190e+01	-1.965e-09
7.876	-0.750	5.000	-4.500	1.250	-2.400e+01	5.383e-10	-4.458e+10	-2.400e+01	-7.807e-10	3.074e+10	2.190e+01	-1.965e-09
8.777	-0.750	4.750	-4.250	1.250	-2.400e+01	5.511e-10	-4.355e+10	-2.400e+01	-8.143e-10	2.947e+10	2.190e+01	-1.965e-09
9.676	-0.750	4.500	-4.000	1.250	-2.400e+01	4.844e-10	-4.954e+10	-2.400e+01	-7.795e-10	3.079e+10	2.190e+01	-1.965e-09
10.578	-0.750	4.250	-3.750	1.250	-2.400e+01	5.424e-10	-4.425e+10	-2.400e+01	-7.690e-10	3.121e+10	2.190e+01	-1.965e-09
11.501	-0.750	4.000	-3.500	1.250	-2.400e+01	5.489e-10	-4.372e+10	-2.400e+01	-8.439e-10	2.844e+10	2.190e+01	-1.965e-09
12.437	-0.750	3.750	-3.250	1.250	-2.400e+01	5.579e-10	-4.302e+10	-2.400e+01	-7.729e-10	3.105e+10	2.190e+01	-1.965e-09
13.357	-0.750	3.500	-3.000	1.250	-2.400e+01	5.620e-10	-4.270e+10	-2.400e+01	-7.885e-10	3.044e+10	2.190e+01	-1.965e-09
14.831	-0.750	3.250	-2.750	1.250	-2.400e+01	5.654e-10	-4.245e+10	-2.400e+01	-7.746e-10	3.098e+10	2.190e+01	-1.965e-09
16.391	-0.750	3.000	-2.500	1.250	-2.400e+01	5.718e-10	-4.197e+10	-2.400e+01	-7.752e-10	3.096e+10	2.190e+01	-1.965e-09
17.508	-0.750	2.750	-2.250	1.250	-2.400e+01	5.643e-10	-4.253e+10	-2.400e+01	-7.500e-10	3.200e+10	2.190e+01	-1.965e-09
18.449	-0.750	2.500	-2.000	1.250	-2.400e+01	5.645e-10	-4.251e+10	-2.400e+01	-7.904e-10	3.036e+10	2.190e+01	-1.965e-09
19.378	-0.750	2.250	-1.750	1.250	-2.400e+01	5.736e-10	-4.184e+10	-2.400e+01	-8.522e-10	2.816e+10	2.190e+01	-1.965e-09
20.297	-0.750	2.000	-1.500	1.250	-2.400e+01	5.469e-10	-4.389e+10	-2.400e+01	-8.188e-10	2.931e+10	2.190e+01	-1.965e-09
21.217	-0.750	1.750	-1.250	1.250	-2.400e+01	5.565e-10	-4.313e+10	-2.400e+01	-7.999e-10	3.000e+10	2.190e+01	-1.965e-09
22.127	-0.750	1.500	-1.000	1.250	-2.400e+01	5.350e-10	-4.486e+10	-2.400e+01	-7.454e-10	3.220e+10	2.190e+01	-1.965e-09
23.040	-0.750	1.250	-0.750	1.250	-2.400e+01	5.388e-10	-4.454e+10	-2.400e+01	-7.835e-10	3.063e+10	2.190e+01	-1.965e-09
24.559	-0.750	1.000	-0.500	1.250	-2.400e+01	5.490e-10	-4.372e+10	-2.400e+01	-8.224e-10	2.918e+10	2.190e+01	-1.965e-09
25.538	-0.750	0.750	-0.250	1.250	-2.400e+01	5.660e-10	-4.240e+10	-2.400e+01	-8.184e-10	2.932e+10	2.190e+01	-1.965e-09
26.477	-0.750	0.500	0.000	1.250	-2.400e+01	5.709e-10	-4.204e+10	-2.400e+01	-7.572e-10	3.170e+10	2.190e+01	-1.965e-09
27.490	-0.750	0.250	0.250	1.250	-2.400e+01	5.493e-10	-4.369e+10	-2.400e+01	-8.063e-10	2.977e+10	2.190e+01	-1.965e-09
28.437	-0.750	0.000	0.500	1.250	-2.400e+01	5.678e-10	-4.227e+10	-2.400e+01	-7.918e-10	3.031e+10	2.190e+01	-1.965e-09
29.358	-0.750	-0.250	0.750	1.250	-2.400e+01	5.210e-10	-4.606e+10	-2.400e+01	-7.820e-10	3.069e+10	2.190e+01	-1.965e-09
30.278	-0.750	-0.500	1.000	1.250	-2.400e+01	5.675e-10	-4.229e+10	-2.400e+01	-7.744e-10	3.099e+10	2.190e+01	-1.965e-09
31.197	-0.750	-0.750	1.250	1.250	-2.400e+01	5.355e-10	-4.482e+10	-2.400e+01	-8.078e-10	2.971e+10	2.190e+01	-1.965e-09
32.118	-0.750	-1.000	1.500	1.250	-2.400e+01	5.777e-10	-4.154e+10	-2.400e+01	-8.370e-10	2.867e+10	2.190e+01	-1.965e-09
33.158	-0.750	-1.250	1.750	1.250	-2.400e+01	5.598e-10	-4.287e+10	-2.400e+01	-7.684e-10	3.124e+10	2.190e+01	-1.965e-09
34.161	-0.750	-1.500	2.000	1.250	-2.400e+01	5.595e-10	-4.289e+10	-2.400e+01	-8.181e-10	2.934e+10	2.190e+01	-1.965e-09
35.268	-0.750	-1.750	2.250	1.250	-2.400e+01	5.888e-10	-4.076e+10	-2.400e+01	-7.897e-10	3.039e+10	2.190e+01	-1.965e-09
36.187	-0.750	-2.000	2.500	1.250	-2.400e+01	5.677e-10	-4.228e+10	-2.400e+01	-8.032e-10	2.988e+10	2.190e+01	-1.965e-09
37.218	-0.750	-2.250	2.750	1.250	-2.400e+01	5.592e-10	-4.291e+10	-2.400e+01	-7.843e-10	3.060e+10	2.190e+01	-1.965e-09
38.137	-0.750	-2.500	3.000	1.250	-2.400e+01	5.626e-10	-4.266e+10	-2.400e+01	-7.672e-10	3.128e+10	2.190e+01	-1.965e-09
39.058	-0.750	-2.750	3.250	1.250	-2.400e+01	5.952e-10	-4.032e+10	-2.400e+01	-8.102e-10	2.962e+10	2.190e+01	-1.965e-09
39.951	-0.750	-3.000	3.500	1.250	-2.400e+01	5.928e-10	-4.049e+10	-2.400e+01	-7.646e-10	3.139e+10	2.190e+01	-1.965e-09
41.048	-0.750	-3.250	3.750	1.250	-2.400e+01	5.740e-10	-4.181e+10	-2.400e+01	-7.708e-10	3.113e+10	2.190e+01	-1.965e-09
41.968	-0.750	-3.500	4.000	1.250	-2.400e+01	5.828e-10	-4.118e+10	-2.400e+01	-8.138e-10	2.949e+10	2.190e+01	-1.965e-09
43.157	-0.750	-3.750	4.250	1.250	-2.400e+01	5.335e-10	-4.498e+10	-2.400e+01	-8.367e-10	2.869e+10	2.190e+01	-1.965e-09
44.078	-0.750	-4.000	4.500	1.250	-2.400e+01	5.610e-10	-4.278e+10	-2.400e+01	-8.067e-10	2.975e+10	2.190e+01	-1.965e-09
45.118	-0.750	-4.250	4.750	1.250	-2.400e+01	5.243e-10	-4.578e+10	-2.400e+01	-7.416e-10	3.236e+10	2.190e+01	-1.965e-09
46.038	-0.750	-4.500	5.000	1.250	-2.400e+01	5.556e-10	-4.319e+10	-2.400e+01	-7.624e-10	3.148e+10	2.190e+01	-1.965e-09
47.008	-0.750	-4.750	5.250	1.250	-2.400e+01	5.055e-10	-4.748e+10	-2.400e+01	-7.546e-10	3.181e+10	2.190e+01	-1.965e-09
48.137	-0.750	-5.000	5.500	1.250	-2.400e+01	5.918e-10	-4.055e+10	-2.400e+01	-7.659e-10	3.133e+10	2.190e+01	-1.965e-09
49.058	-0.750	-5.250	5.750	1.250	-2.400e+01	5.550e-10	-4.324e+10	-2.400e+01	-7.289e-10	3.292e+10	2.190e+01	-1.965e-09
49.977	-0.750	-5.500	6.000	1.250	-2.400e+01	5.618e-10	-4.272e+10	-2.400e+01	-7.365e-10	3.259e+10	2.190e+01	-1.965e-09
50.891	-0.750	-5.750	6.250	1.250	-2.400e+01	5.656e-10	-4.244e+10	-2.400e+01	-7.550e-10	3.179e+10	2.190e+01	-1.965e-09
0.825	-0.500	-5.750	6.250	1.000	-2.400e+01	5.517e-10	-4.350e+10	-2.400e+01	-7.476e-10	3.210e+10	2.190e+01	-1.965e-09
2.084	-0.500	-5.500	6.000	1.000	-2.400e+01	5.422e-10	-4.427e+10	-2.400e+01	-7.941e-10	3.022e+10	2.190e+01	-1.965e-09
2.984	-0.500	-5.250	5.750	1.000	-2.400e+01	5.237e-10	-4.582e+10	-2.400e+01	-7.387e-10	3.249e+10	2.190e+01	-1.965e-09
3.884	-0.500	-5.000	5.500	1.000	-2.400e+01	5.585e-10	-4.297e+10	-2.400e+01	-7.680e-10	3.125e+10	2.190e+01	-1.965e-09
4.946	-0.500	-4.750	5.250	1.000	-2.400e+01	5.706e-10	-4.206e+10	-2.400e+01	-7.580e-10	3.166e+10	2.190e+01	-1.965e-09
6.203	-0.500	-4.500	5.000	1.000	-2.400e+01	5.669e-10	-4.234e+10	-2.400e+01	-7.848e-10	3.058e+10	2.190e+01	-1.965e-09
7.114	-0.500	-4.250	4.750	1.000	-2.400e+01	5.593e-10	-4.291e+10	-2.400e+01	-8.016e-10	2.994e+10	2.190e+01	-1.965e-09
8.017	-0.500	-4.000	4.500	1.000	-2.400e+01	5.587e-10	-4.295e+10	-2.400e+01	-7.783e-10	3.084e+10	2.190e+01	-1.965e-09
8.927	-0.500	-3.750	4.250	1.000	-2.400e+01	5.447e-10	-4.406e+10	-2.400e+01	-7.709e-10	3.113e+10	2.190e+01	-1.965e-09
10.037	-0.500	-3.500	4.000	1.000	-2.400e+01	5.297e-10	-4.531e+10	-2.400e+01	-7.748e-10	3.097e+10	2.190e+01	-1.965e-09
10.937	-0.500	-3.250	3.750	1.000	-2.400e+01	5.324e-10	-4.508e+10	-2.400e+01	-7.986e-10	3.005e+10	2.190e+01	-1.965e-09
11.855	-0.500	-3.000	3.500	1.000	-2.400e+01	5.566e-10	-4.312e+10	-2.400e+01	-7.856e-10	3.055e+10	2.190e+01	-1.965e-09
12.784	-0.500	-2.750	3.250	1.000	-2.400e+01	5.397e-10	-4.447e+10	-2.400e+01	-7.618e-10	3.150e+10	2.190e+01	-1.965e-09
14.154	-0.500	-2.500	3.000	1.000	-2.400e+01	5.542e-10	-4.331e+10	-2.400e+01	-7.579e-10	3.167e+10	2.190e+01	-1.965e-09
15.063	-0.500	-2.250	2.750	1.000	-2.400e+01	5.635e-10	-4.259e+10	-2.400e+01	-8.057e-10	2.979e+10	2.190e+01	-1.965e-09
16.007	-0.500	-2.000	2.500	1.000	-2.400e+01	5.674e-10	-4.229e+10	-2.400e+01	-7.844e-10	3.060e+10	2.190e+01	-1.965e-09
17.024	-0.500	-1.750	2.250	1.000	-2.400e+01	5.373e-10	-4.466e+10	-2.400e+01	-8.282e-10	2.898e+10	2.190e+01	-1.965e-09
17.927	-0.500	-1.500	2.000	1.000	-2.400e+01	5.357e-10	-4.480e+10	-2.400e+01	-7.796e-10	3.078e+10	2.190e+01	-1.965e-09
19.205	-0.500	-1.250	1.750	1.000	-2.400e+01	5.134e-10	-4.675e+10	-2.400e+01	-7.985e-10	3.006e+10	2.190e+01	-1.965e-09
20.138	-0.500	-1.000	1.500	1.000	-2.400e+01	5.166e-10	-4.646e+10	-2.400e+01	-7.966e-10	3.013e+10	2.190e+01	-1.965e-09
21.054	-0.500	-0.750	1.250	1.000	-2.400e+01	5.372e-10	-4.468e+10	-2.400e+01	-7.764e-10	3.091e+10	2.190e+01	-1.965e-09
22.288	-0.500	-0.500	1.000	1.000	-2.400e+01	5.107e-10	-4.699e+10	-2.400e+01	-8.070e-10	2.974e+10	2.190e+01	-1.965e-09
23.209	-0.500	-0.250	0.750	1.000	-2.400e+01	5.363e-10	-4.475e+10	-2.400e+01	-7.565e-10	3.172e+10	2.190e+01	-1.965e-09
24.124	-0.500	0.000	0.500	1.000	-2.400e+01	5.283e-10	-4.543e+10	-2.400e+01	-7.309e-10	3.284e+10	2.190e+01	-1.965e-09
25.045	-0.500	0.250	0.250	1.000	-2.400e+01	5.305e-10	-4.524e+10	-2.400e+01	-7.862e-10	3.053e+10	2.190e+01	-1.965e-09
26.184	-0.500	0.500	-0.000	1.000	-2.400e+01	5.270e-10	-4.554e+10	-2.400e+01	-7.994e-10	3.002e+10	2.190e+01	-1.965e-09
27.104	-0.500	0.750	-0.250	1.000	-2.400e+01	5.581e-10	-4.300e+10	-2.400e+01	-8.262e-10	2.905e+10	2.190e+01	-1.965e-09
28.031	-0.500	1.000	-0.500	1.000	-2.400e+01	5.553e-10	-4.322e+10	-2.400e+01	-7.724e-10	3.107e+10	2.190e+01	-1.965e-09
29.478	-0.500	1.250	-0.750	1.000	-2.400e+01	5.643e-10	-4.253e+10	-2.400e+01	-7.982e-10	3.007e+10	2.190e+01	-1.965e-09
30.634	-0.500	1.500	-1.000	1.000	-2.400e+01	5.235e-10	-4.584e+10	-2.400e+01	-7.848e-10	3.058e+10	2.190e+01	-1.965e-09
31.547	-0.500	1.750	-1.250	1.000	-2.400e+01	5.225e-10	-4.593e+10	-2.400e+01	-7.686e-10	3.123e+10	2.190e+01	-1.965e-09
32.464	-0.500	2.000	-1.500	1.000	-2.400e+01	5.027e-10	-4.774e+10	-2.400e+01	-7.797e-10	3.078e+10	2.190e+01	-1.965e-09
33.374	-0.500	2.250	-1.750	1.000	-2.400e+01	5.707e-10	-4.205e+10	-2.400e+01	-7.600e-10	3.158e+10	2.190e+01	-1.965e-09
34.584	-0.500	2.500	-2.000	1.000	-2.400e+01	5.484e-10	-4.377e+10	-2.400e+01	-7.588e-10	3.163e+10	2.190e+01	-1.965e-09
35.550	-0.500	2.750	-2.250	1.000	-2.400e+01	5.365e-10	-4.473e+10	-2.400e+01	-7.544e-10	3.181e+10	2.190e+01	-1.965e-09
36.497	-0.500	3.000	-2.500	1.000	-2.400e+01	5.307e-10	-4.523e+10	-2.400e+01	-7.869e-10	3.050e+10	2.190e+01	-1.965e-09
38.054	-0.500	3.250	-2.750	1.000	-2.400e+01	5.801e-10	-4.137e+10	-2.400e+01	-7.266e-10	3.303e+10	2.190e+01	-1.965e-09
39.944	-0.500	3.500	-3.000	1.000	-2.400e+01	5.357e-10	-4.480e+10	-2.400e+01	-7.768e-10	3.090e+10	2.190e+01	-1.965e-09
40.865	-0.500	3.750	-3.250	1.000	-2.400e+01	5.416e-10	-4.431e+10	-2.400e+01	-7.867e-10	3.051e+10	2.190e+01	-1.965e-09
41.779	-0.500	4.000	-3.500	1.000	-2.400e+01	5.858e-10	-4.097e+10	-2.400e+01	-7.858e-10	3.054e+10	2.190e+01	-1.965e-09
42.714	-0.500	4.250	-3.750	1.000	-2.400e+01	5.612e-10	-4.277e+10	-2.400e+01	-8.048e-10	2.982e+10	2.190e+01	-1.965e-09
43.994	-0.500	4.500	-4.000	1.000	-2.400e+01	5.500e-10	-4.364e+10	-2.400e+01	-7.605e-10	3.156e+10	2.190e+01	-1.965e-09
44.914	-0.500	4.750	-4.250	1.000	-2.400e+01	5.410e-10	-4.436e+10	-2.400e+01	-7.695e-10	3.119e+10	2.190e+01	-1.965e-09
45.836	-0.500	5.000	-4.500	1.000	-2.400e+01	5.232e-10	-4.587e+10	-2.400e+01	-7.638e-10	3.142e+10	2.190e+01	-1.965e-09
46.767	-0.500	5.250	-4.750	1.000	-2.400e+01	5.281e-10	-4.545e+10	-2.400e+01	-8.008e-10	2.997e+10	2.190e+01	-1.965e-09
47.875	-0.500	5.500	-5.000	1.000	-2.400e+01	5.610e-10	-4.278e+10	-2.400e+01	-7.631e-10	3.145e+10	2.190e+01	-1.965e-09
48.796	-0.500	5.750	-5.250	1.000	-2.400e+01	6.037e-10	-3.975e+10	-2.400e+01	-7.511e-10	3.195e+10	2.190e+01	-1.965e-09
50.384	-0.500	6.000	-5.500	1.000	-2.400e+01	5.534e-10	-4.336e+10	-2.400e+01	-7.661e-10	3.133e+10	2.190e+01	-1.965e-09
51.298	-0.500	6.250	-5.750	1.000	-2.400e+01	5.523e-10	-4.346e+10	-2.400e+01	-8.027e-10	2.990e+10	2.190e+01	-1.965e-09
0.814	-0.250	6.250	-5.750	0.750	-2.400e+01	5.567e-10	-4.311e+10	-2.400e+01	-7.963e-10	3.014e+10	2.190e+01	-1.965e-09
1.804	-0.250	6.000	-5.500	0.750	-2.400e+01	5.366e-10	-4.472e+10	-2.400e+01	-7.927e-10	3.027e+10	2.190e+01	-1.965e-09
3.590	-0.250	5.750	-5.250	0.750	-2.400e+01	5.220e-10	-4.598e+10	-2.400e+01	-7.752e-10	3.096e+10	2.190e+01	-1.965e-09
4.490	-0.250	5.500	-5.000	0.750	-2.400e+01	5.461e-10	-4.395e+10	-2.400e+01	-7.654e-10	3.136e+10	2.190e+01	-1.965e-09
5.384	-0.250	5.250	-4.750	0.750	-2.400e+01	5.487e-10	-4.374e+10	-2.400e+01	-7.425e-10	3.232e+10	2.190e+01	-1.965e-09
6.280	-0.250	5.000	-4.500	0.750	-2.400e+01	5.285e-10	-4.541e+10	-2.400e+01	-7.847e-10	3.058e+10	2.190e+01	-1.965e-09
7.181	-0.250	4.750	-4.250	0.750	-2.400e+01	5.370e-10	-4.469e+10	-2.400e+01	-7.624e-10	3.148e+10	2.190e+01	-1.965e-09
8.080	-0.250	4.500	-4.000	0.750	-2.400e+01	5.536e-10	-4.335e+10	-2.400e+01	-7.896e-10	3.039e+10	2.190e+01	-1.965e-09
8.981	-0.250	4.250	-3.750	0.750	-2.400e+01	5.296e-10	-4.532e+10	-2.400e+01	-7.354e-10	3.263e+10	2.190e+01	-1.965e-09
9.880	-0.250	4.000	-3.500	0.750	-2.400e+01	5.672e-10	-4.232e+10	-2.400e+01	-7.972e-10	3.010e+10	2.190e+01	-1.965e-09
10.791	-0.250	3.750	-3.250	0.750	-2.400e+01	5.582e-10	-4.300e+10	-2.400e+01	-8.092e-10	2.966e+10	2.190e+01	-1.965e-09
11.702	-0.250	3.500	-3.000	0.750	-2.400e+01	5.485e-10	-4.376e+10	-2.400e+01	-8.107e-10	2.960e+10	2.190e+01	-1.965e-09
13.236	-0.250	3.250	-2.750	0.750	-2.400e+01	5.397e-10	-4.447e+10	-2.400e+01	-8.009e-10	2.996e+10	2.190e+01	-1.965e-09
14.824	-0.250	3.000	-2.500	0.750	-2.400e+01	5.456e-10	-4.399e+10	-2.400e+01	-7.656e-10	3.135e+10	2.190e+01	-1.965e-09
15.921	-0.250	2.750	-2.250	0.750	-2.400e+01	5.333e-10	-4.500e+10	-2.400e+01	-7.913e-10	3.033e+10	2.190e+01	-1.965e-09
16.840	-0.250	2.500	-2.000	0.750	-2.400e+01	5.502e-10	-4.362e+10	-2.400e+01	-7.737e-10	3.102e+10	2.190e+01	-1.965e-09
17.754	-0.250	2.250	-1.750	0.750	-2.400e+01	5.539e-10	-4.333e+10	-2.400e+01	-7.271e-10	3.301e+10	2.190e+01	-1.965e-09
18.665	-0.250	2.000	-1.500	0.750	-2.400e+01	5.566e-10	-4.312e+10	-2.400e+01	-7.046e-10	3.406e+10	2.190e+01	-1.965e-09
19.692	-0.250	1.750	-1.250	0.750	-2.400e+01	5.275e-10	-4.550e+10	-2.400e+01	-7.488e-10	3.205e+10	2.190e+01	-1.965e-09
20.630	-0.250	1.500	-1.000	0.750	-2.400e+01	5.630e-10	-4.263e+10	-2.400e+01	-7.977e-10	3.009e+10	2.190e+01	-1.965e-09
21.562	-0.250	1.250	-0.750	0.750	-2.400e+01	5.156e-10	-4.655e+10	-2.400e+01	-7.581e-10	3.166e+10	2.190e+01	-1.965e-09
22.971	-0.250	1.000	-0.500	0.750	-2.400e+01	5.697e-10	-4.212e+10	-2.400e+01	-7.855e-10	3.055e+10	2.190e+01	-1.965e-09
23.931	-0.250	0.750	-0.250	0.750	-2.400e+01	5.588e-10	-4.295e+10	-2.400e+01	-7.561e-10	3.174e+10	2.190e+01	-1.965e-09
24.852	-0.250	0.500	0.000	0.750	-2.400e+01	5.418e-10	-4.430e+10	-2.400e+01	-7.395e-10	3.245e+10	2.190e+01	-1.965e-09
25.771	-0.250	0.250	0.250	0.750	-2.400e+01	5.600e-10	-4.285e+10	-2.400e+01	-7.873e-10	3.048e+10	2.190e+01	-1.965e-09
26.692	-0.250	0.000	0.500	0.750	-2.400e+01	5.295e-10	-4.533e+10	-2.400e+01	-7.524e-10	3.190e+10	2.190e+01	-1.965e-09
27.640	-0.250	-0.250	0.750	0.750	-2.400e+01	5.624e-10	-4.267e+10	-2.400e+01	-8.204e-10	2.925e+10	2.190e+01	-1.965e-09
28.546	-0.250	-0.500	1.000	0.750	-2.400e+01	5.669e-10	-4.233e+10	-2.400e+01	-8.203e-10	2.926e+10	2.190e+01	-1.965e-09
29.471	-0.250	-0.750	1.250	0.750	-2.400e+01	5.041e-10	-4.761e+10	-2.400e+01	-7.792e-10	3.080e+10	2.190e+01	-1.965e-09
30.391	-0.250	-1.000	1.500	0.750	-2.400e+01	5.168e-10	-4.644e+10	-2.400e+01	-8.138e-10	2.949e+10	2.190e+01	-1.965e-09
31.491	-0.250	-1.250	1.750	0.750	-2.400e+01	5.561e-10	-4.316e+10	-2.400e+01	-7.250e-10	3.310e+10	2.190e+01	-1.965e-09
32.481	-0.250	-1.500	2.000	0.750	-2.400e+01	5.252e-10	-4.569e+10	-2.400e+01	-7.467e-10	3.214e+10	2.190e+01	-1.965e-09
33.591	-0.250	-1.750	2.250	0.750	-2.400e+01	5.406e-10	-4.440e+10	-2.400e+01	-7.657e-10	3.135e+10	2.190e+01	-1.965e-09
34.511	-0.250	-2.000	2.500	0.750	-2.400e+01	5.395e-10	-4.449e+10	-2.400e+01	-7.763e-10	3.091e+10	2.190e+01	-1.965e-09
35.552	-0.250	-2.250	2.750	0.750	-2.400e+01	5.232e-10	-4.587e+10	-2.400e+01	-7.953e-10	3.018e+10	2.190e+01	-1.965e-09
36.451	-0.250	-2.500	3.000	0.750	-2.400e+01	5.954e-10	-4.031e+10	-2.400e+01	-7.653e-10	3.136e+10	2.190e+01	-1.965e-09
37.372	-0.250	-2.750	3.250	0.750	-2.400e+01	5.581e-10	-4.300e+10	-2.400e+01	-7.448e-10	3.223e+10	2.190e+01	-1.965e-09
38.291	-0.250	-3.000	3.500	0.750	-2.400e+01	5.396e-10	-4.447e+10	-2.400e+01	-7.597e-10	3.159e+10	2.190e+01	-1.965e-09
39.361	-0.250	-3.250	3.750	0.750	-2.400e+01	5.580e-10	-4.301e+10	-2.400e+01	-8.163e-10	2.940e+10	2.190e+01	-1.965e-09
40.285	-0.250	-3.500	4.000	0.750	-2.400e+01	5.474e-10	-4.384e+10	-2.400e+01	-7.242e-10	3.314e+10	2.190e+01	-1.965e-09
41.552	-0.250	-3.750	4.250	0.750	-2.400e+01	5.591e-10	-4.293e+10	-2.400e+01	-7.920e-10	3.030e+10	2.190e+01	-1.965e-09
42.472	-0.250	-4.000	4.500	0.750	-2.400e+01	5.770e-10	-4.160e+10	-2.400e+01	-7.522e-10	3.191e+10	2.190e+01	-1.965e-09
43.583	-0.250	-4.250	4.750	0.750	-2.400e+01	5.364e-10	-4.474e+10	-2.400e+01	-7.985e-10	3.006e+10	2.190e+01	-1.965e-09
44.506	-0.250	-4.500	5.000	0.750	-2.400e+01	5.616e-10	-4.273e+10	-2.400e+01	-7.601e-10	3.158e+10	2.190e+01	-1.965e-09
45.465	-0.250	-4.750	5.250	0.750	-2.400e+01	5.285e-10	-4.542e+10	-2.400e+01	-7.417e-10	3.236e+10	2.190e+01	-1.965e-09
46.631	-0.250	-5.000	5.500	0.750	-2.400e+01	5.429e-10	-4.421e+10	-2.400e+01	-7.642e-10	3.140e+10	2.190e+01	-1.965e-09
47.545	-0.250	-5.250	5.750	0.750	-2.400e+01	5.686e-10	-4.221e+10	-2.400e+01	-7.600e-10	3.158e+10	2.190e+01	-1.965e-09
48.442	-0.250	-5.500	6.000	0.750	-2.400e+01	5.357e-10	-4.480e+10	-2.400e+01	-7.394e-10	3.246e+10	2.190e+01	-1.965e-09
49.382	-0.250	-5.750	6.250	0.750	-2.400e+01	5.236e-10	-4.584e+10	-2.400e+01	-7.795e-10	3.079e+10	2.190e+01	-1.965e-09
1.030	0.000	-5.750	6.250	0.500	-2.400e+01	5.661e-10	-4.239e+10	-2.400e+01	-7.753e-10	3.096e+10	2.190e+01	-1.965e-09
2.240	0.000	-5.500	6.000	0.500	-2.400e+01	5.009e-10	-4.792e+10	-2.400e+01	-7.651e-10	3.137e+10	2.190e+01	-1.965e-09
3.140	0.000	-5.250	5.750	0.500	-2.400e+01	5.129e-10	-4.679e+10	-2.400e+01	-7.781e-10	3.085e+10	2.190e+01	-1.965e-09
4.030	0.000	-5.000	5.500	0.500	-2.400e+01	5.902e-10	-4.067e+10	-2.400e+01	-7.617e-10	3.151e+10	2.190e+01	-1.965e-09
5.060	0.000	-4.750	5.250	0.500	-2.400e+01	5.387e-10	-4.455e+10	-2.400e+01	-7.772e-10	3.088e+10	2.190e+01	-1.965e-09
6.293	0.000	-4.500	5.000	0.500	-2.400e+01	5.393e-10	-4.450e+10	-2.400e+01	-7.875e-10	3.048e+10	2.190e+01	-1.965e-09
7.183	0.000	-4.250	4.750	0.500	-2.400e+01	5.304e-10	-4.525e+10	-2.400e+01	-7.608e-10	3.155e+10	2.190e+01	-1.965e-09
8.074	0.000	-4.000	4.500	0.500	-2.400e+01	5.383e-10	-4.458e+10	-2.400e+01	-8.049e-10	2.982e+10	2.190e+01	-1.965e-09
8.951	0.000	-3.750	4.250	0.500	-2.400e+01	5.403e-10	-4.442e+10	-2.400e+01	-7.719e-10	3.109e+10	2.190e+01	-1.965e-09
10.070	0.000	-3.500	4.000	0.500	-2.400e+01	5.525e-10	-4.344e+10	-2.400e+01	-7.499e-10	3.200e+10	2.190e+01	-1.965e-09
10.970	0.000	-3.250	3.750	0.500	-2.400e+01	5.491e-10	-4.371e+10	-2.400e+01	-7.827e-10	3.066e+10	2.190e+01	-1.965e-09
11.851	0.000	-3.000	3.500	0.500	-2.400e+01	6.154e-10	-3.900e+10	-2.400e+01	-7.348e-10	3.266e+10	2.190e+01	-1.965e-09
12.760	0.000	-2.750	3.250	0.500	-2.400e+01	5.631e-10	-4.262e+10	-2.400e+01	-7.543e-10	3.182e+10	2.190e+01	-1.965e-09
14.081	0.000	-2.500	3.000	0.500	-2.400e+01	5.476e-10	-4.383e+10	-2.400e+01	-7.764e-10	3.091e+10	2.190e+01	-1.965e-09
14.990	0.000	-2.250	2.750	0.500	-2.400e+01	5.662e-10	-4.239e+10	-2.400e+01	-7.863e-10	3.052e+10	2.190e+01	-1.965e-09
15.911	0.000	-2.000	2.500	0.500	-2.400e+01	5.593e-10	-4.291e+10	-2.400e+01	-7.407e-10	3.240e+10	2.190e+01	-1.965e-09
16.924	0.000	-1.750	2.250	0.500	-2.400e+01	5.576e-10	-4.304e+10	-2.400e+01	-7.107e-10	3.377e+10	2.190e+01	-1.965e-09
17.815	0.000	-1.500	2.000	0.500	-2.400e+01	5.522e-10	-4.346e+10	-2.400e+01	-7.776e-10	3.086e+10	2.190e+01	-1.964e-09
19.081	0.000	-1.250	1.750	0.500	-2.400e+01	5.698e-10	-4.212e+10	-2.400e+01	-7.884e-10	3.044e+10	2.190e+01	-1.964e-09
20.014	0.000	-1.000	1.500	0.500	-2.400e+01	5.701e-10	-4.210e+10	-2.400e+01	-7.929e-10	3.027e+10	2.190e+01	-1.965e-09
20.941	0.000	-0.750	1.250	0.500	-2.400e+01	5.293e-10	-4.534e+10	-2.400e+01	-7.872e-10	3.049e+10	2.190e+01	-1.965e-09
22.181	0.000	-0.500	1.000	0.500	-2.400e+01	5.327e-10	-4.505e+10	-2.400e+01	-8.190e-10	2.930e+10	2.190e+01	-1.965e-09
23.146	0.000	-0.250	0.750	0.500	-2.400e+01	5.376e-10	-4.464e+10	-2.400e+01	-7.605e-10	3.156e+10	2.190e+01	-1.965e-09
24.071	0.000	0.000	0.500	0.500	-2.400e+01	5.798e-10	-4.139e+10	-2.400e+01	-7.820e-10	3.069e+10	2.190e+01	-1.965e-09
24.990	0.000	0.250	0.250	0.500	-2.400e+01	5.724e-10	-4.193e+10	-2.400e+01	-7.900e-10	3.038e+10	2.190e+01	-1.965e-09
26.131	0.000	0.500	-0.000	0.500	-2.400e+01	5.479e-10	-4.380e+10	-2.400e+01	-7.590e-10	3.162e+10	2.190e+01	-1.965e-09
27.050	0.000	0.750	-0.250	0.500	-2.400e+01	5.616e-10	-4.274e+10	-2.400e+01	-7.478e-10	3.209e+10	2.190e+01	-1.965e-09
27.981	0.000	1.000	-0.500	0.500	-2.400e+01	5.234e-10	-4.585e+10	-2.400e+01	-7.702e-10	3.116e+10	2.190e+01	-1.964e-09
29.412	0.000	1.250	-0.750	0.500	-2.400e+01	5.706e-10	-4.206e+10	-2.400e+01	-7.456e-10	3.219e+10	2.190e+01	-1.965e-09
30.532	0.000	1.500	-1.000	0.500	-2.400e+01	5.513e-10	-4.353e+10	-2.400e+01	-7.161e-10	3.351e+10	2.190e+01	-1.965e-09
31.462	0.000	1.750	-1.250	0.500	-2.400e+01	5.610e-10	-4.278e+10	-2.400e+01	-6.971e-10	3.443e+10	2.190e+01	-1.965e-09
32.400	0.000	2.000	-1.500	0.500	-2.400e+01	5.442e-10	-4.410e+10	-2.400e+01	-7.619e-10	3.150e+10	2.190e+01	-1.965e-09
33.342	0.000	2.250	-1.750	0.500	-2.400e+01	5.190e-10	-4.624e+10	-2.400e+01	-7.529e-10	3.188e+10	2.190e+01	-1.964e-09
34.601	0.000	2.500	-2.000	0.500	-2.400e+01	5.416e-10	-4.431e+10	-2.400e+01	-8.119e-10	2.956e+10	2.190e+01	-1.965e-09
35.515	0.000	2.750	-2.250	0.500	-2.400e+01	5.491e-10	-4.371e+10	-2.400e+01	-7.476e-10	3.210e+10	2.190e+01	-1.965e-09
36.482	0.000	3.000	-2.500	0.500	-2.400e+01	5.273e-10	-4.552e+10	-2.400e+01	-7.518e-10	3.192e+10	2.190e+01	-1.965e-09
38.051	0.000	3.250	-2.750	0.500	-2.400e+01	5.137e-10	-4.672e+10	-2.400e+01	-7.241e-10	3.314e+10	2.190e+01	-1.965e-09
39.921	0.000	3.500	-3.000	0.500	-2.400e+01	5.677e-10	-4.228e+10	-2.400e+01	-7.327e-10	3.276e+10	2.190e+01	-1.965e-09
40.845	0.000	3.750	-3.250	0.500	-2.400e+01	5.448e-10	-4.405e+10	-2.400e+01	-7.102e-10	3.379e+10	2.190e+01	-1.965e-09
41.771	0.000	4.000	-3.500	0.500	-2.400e+01	5.518e-10	-4.349e+10	-2.400e+01	-7.551e-10	3.178e+10	2.190e+01	-1.964e-09
42.705	0.000	4.250	-3.750	0.500	-2.400e+01	5.949e-10	-4.034e+10	-2.400e+01	-7.389e-10	3.248e+10	2.190e+01	-1.965e-09
43.975	0.000	4.500	-4.000	0.500	-2.400e+01	5.470e-10	-4.388e+10	-2.400e+01	-7.360e-10	3.261e+10	2.190e+01	-1.965e-09
44.894	0.000	4.750	-4.250	0.500	-2.400e+01	5.457e-10	-4.398e+10	-2.400e+01	-8.024e-10	2.991e+10	2.190e+01	-1.965e-09
45.811	0.000	5.000	-4.500	0.500	-2.400e+01	5.241e-10	-4.579e+10	-2.400e+01	-7.922e-10	3.029e+10	2.190e+01	-1.965e-09
46.724	0.000	5.250	-4.750	0.500	-2.400e+01	5.034e-10	-4.768e+10	-2.400e+01	-7.918e-10	3.031e+10	2.190e+01	-1.965e-09
47.861	0.000	5.500	-5.000	0.500	-2.400e+01	5.873e-10	-4.087e+10	-2.400e+01	-7.480e-10	3.209e+10	2.190e+01	-1.965e-09
48.782	0.000	5.750	-5.250	0.500	-2.400e+01	5.424e-10	-4.425e+10	-2.400e+01	-7.619e-10	3.150e+10	2.190e+01	-1.965e-09
50.405	0.000	6.000	-5.500	0.500	-2.400e+01	5.435e-10	-4.416e+10	-2.400e+01	-7.675e-10	3.127e+10	2.190e+01	-1.965e-09
51.342	0.000	6.250	-5.750	0.500	-2.400e+01	5.989e-10	-4.008e+10	-2.400e+01	-7.207e-10	3.330e+10	2.190e+01	-1.965e-09
0.875	0.250	6.250	-5.750	0.250	-2.400e+01	5.499e-10	-4.365e+10	-2.400e+01	-7.795e-10	3.079e+10	2.190e+01	-1.965e-09
1.856	0.250	6.000	-5.500	0.250	-2.400e+01	5.578e-10	-4.303e+10	-2.400e+01	-7.443e-10	3.225e+10	2.190e+01	-1.964e-09
3.576	0.250	5.750	-5.250	0.250	-2.400e+01	5.654e-10	-4.245e+10	-2.400e+01	-7.427e-10	3.232e+10	2.190e+01	-1.965e-09
4.472	0.250	5.500	-5.000	0.250	-2.400e+01	5.593e-10	-4.291e+10	-2.400e+01	-7.660e-10	3.133e+10	2.190e+01	-1.965e-09
5.365	0.250	5.250	-4.750	0.250	-2.400e+01	5.390e-10	-4.453e+10	-2.400e+01	-7.900e-10	3.038e+10	2.190e+01	-1.965e-09
6.282	0.250	5.000	-4.500	0.250	-2.400e+01	5.697e-10	-4.212e+10	-2.400e+01	-7.662e-10	3.132e+10	2.190e+01	-1.965e-09
7.176	0.250	4.750	-4.250	0.250	-2.400e+01	5.348e-10	-4.487e+10	-2.400e+01	-7.659e-10	3.134e+10	2.190e+01	-1.965e-09
8.082	0.250	4.500	-4.000	0.250	-2.400e+01	5.926e-10	-4.050e+10	-2.400e+01	-7.480e-10	3.209e+10	2.190e+01	-1.965e-09
8.993	0.250	4.250	-3.750	0.250	-2.400e+01	5.081e-10	-4.724e+10	-2.400e+01	-7.574e-10	3.169e+10	2.190e+01	-1.965e-09
9.902	0.250	4.000	-3.500	0.250	-2.400e+01	5.715e-10	-4.199e+10	-2.400e+01	-7.365e-10	3.259e+10	2.190e+01	-1.965e-09
10.813	0.250	3.750	-3.250	0.250	-2.400e+01	5.263e-10	-4.560e+10	-2.400e+01	-7.534e-10	3.185e+10	2.190e+01	-1.965e-09
11.722	0.250	3.500	-3.000	0.250	-2.400e+01	5.966e-10	-4.023e+10	-2.400e+01	-7.642e-10	3.141e+10	2.190e+01	-1.965e-09
13.193	0.250	3.250	-2.750	0.250	-2.400e+01	5.022e-10	-4.779e+10	-2.400e+01	-7.832e-10	3.064e+10	2.190e+01	-1.964e-09
14.806	0.250	3.000	-2.500	0.250	-2.400e+01	5.229e-10	-4.590e+10	-2.400e+01	-7.883e-10	3.045e+10	2.190e+01	-1.965e-09
15.933	0.250	2.750	-2.250	0.250	-2.400e+01	5.023e-10	-4.778e+10	-2.400e+01	-7.608e-10	3.154e+10	2.190e+01	-1.964e-09
16.852	0.250	2.500	-2.000	0.250	-2.400e+01	6.019e-10	-3.987e+10	-2.400e+01	-7.419e-10	3.235e+10	2.190e+01	-1.964e-09
17.773	0.250	2.250	-1.750	0.250	-2.400e+01	5.566e-10	-4.312e+10	-2.400e+01	-7.358e-10	3.262e+10	2.190e+01	-1.964e-09
18.693	0.250	2.000	-1.500	0.250	-2.400e+01	5.302e-10	-4.526e+10	-2.400e+01	-7.944e-10	3.021e+10	2.190e+01	-1.964e-09
19.633	0.250	1.750	-1.250	0.250	-2.400e+01	5.633e-10	-4.261e+10	-2.400e+01	-7.230e-10	3.320e+10	2.190e+01	-1.964e-09
20.553	0.250	1.500	-1.000	0.250	-2.400e+01	5.381e-10	-4.460e+10	-2.400e+01	-7.392e-10	3.247e+10	2.190e+01	-1.964e-09
21.523	0.250	1.250	-0.750	0.250	-2.400e+01	5.517e-10	-4.350e+10	-2.400e+01	-7.691e-10	3.121e+10	2.190e+01	-1.964e-09
22.933	0.250	1.000	-0.500	0.250	-2.400e+01	5.169e-10	-4.643e+10	-2.400e+01	-7.334e-10	3.272e+10	2.190e+01	-1.964e-09
23.953	0.250	0.750	-0.250	0.250	-2.400e+01	5.366e-10	-4.473e+10	-2.400e+01	-7.910e-10	3.034e+10	2.190e+01	-1.964e-09
24.873	0.250	0.500	0.000	0.250	-2.400e+01	5.421e-10	-4.428e+10	-2.400e+01	-7.569e-10	3.171e+10	2.190e+01	-1.964e-09
25.833	0.250	0.250	0.250	0.250	-2.400e+01	5.382e-10	-4.460e+10	-2.400e+01	-7.600e-10	3.158e+10	2.190e+01	-1.964e-09
26.763	0.250	0.000	0.500	0.250	-2.400e+01	5.502e-10	-4.362e+10	-2.400e+01	-7.212e-10	3.328e+10	2.190e+01	-1.964e-09
27.683	0.250	-0.250	0.750	0.250	-2.400e+01	5.741e-10	-4.180e+10	-2.400e+01	-7.558e-10	3.175e+10	2.190e+01	-1.964e-09
28.604	0.250	-0.500	1.000	0.250	-2.400e+01	4.947e-10	-4.852e+10	-2.400e+01	-7.421e-10	3.234e+10	2.190e+01	-1.964e-09
29.523	0.250	-0.750	1.250	0.250	-2.400e+01	5.665e-10	-4.237e+10	-2.400e+01	-7.744e-10	3.099e+10	2.190e+01	-1.964e-09
30.497	0.250	-1.000	1.500	0.250	-2.400e+01	5.708e-10	-4.205e+10	-2.400e+01	-7.465e-10	3.215e+10	2.190e+01	-1.964e-09
31.407	0.250	-1.250	1.750	0.250	-2.400e+01	5.462e-10	-4.394e+10	-2.400e+01	-7.492e-10	3.203e+10	2.190e+01	-1.964e-09
32.354	0.250	-1.500	2.000	0.250	-2.400e+01	5.346e-10	-4.489e+10	-2.400e+01	-7.697e-10	3.118e+10	2.190e+01	-1.965e-09
33.426	0.250	-1.750	2.250	0.250	-2.400e+01	5.380e-10	-4.461e+10	-2.400e+01	-7.361e-10	3.260e+10	2.190e+01	-1.965e-09
34.354	0.250	-2.000	2.500	0.250	-2.400e+01	5.731e-10	-4.188e+10	-2.400e+01	-7.444e-10	3.224e+10	2.190e+01	-1.965e-09
35.374	0.250	-2.250	2.750	0.250	-2.400e+01	5.040e-10	-4.762e+10	-2.400e+01	-7.300e-10	3.288e+10	2.190e+01	-1.964e-09
36.287	0.250	-2.500	3.000	0.250	-2.400e+01	5.128e-10	-4.680e+10	-2.400e+01	-7.361e-10	3.260e+10	2.190e+01	-1.964e-09
37.223	0.250	-2.750	3.250	0.250	-2.400e+01	5.319e-10	-4.512e+10	-2.400e+01	-7.836e-10	3.063e+10	2.190e+01	-1.964e-09
38.143	0.250	-3.000	3.500	0.250	-2.400e+01	5.183e-10	-4.631e+10	-2.400e+01	-7.191e-10	3.338e+10	2.190e+01	-1.964e-09
39.283	0.250	-3.250	3.750	0.250	-2.400e+01	5.030e-10	-4.771e+10	-2.400e+01	-8.210e-10	2.923e+10	2.190e+01	-1.964e-09
40.223	0.250	-3.500	4.000	0.250	-2.400e+01	5.521e-10	-4.347e+10	-2.400e+01	-7.395e-10	3.245e+10	2.190e+01	-1.965e-09
41.393	0.250	-3.750	4.250	0.250	-2.400e+01	5.093e-10	-4.713e+10	-2.400e+01	-7.509e-10	3.196e+10	2.190e+01	-1.964e-09
42.325	0.250	-4.000	4.500	0.250	-2.400e+01	5.317e-10	-4.514e+10	-2.400e+01	-7.793e-10	3.080e+10	2.190e+01	-1.965e-09
43.473	0.250	-4.250	4.750	0.250	-2.400e+01	5.164e-10	-4.647e+10	-2.400e+01	-8.016e-10	2.994e+10	2.190e+01	-1.965e-09
44.394	0.250	-4.500	5.000	0.250	-2.400e+01	5.760e-10	-4.167e+10	-2.400e+01	-7.502e-10	3.199e+10	2.190e+01	-1.965e-09
45.376	0.250	-4.750	5.250	0.250	-2.400e+01	5.530e-10	-4.340e+10	-2.400e+01	-7.502e-10	3.199e+10	2.190e+01	-1.965e-09
46.463	0.250	-5.000	5.500	0.250	-2.400e+01	5.987e-10	-4.009e+10	-2.400e+01	-7.606e-10	3.155e+10	2.190e+01	-1.965e-09
47.377	0.250	-5.250	5.750	0.250	-2.400e+01	5.348e-10	-4.487e+10	-2.400e+01	-7.652e-10	3.136e+10	2.190e+01	-1.965e-09
48.288	0.250	-5.500	6.000	0.250	-2.400e+01	5.478e-10	-4.381e+10	-2.400e+01	-7.668e-10	3.130e+10	2.190e+01	-1.965e-09
49.195	0.250	-5.750	6.250	0.250	-2.400e+01	5.775e-10	-4.156e+10	-2.400e+01	-7.723e-10	3.107e+10	2.190e+01	-1.965e-09
0.824	0.500	-5.750	6.250	0.000	-2.400e+01	5.675e-10	-4.229e+10	-2.400e+01	-7.287e-10	3.294e+10	2.190e+01	-1.965e-09
2.063	0.500	-5.500	6.000	0.000	-2.400e+01	5.990e-10	-4.007e+10	-2.400e+01	-7.188e-10	3.339e+10	2.190e+01	-1.965e-09
2.953	0.500	-5.250	5.750	0.000	-2.400e+01	5.600e-10	-4.285e+10	-2.400e+01	-7.512e-10	3.195e+10	2.190e+01	-1.965e-09
3.817	0.500	-5.000	5.500	0.000	-2.400e+01	5.656e-10	-4.243e+10	-2.400e+01	-6.943e-10	3.457e+10	2.190e+01	-1.964e-09
4.833	0.500	-4.750	5.250	0.000	-2.400e+01	5.513e-10	-4.354e+10	-2.400e+01	-7.460e-10	3.217e+10	2.190e+01	-1.964e-09
6.113	0.500	-4.500	5.000	0.000	-2.400e+01	5.820e-10	-4.124e+10	-2.400e+01	-7.356e-10	3.263e+10	2.190e+01	-1.965e-09
7.013	0.500	-4.250	4.750	0.000	-2.400e+01	5.623e-10	-4.268e+10	-2.400e+01	-7.723e-10	3.108e+10	2.190e+01	-1.965e-09
7.890	0.500	-4.000	4.500	0.000	-2.400e+01	5.676e-10	-4.228e+10	-2.400e+01	-7.006e-10	3.425e+10	2.190e+01	-1.964e-09
8.794	0.500	-3.750	4.250	0.000	-2.400e+01	5.825e-10	-4.120e+10	-2.400e+01	-7.786e-10	3.082e+10	2.190e+01	-1.964e-09
9.923	0.500	-3.500	4.000	0.000	-2.400e+01	5.388e-10	-4.454e+10	-2.400e+01	-7.706e-10	3.114e+10	2.190e+01	-1.964e-09
10.890	0.500	-3.250	3.750	0.000	-2.400e+01	6.041e-10	-3.973e+10	-2.400e+01	-7.517e-10	3.193e+10	2.190e+01	-1.964e-09
11.788	0.500	-3.000	3.500	0.000	-2.400e+01	5.650e-10	-4.247e+10	-2.400e+01	-7.709e-10	3.113e+10	2.190e+01	-1.964e-09
12.704	0.500	-2.750	3.250	0.000	-2.400e+01	5.479e-10	-4.380e+10	-2.400e+01	-7.655e-10	3.135e+10	2.190e+01	-1.964e-09
14.073	0.500	-2.500	3.000	0.000	-2.400e+01	5.370e-10	-4.469e+10	-2.400e+01	-7.214e-10	3.327e+10	2.190e+01	-1.964e-09
14.983	0.500	-2.250	2.750	0.000	-2.400e+01	5.817e-10	-4.126e+10	-2.400e+01	-7.434e-10	3.229e+10	2.190e+01	-1.964e-09
15.904	0.500	-2.000	2.500	0.000	-2.400e+01	6.002e-10	-3.999e+10	-2.400e+01	-7.858e-10	3.054e+10	2.190e+01	-1.964e-09
16.858	0.500	-1.750	2.250	0.000	-2.400e+01	6.012e-10	-3.992e+10	-2.400e+01	-7.895e-10	3.040e+10	2.190e+01	-1.964e-09
17.774	0.500	-1.500	2.000	0.000	-2.400e+01	5.363e-10	-4.475e+10	-2.400e+01	-7.209e-10	3.329e+10	2.190e+01	-1.964e-09
19.003	0.500	-1.250	1.750	0.000	-2.400e+01	6.112e-10	-3.927e+10	-2.400e+01	-7.670e-10	3.129e+10	2.190e+01	-1.964e-09
19.944	0.500	-1.000	1.500	0.000	-2.400e+01	6.015e-10	-3.990e+10	-2.400e+01	-7.318e-10	3.279e+10	2.190e+01	-1.964e-09
20.874	0.500	-0.750	1.250	0.000	-2.400e+01	5.471e-10	-4.387e+10	-2.400e+01	-7.916e-10	3.032e+10	2.190e+01	-1.964e-09
22.155	0.500	-0.500	1.000	0.000	-2.400e+01	5.183e-10	-4.631e+10	-2.400e+01	-7.571e-10	3.170e+10	2.190e+01	-1.964e-09
23.064	0.500	-0.250	0.750	0.000	-2.400e+01	5.738e-10	-4.182e+10	-2.400e+01	-7.204e-10	3.332e+10	2.190e+01	-1.964e-09
23.984	0.500	0.000	0.500	0.000	-2.400e+01	5.615e-10	-4.274e+10	-2.400e+01	-7.398e-10	3.244e+10	2.190e+01	-1.964e-09
25.175	0.500	0.250	0.250	0.000	-2.400e+01	5.381e-10	-4.460e+10	-2.400e+01	-8.174e-10	2.936e+10	2.190e+01	-1.964e-09
26.295	0.500	0.500	-0.000	0.000	-2.400e+01	5.270e-10	-4.554e+10	-2.400e+01	-7.897e-10	3.039e+10	2.190e+01	-1.964e-09
27.243	0.500	0.750	-0.250	0.000	-2.400e+01	5.739e-10	-4.182e+10	-2.400e+01	-7.825e-10	3.067e+10	2.190e+01	-1.964e-09
28.203	0.500	1.000	-0.500	0.000	-2.400e+01	5.519e-10	-4.349e+10	-2.400e+01	-7.666e-10	3.131e+10	2.190e+01	-1.964e-09
29.648	0.500	1.250	-0.750	0.000	-2.400e+01	5.293e-10	-4.534e+10	-2.400e+01	-7.427e-10	3.231e+10	2.190e+01	-1.964e-09
30.817	0.500	1.500	-1.000	0.000	-2.400e+01	5.104e-10	-4.702e+10	-2.400e+01	-7.897e-10	3.039e+10	2.190e+01	-1.964e-09
31.744	0.500	1.750	-1.250	0.000	-2.400e+01	4.978e-10	-4.821e+10	-2.400e+01	-7.280e-10	3.297e+10	2.190e+01	-1.964e-09
32.664	0.500	2.000	-1.500	0.000	-2.400e+01	5.205e-10	-4.611e+10	-2.400e+01	-7.604e-10	3.156e+10	2.190e+01	-1.964e-09
33.607	0.500	2.250	-1.750	0.000	-2.400e+01	5.334e-10	-4.499e+10	-2.400e+01	-7.669e-10	3.130e+10	2.190e+01	-1.964e-09
34.844	0.500	2.500	-2.000	0.000	-2.400e+01	5.164e-10	-4.648e+10	-2.400e+01	-7.271e-10	3.301e+10	2.190e+01	-1.964e-09
35.768	0.500	2.750	-2.250	0.000	-2.400e+01	5.366e-10	-4.473e+10	-2.400e+01	-6.996e-10	3.430e+10	2.190e+01	-1.964e-09
36.701	0.500	3.000	-2.500	0.000	-2.400e+01	5.381e-10	-4.460e+10	-2.400e+01	-7.440e-10	3.226e+10	2.190e+01	-1.964e-09
38.275	0.500	3.250	-2.750	0.000	-2.400e+01	5.492e-10	-4.370e+10	-2.400e+01	-7.508e-10	3.197e+10	2.190e+01	-1.964e-09
40.124	0.500	3.500	-3.000	0.000	-2.400e+01	5.592e-10	-4.292e+10	-2.400e+01	-7.362e-10	3.260e+10	2.190e+01	-1.964e-09
41.089	0.500	3.750	-3.250	0.000	-2.400e+01	5.502e-10	-4.362e+10	-2.400e+01	-7.957e-10	3.016e+10	2.190e+01	-1.964e-09
41.997	0.500	4.000	-3.500	0.000	-2.400e+01	5.556e-10	-4.320e+10	-2.400e+01	-8.012e-10	2.995e+10	2.190e+01	-1.964e-09
42.914	0.500	4.250	-3.750	0.000	-2.400e+01	5.269e-10	-4.555e+10	-2.400e+01	-7.457e-10	3.218e+10	2.190e+01	-1.964e-09
44.244	0.500	4.500	-4.000	0.000	-2.400e+01	5.665e-10	-4.236e+10	-2.400e+01	-7.350e-10	3.265e+10	2.190e+01	-1.964e-09
45.164	0.500	4.750	-4.250	0.000	-2.400e+01	5.254e-10	-4.568e+10	-2.400e+01	-7.496e-10	3.202e+10	2.190e+01	-1.964e-09
46.078	0.500	5.000	-4.500	0.000	-2.400e+01	5.267e-10	-4.556e+10	-2.400e+01	-7.778e-10	3.085e+10	2.190e+01	-1.964e-09
46.994	0.500	5.250	-4.750	0.000	-2.400e+01	5.501e-10	-4.363e+10	-2.400e+01	-7.937e-10	3.024e+10	2.190e+01	-1.964e-09
48.124	0.500	5.500	-5.000	0.000	-2.400e+01	4.724e-10	-5.081e+10	-2.400e+01	-7.592e-10	3.161e+10	2.190e+01	-1.964e-09
49.044	0.500	5.750	-5.250	0.000	-2.400e+01	5.023e-10	-4.778e+10	-2.400e+01	-7.474e-10	3.211e+10	2.190e+01	-1.964e-09
50.614	0.500	6.000	-5.500	0.000	-2.400e+01	5.310e-10	-4.520e+10	-2.400e+01	-7.713e-10	3.112e+10	2.190e+01	-1.964e-09
51.528	0.500	6.250	-5.750	0.000	-2.400e+01	5.455e-10	-4.400e+10	-2.400e+01	-7.723e-10	3.108e+10	2.190e+01	-1.964e-09
0.937	0.750	6.250	-5.750	-0.250	-2.400e+01	5.388e-10	-4.455e+10	-2.400e+01	-7.669e-10	3.130e+10	2.190e+01	-1.964e-09
1.935	0.750	6.000	-5.500	-0.250	-2.400e+01	5.340e-10	-4.494e+10	-2.400e+01	-7.423e-10	3.233e+10	2.190e+01	-1.964e-09
3.653	0.750	5.750	-5.250	-0.250	-2.400e+01	5.387e-10	-4.455e+10	-2.400e+01	-7.649e-10	3.138e+10	2.190e+01	-1.964e-09
4.546	0.750	5.500	-5.000	-0.250	-2.400e+01	5.121e-10	-4.687e+10	-2.400e+01	-7.687e-10	3.122e+10	2.190e+01	-1.964e-09
5.436	0.750	5.250	-4.750	-0.250	-2.400e+01	5.318e-10	-4.513e+10	-2.400e+01	-7.253e-10	3.309e+10	2.190e+01	-1.964e-09
6.341	0.750	5.000	-4.500	-0.250	-2.400e+01	5.949e-10	-4.034e+10	-2.400e+01	-7.577e-10	3.167e+10	2.190e+01	-1.964e-09
7.247	0.750	4.750	-4.250	-0.250	-2.400e+01	5.892e-10	-4.073e+10	-2.400e+01	-7.446e-10	3.223e+10	2.190e+01	-1.964e-09
8.126	0.750	4.500	-4.000	-0.250	-2.400e+01	5.385e-10	-4.457e+10	-2.400e+01	-7.975e-10	3.009e+10	2.190e+01	-1.964e-09
9.030	0.750	4.250	-3.750	-0.250	-2.400e+01	5.293e-10	-4.534e+10	-2.400e+01	-7.260e-10	3.306e+10	2.190e+01	-1.964e-09
9.941	0.750	4.000	-3.500	-0.250	-2.400e+01	5.464e-10	-4.392e+10	-2.400e+01	-7.662e-10	3.132e+10	2.190e+01	-1.964e-09
10.820	0.750	3.750	-3.250	-0.250	-2.400e+01	5.464e-10	-4.392e+10	-2.400e+01	-7.486e-10	3.206e+10	2.190e+01	-1.964e-09
11.726	0.750	3.500	-3.000	-0.250	-2.400e+01	5.272e-10	-4.553e+10	-2.400e+01	-7.383e-10	3.251e+10	2.190e+01	-1.964e-09
13.219	0.750	3.250	-2.750	-0.250	-2.400e+01	5.562e-10	-4.315e+10	-2.400e+01	-7.309e-10	3.283e+10	2.190e+01	-1.964e-09
14.887	0.750	3.000	-2.500	-0.250	-2.400e+01	5.760e-10	-4.166e+10	-2.400e+01	-7.224e-10	3.322e+10	2.190e+01	-1.964e-09
15.971	0.750	2.750	-2.250	-0.250	-2.400e+01	5.717e-10	-4.198e+10	-2.400e+01	-7.158e-10	3.353e+10	2.190e+01	-1.964e-09
16.906	0.750	2.500	-2.000	-0.250	-2.400e+01	5.477e-10	-4.382e+10	-2.400e+01	-7.648e-10	3.138e+10	2.190e+01	-1.966e-09
17.817	0.750	2.250	-1.750	-0.250	-2.400e+01	5.697e-10	-4.212e+10	-2.400e+01	-7.585e-10	3.164e+10	2.190e+01	-1.964e-09
18.779	0.750	2.000	-1.500	-0.250	-2.400e+01	5.643e-10	-4.253e+10	-2.400e+01	-7.777e-10	3.086e+10	2.190e+01	-1.964e-09
19.687	0.750	1.750	-1.250	-0.250	-2.400e+01	5.719e-10	-4.196e+10	-2.400e+01	-7.925e-10	3.029e+10	2.190e+01	-1.964e-09
20.606	0.750	1.500	-1.000	-0.250	-2.400e+01	5.629e-10	-4.264e+10	-2.400e+01	-7.561e-10	3.174e+10	2.190e+01	-1.964e-09
21.527	0.750	1.250	-0.750	-0.250	-2.400e+01	5.491e-10	-4.370e+10	-2.400e+01	-7.301e-10	3.287e+10	2.190e+01	-1.964e-09
22.920	0.750	1.000	-0.500	-0.250	-2.400e+01	5.435e-10	-4.416e+10	-2.400e+01	-7.247e-10	3.312e+10	2.190e+01	-1.964e-09
23.988	0.750	0.750	-0.250	-0.250	-2.400e+01	5.647e-10	-4.250e+10	-2.400e+01	-7.299e-10	3.288e+10	2.190e+01	-1.964e-09
24.927	0.750	0.500	0.000	-0.250	-2.400e+01	5.509e-10	-4.356e+10	-2.400e+01	-7.287e-10	3.293e+10	2.190e+01	-1.964e-09
25.896	0.750	0.250	0.250	-0.250	-2.400e+01	5.368e-10	-4.471e+10	-2.400e+01	-7.324e-10	3.277e+10	2.190e+01	-1.964e-09
27.008	0.750	0.000	0.500	-0.250	-2.400e+01	5.144e-10	-4.665e+10	-2.400e+01	-7.694e-10	3.119e+10	2.190e+01	-1.964e-09
27.928	0.750	-0.250	0.750	-0.250	-2.400e+01	5.838e-10	-4.111e+10	-2.400e+01	-7.732e-10	3.104e+10	2.190e+01	-1.964e-09
28.828	0.750	-0.500	1.000	-0.250	-2.400e+01	5.697e-10	-4.212e+10	-2.400e+01	-7.244e-10	3.313e+10	2.190e+01	-1.964e-09
29.747	0.750	-0.750	1.250	-0.250	-2.400e+01	5.509e-10	-4.357e+10	-2.400e+01	-7.374e-10	3.254e+10	2.190e+01	-1.964e-09
30.651	0.750	-1.000	1.500	-0.250	-2.400e+01	5.538e-10	-4.334e+10	-2.400e+01	-7.330e-10	3.274e+10	2.190e+01	-1.964e-09
31.560	0.750	-1.250	1.750	-0.250	-2.400e+01	5.946e-10	-4.036e+10	-2.400e+01	-7.356e-10	3.262e+10	2.190e+01	-1.964e-09
32.527	0.750	-1.500	2.000	-0.250	-2.400e+01	5.813e-10	-4.129e+10	-2.400e+01	-7.782e-10	3.084e+10	2.190e+01	-1.964e-09
33.587	0.750	-1.750	2.250	-0.250	-2.400e+01	5.411e-10	-4.436e+10	-2.400e+01	-7.217e-10	3.325e+10	2.190e+01	-1.964e-09
34.507	0.750	-2.000	2.500	-0.250	-2.400e+01	5.913e-10	-4.059e+10	-2.400e+01	-7.341e-10	3.269e+10	2.190e+01	-1.964e-09
35.517	0.750	-2.250	2.750	-0.250	-2.400e+01	5.155e-10	-4.655e+10	-2.400e+01	-7.522e-10	3.191e+10	2.190e+01	-1.964e-09
36.437	0.750	-2.500	3.000	-0.250	-2.400e+01	5.302e-10	-4.526e+10	-2.400e+01	-7.655e-10	3.135e+10	2.190e+01	-1.964e-09
37.357	0.750	-2.750	3.250	-0.250	-2.400e+01	5.606e-10	-4.281e+10	-2.400e+01	-7.553e-10	3.177e+10	2.190e+01	-1.964e-09
38.277	0.750	-3.000	3.500	-0.250	-2.400e+01	5.595e-10	-4.290e+10	-2.400e+01	-8.258e-10	2.906e+10	2.190e+01	-1.964e-09
39.288	0.750	-3.250	3.750	-0.250	-2.400e+01	6.051e-10	-3.966e+10	-2.400e+01	-7.537e-10	3.184e+10	2.190e+01	-1.964e-09
40.207	0.750	-3.500	4.000	-0.250	-2.400e+01	5.742e-10	-4.179e+10	-2.400e+01	-7.361e-10	3.261e+10	2.190e+01	-1.964e-09
41.467	0.750	-3.750	4.250	-0.250	-2.400e+01	5.178e-10	-4.635e+10	-2.400e+01	-7.859e-10	3.054e+10	2.190e+01	-1.964e-09
42.381	0.750	-4.000	4.500	-0.250	-2.400e+01	5.499e-10	-4.364e+10	-2.400e+01	-7.829e-10	3.066e+10	2.190e+01	-1.964e-09
43.387	0.750	-4.250	4.750	-0.250	-2.400e+01	6.328e-10	-3.793e+10	-2.400e+01	-7.246e-10	3.312e+10	2.190e+01	-1.964e-09
44.308	0.750	-4.500	5.000	-0.250	-2.400e+01	5.811e-10	-4.130e+10	-2.400e+01	-7.741e-10	3.100e+10	2.190e+01	-1.964e-09
45.227	0.750	-4.750	5.250	-0.250	-2.400e+01	5.448e-10	-4.405e+10	-2.400e+01	-7.295e-10	3.290e+10	2.190e+01	-1.964e-09
46.288	0.750	-5.000	5.500	-0.250	-2.400e+01	6.000e-10	-4.000e+10	-2.400e+01	-7.606e-10	3.156e+10	2.190e+01	-1.964e-09
47.207	0.750	-5.250	5.750	-0.250	-2.400e+01	5.919e-10	-4.055e+10	-2.400e+01	-7.426e-10	3.232e+10	2.190e+01	-1.964e-09
48.179	0.750	-5.500	6.000	-0.250	-2.400e+01	5.459e-10	-4.396e+10	-2.400e+01	-7.834e-10	3.063e+10	2.190e+01	-1.964e-09
49.122	0.750	-5.750	6.250	-0.250	-2.400e+01	5.440e-10	-4.411e+10	-2.400e+01	-7.861e-10	3.053e+10	2.190e+01	-1.964e-09
1.735	1.000	-5.750	6.250	-0.500	-2.400e+01	5.305e-10	-4.524e+10	-2.400e+01	-7.610e-10	3.154e+10	2.190e+01	-1.964e-09
2.964	1.000	-5.500	6.000	-0.500	-2.400e+01	6.007e-10	-3.996e+10	-2.400e+01	-7.550e-10	3.179e+10	2.190e+01	-1.964e-09
3.855	1.000	-5.250	5.750	-0.500	-2.400e+01	5.584e-10	-4.298e+10	-2.400e+01	-7.856e-10	3.055e+10	2.190e+01	-1.964e-09
4.745	1.000	-5.000	5.500	-0.500	-2.400e+01	5.332e-10	-4.501e+10	-2.400e+01	-7.738e-10	3.101e+10	2.190e+01	-1.964e-09
5.705	1.000	-4.750	5.250	-0.500	-2.400e+01	5.656e-10	-4.244e+10	-2.400e+01	-7.497e-10	3.201e+10	2.190e+01	-1.964e-09
6.939	1.000	-4.500	5.000	-0.500	-2.400e+01	5.638e-10	-4.257e+10	-2.400e+01	-7.537e-10	3.184e+10	2.190e+01	-1.964e-09
7.847	1.000	-4.250	4.750	-0.500	-2.400e+01	5.524e-10	-4.345e+10	-2.400e+01	-7.891e-10	3.041e+10	2.190e+01	-1.964e-09
8.738	1.000	-4.000	4.500	-0.500	-2.400e+01	5.524e-10	-4.344e+10	-2.400e+01	-7.761e-10	3.093e+10	2.190e+01	-1.964e-09
9.645	1.000	-3.750	4.250	-0.500	-2.400e+01	5.492e-10	-4.370e+10	-2.400e+01	-8.249e-10	2.910e+10	2.190e+01	-1.964e-09
10.769	1.000	-3.500	4.000	-0.500	-2.400e+01	5.742e-10	-4.180e+10	-2.400e+01	-7.386e-10	3.249e+10	2.190e+01	-1.964e-09
11.679	1.000	-3.250	3.750	-0.500	-2.400e+01	5.907e-10	-4.063e+10	-2.400e+01	-7.614e-10	3.152e+10	2.190e+01	-1.964e-09
12.625	1.000	-3.000	3.500	-0.500	-2.400e+01	5.609e-10	-4.279e+10	-2.400e+01	-7.798e-10	3.078e+10	2.190e+01	-1.964e-09
13.535	1.000	-2.750	3.250	-0.500	-2.400e+01	6.067e-10	-3.956e+10	-2.400e+01	-7.713e-10	3.111e+10	2.190e+01	-1.964e-09
14.934	1.000	-2.500	3.000	-0.500	-2.400e+01	5.617e-10	-4.272e+10	-2.400e+01	-7.548e-10	3.180e+10	2.190e+01	-1.964e-09
15.858	1.000	-2.250	2.750	-0.500	-2.400e+01	5.680e-10	-4.225e+10	-2.400e+01	-7.939e-10	3.023e+10	2.190e+01	-1.964e-09
16.768	1.000	-2.000	2.500	-0.500	-2.400e+01	5.693e-10	-4.216e+10	-2.400e+01	-7.279e-10	3.297e+10	2.190e+01	-1.964e-09
17.795	1.000	-1.750	2.250	-0.500	-2.400e+01	5.192e-10	-4.622e+10	-2.400e+01	-7.784e-10	3.083e+10	2.190e+01	-1.964e-09
18.725	1.000	-1.500	2.000	-0.500	-2.400e+01	5.498e-10	-4.365e+10	-2.400e+01	-7.611e-10	3.153e+10	2.190e+01	-1.964e-09
19.988	1.000	-1.250	1.750	-0.500	-2.400e+01	5.772e-10	-4.158e+10	-2.400e+01	-7.755e-10	3.095e+10	2.190e+01	-1.964e-09
20.956	1.000	-1.000	1.500	-0.500	-2.400e+01	5.520e-10	-4.348e+10	-2.400e+01	-7.185e-10	3.340e+10	2.190e+01	-1.964e-09
21.856	1.000	-0.750	1.250	-0.500	-2.400e+01	5.380e-10	-4.461e+10	-2.400e+01	-7.211e-10	3.328e+10	2.190e+01	-1.964e-09
23.087	1.000	-0.500	1.000	-0.500	-2.400e+01	5.220e-10	-4.598e+10	-2.400e+01	-7.734e-10	3.103e+10	2.190e+01	-1.964e-09
24.000	1.000	-0.250	0.750	-0.500	-2.400e+01	5.436e-10	-4.415e+10	-2.400e+01	-7.762e-10	3.092e+10	2.190e+01	-1.964e-09
24.950	1.000	0.000	0.500	-0.500	-2.400e+01	5.693e-10	-4.216e+10	-2.400e+01	-7.221e-10	3.324e+10	2.190e+01	-1.964e-09
25.972	1.000	0.250	0.250	-0.500	-2.400e+01	5.284e-10	-4.542e+10	-2.400e+01	-7.599e-10	3.158e+10	2.190e+01	-1.964e-09
27.097	1.000	0.500	-0.000	-0.500	-2.400e+01	5.574e-10	-4.305e+10	-2.400e+01	-7.350e-10	3.265e+10	2.190e+01	-1.964e-09
28.028	1.000	0.750	-0.250	-0.500	-2.400e+01	5.752e-10	-4.173e+10	-2.400e+01	-7.461e-10	3.217e+10	2.190e+01	-1.964e-09
29.030	1.000	1.000	-0.500	-0.500	-2.400e+01	5.694e-10	-4.215e+10	-2.400e+01	-7.255e-10	3.308e+10	2.190e+01	-1.964e-09
30.487	1.000	1.250	-0.750	-0.500	-2.400e+01	5.563e-10	-4.314e+10	-2.400e+01	-7.561e-10	3.174e+10	2.190e+01	-1.964e-09
31.621	1.000	1.500	-1.000	-0.500	-2.400e+01	5.876e-10	-4.084e+10	-2.400e+01	-7.646e-10	3.139e+10	2.190e+01	-1.964e-09
32.546	1.000	1.750	-1.250	-0.500	-2.400e+01	5.550e-10	-4.324e+10	-2.400e+01	-7.611e-10	3.153e+10	2.190e+01	-1.964e-09
33.547	1.000	2.000	-1.500	-0.500	-2.400e+01	5.409e-10	-4.437e+10	-2.400e+01	-7.746e-10	3.098e+10	2.190e+01	-1.964e-09
34.476	1.000	2.250	-1.750	-0.500	-2.400e+01	5.257e-10	-4.565e+10	-2.400e+01	-7.310e-10	3.283e+10	2.190e+01	-1.964e-09
35.717	1.000	2.500	-2.000	-0.500	-2.400e+01	5.796e-10	-4.141e+10	-2.400e+01	-7.739e-10	3.101e+10	2.190e+01	-1.964e-09
36.646	1.000	2.750	-2.250	-0.500	-2.400e+01	5.563e-10	-4.314e+10	-2.400e+01	-7.573e-10	3.169e+10	2.190e+01	-1.964e-09
37.567	1.000	3.000	-2.500	-0.500	-2.400e+01	5.607e-10	-4.280e+10	-2.400e+01	-7.209e-10	3.329e+10	2.190e+01	-1.964e-09
39.137	1.000	3.250	-2.750	-0.500	-2.400e+01	5.144e-10	-4.666e+10	-2.400e+01	-7.715e-10	3.111e+10	2.190e+01	-1.964e-09
40.998	1.000	3.500	-3.000	-0.500	-2.400e+01	5.295e-10	-4.533e+10	-2.400e+01	-7.884e-10	3.044e+10	2.190e+01	-1.964e-09
41.946	1.000	3.750	-3.250	-0.500	-2.400e+01	5.461e-10	-4.395e+10	-2.400e+01	-7.704e-10	3.115e+10	2.190e+01	-1.964e-09
42.889	1.000	4.000	-3.500	-0.500	-2.400e+01	5.435e-10	-4.416e+10	-2.400e+01	-7.413e-10	3.238e+10	2.190e+01	-1.964e-09
43.810	1.000	4.250	-3.750	-0.500	-2.400e+01	5.400e-10	-4.444e+10	-2.400e+01	-7.582e-10	3.165e+10	2.190e+01	-1.964e-09
45.106	1.000	4.500	-4.000	-0.500	-2.400e+01	5.831e-10	-4.116e+10	-2.400e+01	-7.449e-10	3.222e+10	2.190e+01	-1.964e-09
46.028	1.000	4.750	-4.250	-0.500	-2.400e+01	5.447e-10	-4.406e+10	-2.400e+01	-7.638e-10	3.142e+10	2.190e+01	-1.964e-09
46.968	1.000	5.000	-4.500	-0.500	-2.400e+01	5.682e-10	-4.224e+10	-2.400e+01	-7.508e-10	3.196e+10	2.190e+01	-1.964e-09
47.918	1.000	5.250	-4.750	-0.500	-2.400e+01	5.490e-10	-4.371e+10	-2.400e+01	-7.258e-10	3.307e+10	2.190e+01	-1.964e-09
49.012	1.000	5.500	-5.000	-0.500	-2.400e+01	5.368e-10	-4.471e+10	-2.400e+01	-7.771e-10	3.088e+10	2.190e+01	-1.964e-09
49.960	1.000	5.750	-5.250	-0.500	-2.400e+01	6.078e-10	-3.949e+10	-2.400e+01	-7.285e-10	3.294e+10	2.190e+01	-1.964e-09
51.557	1.000	6.000	-5.500	-0.500	-2.400e+01	5.558e-10	-4.318e+10	-2.400e+01	-7.368e-10	3.257e+10	2.190e+01	-1.964e-09
52.487	1.000	6.250	-5.750	-0.500	-2.400e+01	5.329e-10	-4.503e+10	-2.400e+01	-7.758e-10	3.094e+10	2.190e+01	-1.964e-09
0.831	1.250	6.250	-5.750	-0.750	-2.400e+01	5.182e-10	-4.631e+10	-2.400e+01	-7.580e-10	3.166e+10	2.190e+01	-1.964e-09
1.832	1.250	6.000	-5.500	-0.750	-2.400e+01	5.433e-10	-4.418e+10	-2.400e+01	-7.519e-10	3.192e+10	2.190e+01	-1.964e-09
3.540	1.250	5.750	-5.250	-0.750	-2.400e+01	5.546e-10	-4.327e+10	-2.400e+01	-7.492e-10	3.203e+10	2.190e+01	-1.964e-09
4.429	1.250	5.500	-5.000	-0.750	-2.400e+01	5.370e-10	-4.470e+10	-2.400e+01	-7.529e-10	3.188e+10	2.190e+01	-1.964e-09
5.382	1.250	5.250	-4.750	-0.750	-2.400e+01	5.463e-10	-4.393e+10	-2.400e+01	-7.777e-10	3.086e+10	2.190e+01	-1.964e-09
6.279	1.250	5.000	-4.500	-0.750	-2.400e+01	5.912e-10	-4.059e+10	-2.400e+01	-7.821e-10	3.069e+10	2.190e+01	-1.964e-09
7.169	1.250	4.750	-4.250	-0.750	-2.400e+01	5.045e-10	-4.758e+10	-2.400e+01	-7.402e-10	3.242e+10	2.190e+01	-1.964e-09
8.054	1.250	4.500	-4.000	-0.750	-2.400e+01	5.069e-10	-4.735e+10	-2.400e+01	-7.430e-10	3.230e+10	2.190e+01	-1.964e-09
8.959	1.250	4.250	-3.750	-0.750	-2.400e+01	5.260e-10	-4.563e+10	-2.400e+01	-7.938e-10	3.024e+10	2.190e+01	-1.964e-09
9.859	1.250	4.000	-3.500	-0.750	-2.400e+01	5.842e-10	-4.108e+10	-2.400e+01	-7.550e-10	3.179e+10	2.190e+01	-1.964e-09
10.779	1.250	3.750	-3.250	-0.750	-2.400e+01	5.256e-10	-4.566e+10	-2.400e+01	-7.907e-10	3.035e+10	2.190e+01	-1.964e-09
11.681	1.250	3.500	-3.000	-0.750	-2.400e+01	5.415e-10	-4.432e+10	-2.400e+01	-7.190e-10	3.338e+10	2.190e+01	-1.964e-09
13.120	1.250	3.250	-2.750	-0.750	-2.400e+01	5.210e-10	-4.607e+10	-2.400e+01	-8.044e-10	2.984e+10	2.190e+01	-1.964e-09
14.654	1.250	3.000	-2.500	-0.750	-2.400e+01	5.221e-10	-4.597e+10	-2.400e+01	-7.766e-10	3.090e+10	2.190e+01	-1.964e-09
15.770	1.250	2.750	-2.250	-0.750	-2.400e+01	5.153e-10	-4.657e+10	-2.400e+01	-7.867e-10	3.051e+10	2.190e+01	-1.964e-09
16.680	1.250	2.500	-2.000	-0.750	-2.400e+01	5.057e-10	-4.746e+10	-2.400e+01	-7.412e-10	3.238e+10	2.190e+01	-1.964e-09
17.629	1.250	2.250	-1.750	-0.750	-2.400e+01	5.350e-10	-4.486e+10	-2.400e+01	-7.870e-10	3.049e+10	2.190e+01	-1.964e-09
18.569	1.250	2.000	-1.500	-0.750	-2.400e+01	5.891e-10	-4.074e+10	-2.400e+01	-8.116e-10	2.957e+10	2.190e+01	-1.964e-09
19.641	1.250	1.750	-1.250	-0.750	-2.400e+01	4.922e-10	-4.876e+10	-2.400e+01	-7.896e-10	3.039e+10	2.190e+01	-1.964e-09
20.572	1.250	1.500	-1.000	-0.750	-2.400e+01	5.212e-10	-4.604e+10	-2.400e+01	-7.903e-10	3.037e+10	2.190e+01	-1.964e-09
21.490	1.250	1.250	-0.750	-0.750	-2.400e+01	5.441e-10	-4.411e+10	-2.400e+01	-7.541e-10	3.182e+10	2.190e+01	-1.964e-09
22.923	1.250	1.000	-0.500	-0.750	-2.400e+01	5.072e-10	-4.732e+10	-2.400e+01	-7.518e-10	3.192e+10	2.190e+01	-1.964e-09
23.989	1.250	0.750	-0.250	-0.750	-2.400e+01	5.401e-10	-4.444e+10	-2.400e+01	-7.869e-10	3.050e+10	2.190e+01	-1.964e-09
24.910	1.250	0.500	0.000	-0.750	-2.400e+01	5.008e-10	-4.793e+10	-2.400e+01	-7.437e-10	3.227e+10	2.190e+01	-1.964e-09
25.830	1.250	0.250	0.250	-0.750	-2.400e+01	5.354e-10	-4.483e+10	-2.400e+01	-7.558e-10	3.175e+10	2.190e+01	-1.964e-09
26.850	1.250	0.000	0.500	-0.750	-2.400e+01	4.935e-10	-4.863e+10	-2.400e+01	-7.901e-10	3.038e+10	2.190e+01	-1.964e-09
27.750	1.250	-0.250	0.750	-0.750	-2.400e+01	5.073e-10	-4.731e+10	-2.400e+01	-7.691e-10	3.121e+10	2.190e+01	-1.964e-09
28.665	1.250	-0.500	1.000	-0.750	-2.400e+01	5.332e-10	-4.501e+10	-2.400e+01	-7.664e-10	3.131e+10	2.190e+01	-1.964e-09
29.602	1.250	-0.750	1.250	-0.750	-2.400e+01	5.330e-10	-4.502e+10	-2.400e+01	-7.706e-10	3.114e+10	2.190e+01	-1.964e-09
30.521	1.250	-1.000	1.500	-0.750	-2.400e+01	4.799e-10	-5.001e+10	-2.400e+01	-8.236e-10	2.914e+10	2.190e+01	-1.964e-09
31.460	1.250	-1.250	1.750	-0.750	-2.400e+01	5.254e-10	-4.568e+10	-2.400e+01	-8.040e-10	2.985e+10	2.190e+01	-1.964e-09
32.469	1.250	-1.500	2.000	-0.750	-2.400e+01	5.372e-10	-4.467e+10	-2.400e+01	-7.668e-10	3.130e+10	2.190e+01	-1.964e-09
33.601	1.250	-1.750	2.250	-0.750	-2.400e+01	5.023e-10	-4.778e+10	-2.400e+01	-7.717e-10	3.110e+10	2.190e+01	-1.964e-09
34.528	1.250	-2.000	2.500	-0.750	-2.400e+01	4.750e-10	-5.053e+10	-2.400e+01	-7.456e-10	3.219e+10	2.190e+01	-1.964e-09
35.682	1.250	-2.250	2.750	-0.750	-2.400e+01	5.476e-10	-4.382e+10	-2.400e+01	-7.536e-10	3.185e+10	2.190e+01	-1.964e-09
36.619	1.250	-2.500	3.000	-0.750	-2.400e+01	5.197e-10	-4.618e+10	-2.400e+01	-7.762e-10	3.092e+10	2.190e+01	-1.964e-09
37.563	1.250	-2.750	3.250	-0.750	-2.400e+01	4.889e-10	-4.909e+10	-2.400e+01	-7.792e-10	3.080e+10	2.190e+01	-1.964e-09
38.453	1.250	-3.000	3.500	-0.750	-2.400e+01	4.836e-10	-4.963e+10	-2.400e+01	-8.003e-10	2.999e+10	2.190e+01	-1.964e-09
39.400	1.250	-3.250	3.750	-0.750	-2.400e+01	5.273e-10	-4.552e+10	-2.400e+01	-7.148e-10	3.358e+10	2.190e+01	-1.964e-09
40.320	1.250	-3.500	4.000	-0.750	-2.400e+01	5.091e-10	-4.714e+10	-2.400e+01	-8.310e-10	2.888e+10	2.190e+01	-1.964e-09
41.600	1.250	-3.750	4.250	-0.750	-2.400e+01	5.375e-10	-4.465e+10	-2.400e+01	-7.691e-10	3.120e+10	2.190e+01	-1.964e-09
42.521	1.250	-4.000	4.500	-0.750	-2.400e+01	4.971e-10	-4.828e+10	-2.400e+01	-7.673e-10	3.128e+10	2.190e+01	-1.964e-09
43.530	1.250	-4.250	4.750	-0.750	-2.400e+01	5.315e-10	-4.515e+10	-2.400e+01	-7.828e-10	3.066e+10	2.190e+01	-1.964e-09
44.450	1.250	-4.500	5.000	-0.750	-2.400e+01	5.231e-10	-4.588e+10	-2.400e+01	-7.921e-10	3.030e+10	2.190e+01	-1.964e-09
45.370	1.250	-4.750	5.250	-0.750	-2.400e+01	5.680e-10	-4.225e+10	-2.400e+01	-7.562e-10	3.174e+10	2.190e+01	-1.964e-09
46.440	1.250	-5.000	5.500	-0.750	-2.400e+01	5.180e-10	-4.633e+10	-2.400e+01	-7.711e-10	3.112e+10	2.190e+01	-1.964e-09
47.360	1.250	-5.250	5.750	-0.750	-2.400e+01	4.961e-10	-4.837e+10	-2.400e+01	-7.900e-10	3.038e+10	2.190e+01	-1.964e-09
48.260	1.250	-5.500	6.000	-0.750	-2.400e+01	5.420e-10	-4.428e+10	-2.400e+01	-8.309e-10	2.889e+10	2.190e+01	-1.964e-09
49.240	1.250	-5.750	6.250	-0.750	-2.400e+01	5.331e-10	-4.502e+10	-2.400e+01	-8.185e-10	2.932e+10	2.190e+01	-1.964e-09
0.856	1.500	-5.750	6.250	-1.000	-2.400e+01	5.042e-10	-4.760e+10	-2.400e+01	-7.466e-10	3.215e+10	2.190e+01	-1.964e-09
2.097	1.500	-5.500	6.000	-1.000	-2.400e+01	5.827e-10	-4.119e+10	-2.400e+01	-7.811e-10	3.073e+10	2.190e+01	-1.964e-09
2.991	1.500	-5.250	5.750	-1.000	-2.400e+01	5.156e-10	-4.655e+10	-2.400e+01	-7.433e-10	3.229e+10	2.190e+01	-1.964e-09
3.891	1.500	-5.000	5.500	-1.000	-2.400e+01	5.298e-10	-4.530e+10	-2.400e+01	-7.693e-10	3.120e+10	2.190e+01	-1.964e-09
4.891	1.500	-4.750	5.250	-1.000	-2.400e+01	5.356e-10	-4.481e+10	-2.400e+01	-7.669e-10	3.130e+10	2.190e+01	-1.964e-09
6.147	1.500	-4.500	5.000	-1.000	-2.400e+01	4.892e-10	-4.906e+10	-2.400e+01	-7.826e-10	3.067e+10	2.190e+01	-1.964e-09
7.047	1.500	-4.250	4.750	-1.000	-2.400e+01	5.153e-10	-4.658e+10	-2.400e+01	-7.635e-10	3.144e+10	2.190e+01	-1.964e-09
7.940	1.500	-4.000	4.500	-1.000	-2.400e+01	5.685e-10	-4.221e+10	-2.400e+01	-7.621e-10	3.149e+10	2.190e+01	-1.964e-09
8.847	1.500	-3.750	4.250	-1.000	-2.400e+01	5.057e-10	-4.746e+10	-2.400e+01	-7.898e-10	3.039e+10	2.190e+01	-1.964e-09
9.990	1.500	-3.500	4.000	-1.000	-2.400e+01	5.625e-10	-4.267e+10	-2.400e+01	-7.994e-10	3.002e+10	2.190e+01	-1.964e-09
10.897	1.500	-3.250	3.750	-1.000	-2.400e+01	5.017e-10	-4.784e+10	-2.400e+01	-7.450e-10	3.222e+10	2.190e+01	-1.964e-09
11.807	1.500	-3.000	3.500	-1.000	-2.400e+01	5.258e-10	-4.565e+10	-2.400e+01	-7.762e-10	3.092e+10	2.190e+01	-1.964e-09
12.728	1.500	-2.750	3.250	-1.000	-2.400e+01	5.575e-10	-4.305e+10	-2.400e+01	-7.892e-10	3.041e+10	2.190e+01	-1.964e-09
14.058	1.500	-2.500	3.000	-1.000	-2.400e+01	5.756e-10	-4.169e+10	-2.400e+01	-8.287e-10	2.896e+10	2.190e+01	-1.964e-09
15.020	1.500	-2.250	2.750	-1.000	-2.400e+01	5.358e-10	-4.479e+10	-2.400e+01	-8.004e-10	2.999e+10	2.190e+01	-1.964e-09
15.930	1.500	-2.000	2.500	-1.000	-2.400e+01	5.313e-10	-4.517e+10	-2.400e+01	-7.785e-10	3.083e+10	2.190e+01	-1.964e-09
16.930	1.500	-1.750	2.250	-1.000	-2.400e+01	5.382e-10	-4.459e+10	-2.400e+01	-7.952e-10	3.018e+10	2.190e+01	-1.964e-09
17.857	1.500	-1.500	2.000	-1.000	-2.400e+01	5.601e-10	-4.285e+10	-2.400e+01	-7.586e-10	3.164e+10	2.190e+01	-1.964e-09
19.087	1.500	-1.250	1.750	-1.000	-2.400e+01	5.345e-10	-4.490e+10	-2.400e+01	-8.049e-10	2.982e+10	2.190e+01	-1.964e-09
19.998	1.500	-1.000	1.500	-1.000	-2.400e+01	5.572e-10	-4.307e+10	-2.400e+01	-7.600e-10	3.158e+10	2.190e+01	-1.964e-09
20.927	1.500	-0.750	1.250	-1.000	-2.400e+01	5.372e-10	-4.468e+10	-2.400e+01	-7.842e-10	3.061e+10	2.190e+01	-1.964e-09
22.160	1.500	-0.500	1.000	-1.000	-2.400e+01	5.095e-10	-4.710e+10	-2.400e+01	-7.849e-10	3.058e+10	2.190e+01	-1.964e-09
23.078	1.500	-0.250	0.750	-1.000	-2.400e+01	5.079e-10	-4.725e+10	-2.400e+01	-7.469e-10	3.213e+10	2.190e+01	-1.964e-09
24.000	1.500	0.000	0.500	-1.000	-2.400e+01	5.224e-10	-4.594e+10	-2.400e+01	-7.395e-10	3.245e+10	2.190e+01	-1.964e-09
24.921	1.500	0.250	0.250	-1.000	-2.400e+01	5.543e-10	-4.330e+10	-2.400e+01	-7.420e-10	3.235e+10	2.190e+01	-1.964e-09
26.017	1.500	0.500	-0.000	-1.000	-2.400e+01	5.846e-10	-4.105e+10	-2.400e+01	-7.775e-10	3.087e+10	2.190e+01	-1.964e-09
26.938	1.500	0.750	-0.250	-1.000	-2.400e+01	5.385e-10	-4.457e+10	-2.400e+01	-7.878e-10	3.047e+10	2.190e+01	-1.964e-09
27.867	1.500	1.000	-0.500	-1.000	-2.400e+01	4.872e-10	-4.926e+10	-2.400e+01	-7.985e-10	3.006e+10	2.190e+01	-1.964e-09
29.337	1.500	1.250	-0.750	-1.000	-2.400e+01	5.127e-10	-4.681e+10	-2.400e+01	-7.622e-10	3.149e+10	2.190e+01	-1.964e-09
30.507	1.500	1.500	-1.000	-1.000	-2.400e+01	6.085e-10	-3.944e+10	-2.400e+01	-7.683e-10	3.124e+10	2.190e+01	-1.964e-09
31.459	1.500	1.750	-1.250	-1.000	-2.400e+01	4.999e-10	-4.801e+10	-2.400e+01	-7.802e-10	3.076e+10	2.190e+01	-1.964e-09
32.377	1.500	2.000	-1.500	-1.000	-2.400e+01	5.476e-10	-4.383e+10	-2.400e+01	-8.069e-10	2.974e+10	2.190e+01	-1.964e-09
33.328	1.500	2.250	-1.750	-1.000	-2.400e+01	5.577e-10	-4.304e+10	-2.400e+01	-8.245e-10	2.911e+10	2.190e+01	-1.964e-09
34.579	1.500	2.500	-2.000	-1.000	-2.400e+01	5.315e-10	-4.516e+10	-2.400e+01	-8.169e-10	2.938e+10	2.190e+01	-1.964e-09
35.479	1.500	2.750	-2.250	-1.000	-2.400e+01	5.184e-10	-4.629e+10	-2.400e+01	-7.851e-10	3.057e+10	2.190e+01	-1.964e-09
36.407	1.500	3.000	-2.500	-1.000	-2.400e+01	5.008e-10	-4.792e+10	-2.400e+01	-7.997e-10	3.001e+10	2.190e+01	-1.964e-09
37.947	1.500	3.250	-2.750	-1.000	-2.400e+01	5.626e-10	-4.266e+10	-2.400e+01	-7.885e-10	3.044e+10	2.190e+01	-1.964e-09
39.778	1.500	3.500	-3.000	-1.000	-2.400e+01	5.502e-10	-4.362e+10	-2.400e+01	-7.703e-10	3.116e+10	2.190e+01	-1.964e-09
40.698	1.500	3.750	-3.250	-1.000	-2.400e+01	5.764e-10	-4.164e+10	-2.400e+01	-7.030e-10	3.414e+10	2.190e+01	-1.964e-09
41.619	1.500	4.000	-3.500	-1.000	-2.400e+01	5.217e-10	-4.600e+10	-2.400e+01	-7.599e-10	3.158e+10	2.190e+01	-1.964e-09
42.532	1.500	4.250	-3.750	-1.000	-2.400e+01	5.686e-10	-4.221e+10	-2.400e+01	-7.665e-10	3.131e+10	2.190e+01	-1.964e-09
43.838	1.500	4.500	-4.000	-1.000	-2.400e+01	5.134e-10	-4.675e+10	-2.400e+01	-7.370e-10	3.256e+10	2.190e+01	-1.964e-09
44.804	1.500	4.750	-4.250	-1.000	-2.400e+01	5.164e-10	-4.647e+10	-2.400e+01	-8.041e-10	2.985e+10	2.190e+01	-1.964e-09
45.709	1.500	5.000	-4.500	-1.000	-2.400e+01	5.046e-10	-4.756e+10	-2.400e+01	-7.559e-10	3.175e+10	2.190e+01	-1.964e-09
46.639	1.500	5.250	-4.750	-1.000	-2.400e+01	5.521e-10	-4.347e+10	-2.400e+01	-8.132e-10	2.951e+10	2.190e+01	-1.964e-09
47.761	1.500	5.500	-5.000	-1.000	-2.400e+01	5.588e-10	-4.295e+10	-2.400e+01	-7.760e-10	3.093e+10	2.190e+01	-1.964e-09
48.668	1.500	5.750	-5.250	-1.000	-2.400e+01	5.473e-10	-4.385e+10	-2.400e+01	-7.272e-10	3.300e+10	2.190e+01	-1.964e-09
50.268	1.500	6.000	-5.500	-1.000	-2.400e+01	5.802e-10	-4.137e+10	-2.400e+01	-7.501e-10	3.199e+10	2.190e+01	-1.964e-09
51.188	1.500	6.250	-5.750	-1.000	-2.400e+01	5.014e-10	-4.786e+10	-2.400e+01	-7.942e-10	3.022e+10	2.190e+01	-1.964e-09
0.957	1.750	6.250	-5.750	-1.250	-2.400e+01	5.733e-10	-4.186e+10	-2.400e+01	-8.057e-10	2.979e+10	2.190e+01	-1.964e-09
1.947	1.750	6.000	-5.500	-1.250	-2.400e+01	5.555e-10	-4.321e+10	-2.400e+01	-7.795e-10	3.079e+10	2.190e+01	-1.964e-09
3.747	1.750	5.750	-5.250	-1.250	-2.400e+01	5.639e-10	-4.256e+10	-2.400e+01	-7.860e-10	3.053e+10	2.190e+01	-1.964e-09
4.620	1.750	5.500	-5.000	-1.250	-2.400e+01	5.827e-10	-4.119e+10	-2.400e+01	-7.863e-10	3.052e+10	2.190e+01	-1.964e-09
5.518	1.750	5.250	-4.750	-1.250	-2.400e+01	5.500e-10	-4.364e+10	-2.400e+01	-7.674e-10	3.128e+10	2.190e+01	-1.964e-09
6.438	1.750	5.000	-4.500	-1.250	-2.400e+01	5.415e-10	-4.432e+10	-2.400e+01	-8.177e-10	2.935e+10	2.190e+01	-1.964e-09
7.337	1.750	4.750	-4.250	-1.250	-2.400e+01	5.240e-10	-4.580e+10	-2.400e+01	-7.781e-10	3.085e+10	2.190e+01	-1.964e-09
8.230	1.750	4.500	-4.000	-1.250	-2.400e+01	5.234e-10	-4.585e+10	-2.400e+01	-7.506e-10	3.198e+10	2.190e+01	-1.964e-09
9.120	1.750	4.250	-3.750	-1.250	-2.400e+01	5.720e-10	-4.195e+10	-2.400e+01	-7.531e-10	3.187e+10	2.190e+01	-1.964e-09
10.037	1.750	4.000	-3.500	-1.250	-2.400e+01	5.135e-10	-4.674e+10	-2.400e+01	-7.689e-10	3.121e+10	2.190e+01	-1.964e-09
10.937	1.750	3.750	-3.250	-1.250	-2.400e+01	5.259e-10	-4.564e+10	-2.400e+01	-7.544e-10	3.181e+10	2.190e+01	-1.964e-09
11.830	1.750	3.500	-3.000	-1.250	-2.400e+01	5.181e-10	-4.632e+10	-2.400e+01	-7.535e-10	3.185e+10	2.190e+01	-1.964e-09
13.287	1.750	3.250	-2.750	-1.250	-2.400e+01	5.521e-10	-4.347e+10	-2.400e+01	-8.200e-10	2.927e+10	2.190e+01	-1.964e-09
14.841	1.750	3.000	-2.500	-1.250	-2.400e+01	5.507e-10	-4.358e+10	-2.400e+01	-7.400e-10	3.243e+10	2.190e+01	-1.964e-09
15.907	1.750	2.750	-2.250	-1.250	-2.400e+01	5.752e-10	-4.172e+10	-2.400e+01	-7.762e-10	3.092e+10	2.190e+01	-1.964e-09
16.827	1.750	2.500	-2.000	-1.250	-2.400e+01	5.334e-10	-4.499e+10	-2.400e+01	-7.530e-10	3.187e+10	2.190e+01	-1.964e-09
17.747	1.750	2.250	-1.750	-1.250	-2.400e+01	5.405e-10	-4.440e+10	-2.400e+01	-7.951e-10	3.019e+10	2.190e+01	-1.964e-09
18.647	1.750	2.000	-1.500	-1.250	-2.400e+01	5.535e-10	-4.336e+10	-2.400e+01	-7.669e-10	3.129e+10	2.190e+01	-1.964e-09
19.569	1.750	1.750	-1.250	-1.250	-2.400e+01	5.141e-10	-4.669e+10	-2.400e+01	-7.733e-10	3.103e+10	2.190e+01	-1.964e-09
20.500	1.750	1.500	-1.000	-1.250	-2.400e+01	5.459e-10	-4.397e+10	-2.400e+01	-7.703e-10	3.115e+10	2.190e+01	-1.964e-09
21.429	1.750	1.250	-0.750	-1.250	-2.400e+01	5.355e-10	-4.482e+10	-2.400e+01	-7.995e-10	3.002e+10	2.190e+01	-1.964e-09
22.960	1.750	1.000	-0.500	-1.250	-2.400e+01	5.464e-10	-4.392e+10	-2.400e+01	-8.141e-10	2.948e+10	2.190e+01	-1.964e-09
24.037	1.750	0.750	-0.250	-1.250	-2.400e+01	5.914e-10	-4.058e+10	-2.400e+01	-7.674e-10	3.128e+10	2.190e+01	-1.964e-09
24.958	1.750	0.500	0.000	-1.250	-2.400e+01	5.822e-10	-4.122e+10	-2.400e+01	-7.901e-10	3.037e+10	2.190e+01	-1.964e-09
25.907	1.750	0.250	0.250	-1.250	-2.400e+01	5.001e-10	-4.799e+10	-2.400e+01	-7.775e-10	3.087e+10	2.190e+01	-1.964e-09
26.821	1.750	0.000	0.500	-1.250	-2.400e+01	5.547e-10	-4.326e+10	-2.400e+01	-7.739e-10	3.101e+10	2.190e+01	-1.964e-09
27.757	1.750	-0.250	0.750	-1.250	-2.400e+01	5.320e-10	-4.512e+10	-2.400e+01	-7.845e-10	3.059e+10	2.190e+01	-1.964e-09
28.698	1.750	-0.500	1.000	-1.250	-2.400e+01	5.812e-10	-4.129e+10	-2.400e+01	-7.715e-10	3.111e+10	2.190e+01	-1.964e-09
29.638	1.750	-0.750	1.250	-1.250	-2.400e+01	5.485e-10	-4.376e+10	-2.400e+01	-7.434e-10	3.228e+10	2.190e+01	-1.964e-09
30.552	1.750	-1.000	1.500	-1.250	-2.400e+01	5.616e-10	-4.274e+10	-2.400e+01	-7.465e-10	3.215e+10	2.190e+01	-1.964e-09
31.557	1.750	-1.250	1.750	-1.250	-2.400e+01	5.428e-10	-4.421e+10	-2.400e+01	-7.774e-10	3.087e+10	2.190e+01	-1.964e-09
32.559	1.750	-1.500	2.000	-1.250	-2.400e+01	5.238e-10	-4.582e+10	-2.400e+01	-7.362e-10	3.260e+10	2.190e+01	-1.964e-09
33.609	1.750	-1.750	2.250	-1.250	-2.400e+01	5.577e-10	-4.303e+10	-2.400e+01	-7.900e-10	3.038e+10	2.190e+01	-1.964e-09
34.540	1.750	-2.000	2.500	-1.250	-2.400e+01	5.552e-10	-4.323e+10	-2.400e+01	-7.610e-10	3.154e+10	2.190e+01	-1.964e-09
35.609	1.750	-2.250	2.750	-1.250	-2.400e+01	5.843e-10	-4.108e+10	-2.400e+01	-7.740e-10	3.101e+10	2.190e+01	-1.964e-09
36.547	1.750	-2.500	3.000	-1.250	-2.400e+01	5.446e-10	-4.407e+10	-2.400e+01	-7.959e-10	3.015e+10	2.190e+01	-1.964e-09
37.459	1.750	-2.750	3.250	-1.250	-2.400e+01	5.759e-10	-4.167e+10	-2.400e+01	-7.621e-10	3.149e+10	2.190e+01	-1.964e-09
38.387	1.750	-3.000	3.500	-1.250	-2.400e+01	5.559e-10	-4.318e+10	-2.400e+01	-7.406e-10	3.241e+10	2.190e+01	-1.964e-09
39.357	1.750	-3.250	3.750	-1.250	-2.400e+01	5.932e-10	-4.046e+10	-2.400e+01	-7.170e-10	3.347e+10	2.190e+01	-1.964e-09
40.278	1.750	-3.500	4.000	-1.250	-2.400e+01	5.306e-10	-4.524e+10	-2.400e+01	-7.861e-10	3.053e+10	2.190e+01	-1.964e-09
41.487	1.750	-3.750	4.250	-1.250	-2.400e+01	5.565e-10	-4.313e+10	-2.400e+01	-7.501e-10	3.200e+10	2.190e+01	-1.964e-09
42.385	1.750	-4.000	4.500	-1.250	-2.400e+01	5.560e-10	-4.317e+10	-2.400e+01	-7.601e-10	3.157e+10	2.190e+01	-1.964e-09
43.405	1.750	-4.250	4.750	-1.250	-2.400e+01	5.503e-10	-4.361e+10	-2.400e+01	-7.552e-10	3.178e+10	2.190e+01	-1.964e-09
44.328	1.750	-4.500	5.000	-1.250	-2.400e+01	5.813e-10	-4.129e+10	-2.400e+01	-7.773e-10	3.087e+10	2.190e+01	-1.964e-09
45.257	1.750	-4.750	5.250	-1.250	-2.400e+01	5.764e-10	-4.164e+10	-2.400e+01	-8.143e-10	2.947e+10	2.190e+01	-1.964e-09
46.300	1.750	-5.000	5.500	-1.250	-2.400e+01	5.673e-10	-4.231e+10	-2.400e+01	-8.176e-10	2.935e+10	2.190e+01	-1.964e-09
47.211	1.750	-5.250	5.750	-1.250	-2.400e+01	5.782e-10	-4.151e+10	-2.400e+01	-8.144e-10	2.947e+10	2.190e+01	-1.964e-09
48.128	1.750	-5.500	6.000	-1.250	-2.400e+01	5.441e-10	-4.411e+10	-2.400e+01	-7.794e-10	3.079e+10	2.190e+01	-1.964e-09
49.048	1.750	-5.750	6.250	-1.250	-2.400e+01	5.515e-10	-4.352e+10	-2.400e+01	-7.937e-10	3.024e+10	2.190e+01	-1.964e-09
1.092	2.000	-5.750	6.250	-1.500	-2.400e+01	5.616e-10	-4.273e+10	-2.400e+01	-7.724e-10	3.107e+10	2.190e+01	-1.964e-09
2.312	2.000	-5.500	6.000	-1.500	-2.400e+01	5.325e-10	-4.507e+10	-2.400e+01	-7.570e-10	3.170e+10	2.190e+01	-1.964e-09
3.254	2.000	-5.250	5.750	-1.500	-2.400e+01	5.566e-10	-4.312e+10	-2.400e+01	-7.297e-10	3.289e+10	2.190e+01	-1.964e-09
4.142	2.000	-5.000	5.500	-1.500	-2.400e+01	5.191e-10	-4.623e+10	-2.400e+01	-8.154e-10	2.943e+10	2.190e+01	-1.964e-09
5.101	2.000	-4.750	5.250	-1.500	-2.400e+01	5.974e-10	-4.017e+10	-2.400e+01	-7.489e-10	3.205e+10	2.190e+01	-1.964e-09
6.351	2.000	-4.500	5.000	-1.500	-2.400e+01	6.074e-10	-3.951e+10	-2.400e+01	-7.595e-10	3.160e+10	2.190e+01	-1.964e-09
7.251	2.000	-4.250	4.750	-1.500	-2.400e+01	5.582e-10	-4.299e+10	-2.400e+01	-7.789e-10	3.081e+10	2.190e+01	-1.964e-09
8.151	2.000	-4.000	4.500	-1.500	-2.400e+01	5.714e-10	-4.200e+10	-2.400e+01	-8.171e-10	2.937e+10	2.190e+01	-1.964e-09
9.052	2.000	-3.750	4.250	-1.500	-2.400e+01	5.296e-10	-4.532e+10	-2.400e+01	-7.867e-10	3.051e+10	2.190e+01	-1.964e-09
10.211	2.000	-3.500	4.000	-1.500	-2.400e+01	5.872e-10	-4.087e+10	-2.400e+01	-7.783e-10	3.084e+10	2.190e+01	-1.964e-09
11.112	2.000	-3.250	3.750	-1.500	-2.400e+01	5.576e-10	-4.305e+10	-2.400e+01	-8.010e-10	2.996e+10	2.190e+01	-1.964e-09
12.032	2.000	-3.000	3.500	-1.500	-2.400e+01	5.224e-10	-4.594e+10	-2.400e+01	-7.808e-10	3.074e+10	2.190e+01	-1.964e-09
12.939	2.000	-2.750	3.250	-1.500	-2.400e+01	5.234e-10	-4.585e+10	-2.400e+01	-7.260e-10	3.306e+10	2.190e+01	-1.964e-09
14.286	2.000	-2.500	3.000	-1.500	-2.400e+01	5.855e-10	-4.099e+10	-2.400e+01	-7.508e-10	3.196e+10	2.190e+01	-1.964e-09
15.192	2.000	-2.250	2.750	-1.500	-2.400e+01	5.503e-10	-4.362e+10	-2.400e+01	-7.722e-10	3.108e+10	2.190e+01	-1.964e-09
16.122	2.000	-2.000	2.500	-1.500	-2.400e+01	5.609e-10	-4.279e+10	-2.400e+01	-7.632e-10	3.145e+10	2.190e+01	-1.964e-09
17.132	2.000	-1.750	2.250	-1.500	-2.400e+01	5.281e-10	-4.544e+10	-2.400e+01	-7.431e-10	3.230e+10	2.190e+01	-1.964e-09
18.052	2.000	-1.500	2.000	-1.500	-2.400e+01	5.776e-10	-4.155e+10	-2.400e+01	-7.916e-10	3.032e+10	2.190e+01	-1.964e-09
19.272	2.000	-1.250	1.750	-1.500	-2.400e+01	5.898e-10	-4.069e+10	-2.400e+01	-8.101e-10	2.963e+10	2.190e+01	-1.964e-09
20.191	2.000	-1.000	1.500	-1.500	-2.400e+01	5.213e-10	-4.604e+10	-2.400e+01	-7.344e-10	3.268e+10	2.190e+01	-1.964e-09
21.112	2.000	-0.750	1.250	-1.500	-2.400e+01	5.387e-10	-4.455e+10	-2.400e+01	-7.868e-10	3.050e+10	2.190e+01	-1.964e-09
22.352	2.000	-0.500	1.000	-1.500	-2.400e+01	5.622e-10	-4.269e+10	-2.400e+01	-7.067e-10	3.396e+10	2.190e+01	-1.964e-09
23.272	2.000	-0.250	0.750	-1.500	-2.400e+01	5.796e-10	-4.140e+10	-2.400e+01	-7.484e-10	3.207e+10	2.190e+01	-1.964e-09
24.192	2.000	0.000	0.500	-1.500	-2.400e+01	5.947e-10	-4.036e+10	-2.400e+01	-7.657e-10	3.134e+10	2.190e+01	-1.964e-09
25.122	2.000	0.250	0.250	-1.500	-2.400e+01	5.195e-10	-4.620e+10	-2.400e+01	-7.775e-10	3.087e+10	2.190e+01	-1.964e-09
26.192	2.000	0.500	-0.000	-1.500	-2.400e+01	5.787e-10	-4.147e+10	-2.400e+01	-7.384e-10	3.250e+10	2.190e+01	-1.964e-09
27.094	2.000	0.750	-0.250	-1.500	-2.400e+01	5.604e-10	-4.283e+10	-2.400e+01	-7.674e-10	3.127e+10	2.190e+01	-1.964e-09
28.072	2.000	1.000	-0.500	-1.500	-2.400e+01	5.334e-10	-4.499e+10	-2.400e+01	-7.977e-10	3.008e+10	2.190e+01	-1.964e-09
29.522	2.000	1.250	-0.750	-1.500	-2.400e+01	5.595e-10	-4.290e+10	-2.400e+01	-7.663e-10	3.132e+10	2.190e+01	-1.964e-09
30.693	2.000	1.500	-1.000	-1.500	-2.400e+01	5.399e-10	-4.445e+10	-2.400e+01	-8.383e-10	2.863e+10	2.190e+01	-1.964e-09
31.593	2.000	1.750	-1.250	-1.500	-2.400e+01	5.663e-10	-4.238e+10	-2.400e+01	-7.670e-10	3.129e+10	2.190e+01	-1.964e-09
32.505	2.000	2.000	-1.500	-1.500	-2.400e+01	5.558e-10	-4.318e+10	-2.400e+01	-7.635e-10	3.143e+10	2.190e+01	-1.964e-09
33.488	2.000	2.250	-1.750	-1.500	-2.400e+01	5.570e-10	-4.309e+10	-2.400e+01	-7.475e-10	3.211e+10	2.190e+01	-1.964e-09
34.713	2.000	2.500	-2.000	-1.500	-2.400e+01	5.431e-10	-4.419e+10	-2.400e+01	-8.125e-10	2.954e+10	2.190e+01	-1.964e-09
35.646	2.000	2.750	-2.250	-1.500	-2.400e+01	5.938e-10	-4.042e+10	-2.400e+01	-8.190e-10	2.931e+10	2.190e+01	-1.964e-09
36.573	2.000	3.000	-2.500	-1.500	-2.400e+01	5.109e-10	-4.697e+10	-2.400e+01	-7.829e-10	3.066e+10	2.190e+01	-1.964e-09
38.112	2.000	3.250	-2.750	-1.500	-2.400e+01	5.301e-10	-4.527e+10	-2.400e+01	-7.741e-10	3.100e+10	2.190e+01	-1.964e-09
39.952	2.000	3.500	-3.000	-1.500	-2.400e+01	5.397e-10	-4.447e+10	-2.400e+01	-8.162e-10	2.940e+10	2.190e+01	-1.964e-09
40.873	2.000	3.750	-3.250	-1.500	-2.400e+01	4.745e-10	-5.058e+10	-2.400e+01	-7.800e-10	3.077e+10	2.190e+01	-1.964e-09
41.795	2.000	4.000	-3.500	-1.500	-2.400e+01	5.147e-10	-4.663e+10	-2.400e+01	-7.877e-10	3.047e+10	2.190e+01	-1.964e-09
42.695	2.000	4.250	-3.750	-1.500	-2.400e+01	5.373e-10	-4.467e+10	-2.400e+01	-7.693e-10	3.120e+10	2.190e+01	-1.964e-09
43.992	2.000	4.500	-4.000	-1.500	-2.400e+01	5.074e-10	-4.730e+10	-2.400e+01	-7.922e-10	3.029e+10	2.190e+01	-1.964e-09
44.905	2.000	4.750	-4.250	-1.500	-2.400e+01	4.861e-10	-4.937e+10	-2.400e+01	-7.933e-10	3.025e+10	2.190e+01	-1.964e-09
45.826	2.000	5.000	-4.500	-1.500	-2.400e+01	4.973e-10	-4.826e+10	-2.400e+01	-7.341e-10	3.269e+10	2.190e+01	-1.964e-09
46.757	2.000	5.250	-4.750	-1.500	-2.400e+01	5.172e-10	-4.641e+10	-2.400e+01	-7.742e-10	3.100e+10	2.190e+01	-1.964e-09
47.866	2.000	5.500	-5.000	-1.500	-2.400e+01	5.608e-10	-4.279e+10	-2.400e+01	-7.697e-10	3.118e+10	2.190e+01	-1.964e-09
48.775	2.000	5.750	-5.250	-1.500	-2.400e+01	5.287e-10	-4.540e+10	-2.400e+01	-7.723e-10	3.107e+10	2.190e+01	-1.964e-09
50.445	2.000	6.000	-5.500	-1.500	-2.400e+01	5.386e-10	-4.456e+10	-2.400e+01	-7.731e-10	3.104e+10	2.190e+01	-1.964e-09
51.363	2.000	6.250	-5.750	-1.500	-2.400e+01	5.015e-10	-4.785e+10	-2.400e+01	-7.881e-10	3.045e+10	2.190e+01	-1.964e-09
0.856	2.250	6.250	-5.750	-1.750	-2.400e+01	5.336e-10	-4.498e+10	-2.400e+01	-7.717e-10	3.110e+10	2.190e+01	-1.964e-09
1.837	2.250	6.000	-5.500	-1.750	-2.400e+01	5.065e-10	-4.739e+10	-2.400e+01	-7.649e-10	3.138e+10	2.190e+01	-1.964e-09
3.607	2.250	5.750	-5.250	-1.750	-2.400e+01	5.300e-10	-4.528e+10	-2.400e+01	-8.021e-10	2.992e+10	2.190e+01	-1.964e-09
4.497	2.250	5.500	-5.000	-1.750	-2.400e+01	5.218e-10	-4.600e+10	-2.400e+01	-7.719e-10	3.109e+10	2.190e+01	-1.964e-09
5.387	2.250	5.250	-4.750	-1.750	-2.400e+01	5.336e-10	-4.498e+10	-2.400e+01	-8.037e-10	2.986e+10	2.190e+01	-1.964e-09
6.286	2.250	5.000	-4.500	-1.750	-2.400e+01	5.427e-10	-4.422e+10	-2.400e+01	-8.115e-10	2.958e+10	2.190e+01	-1.964e-09
7.186	2.250	4.750	-4.250	-1.750	-2.400e+01	5.195e-10	-4.620e+10	-2.400e+01	-7.820e-10	3.069e+10	2.190e+01	-1.964e-09
8.086	2.250	4.500	-4.000	-1.750	-2.400e+01	5.493e-10	-4.369e+10	-2.400e+01	-7.645e-10	3.139e+10	2.190e+01	-1.964e-09
8.990	2.250	4.250	-3.750	-1.750	-2.400e+01	5.383e-10	-4.459e+10	-2.400e+01	-7.693e-10	3.120e+10	2.190e+01	-1.964e-09
9.900	2.250	4.000	-3.500	-1.750	-2.400e+01	5.685e-10	-4.221e+10	-2.400e+01	-7.892e-10	3.041e+10	2.190e+01	-1.964e-09
10.866	2.250	3.750	-3.250	-1.750	-2.400e+01	5.653e-10	-4.245e+10	-2.400e+01	-7.720e-10	3.109e+10	2.190e+01	-1.964e-09
11.776	2.250	3.500	-3.000	-1.750	-2.400e+01	5.552e-10	-4.323e+10	-2.400e+01	-7.813e-10	3.072e+10	2.190e+01	-1.964e-09
13.226	2.250	3.250	-2.750	-1.750	-2.400e+01	5.377e-10	-4.464e+10	-2.400e+01	-7.540e-10	3.183e+10	2.190e+01	-1.964e-09
14.768	2.250	3.000	-2.500	-1.750	-2.400e+01	5.715e-10	-4.199e+10	-2.400e+01	-7.644e-10	3.140e+10	2.190e+01	-1.964e-09
15.850	2.250	2.750	-2.250	-1.750	-2.400e+01	5.711e-10	-4.203e+10	-2.400e+01	-7.510e-10	3.196e+10	2.190e+01	-1.964e-09
16.760	2.250	2.500	-2.000	-1.750	-2.400e+01	5.031e-10	-4.770e+10	-2.400e+01	-7.575e-10	3.168e+10	2.190e+01	-1.964e-09
17.677	2.250	2.250	-1.750	-1.750	-2.400e+01	4.994e-10	-4.805e+10	-2.400e+01	-7.242e-10	3.314e+10	2.190e+01	-1.964e-09
18.590	2.250	2.000	-1.500	-1.750	-2.400e+01	5.433e-10	-4.418e+10	-2.400e+01	-7.208e-10	3.330e+10	2.190e+01	-1.964e-09
19.608	2.250	1.750	-1.250	-1.750	-2.400e+01	5.656e-10	-4.243e+10	-2.400e+01	-7.777e-10	3.086e+10	2.190e+01	-1.964e-09
20.528	2.250	1.500	-1.000	-1.750	-2.400e+01	5.193e-10	-4.621e+10	-2.400e+01	-7.543e-10	3.182e+10	2.190e+01	-1.964e-09
21.467	2.250	1.250	-0.750	-1.750	-2.400e+01	5.592e-10	-4.292e+10	-2.400e+01	-8.404e-10	2.856e+10	2.190e+01	-1.964e-09
22.867	2.250	1.000	-0.500	-1.750	-2.400e+01	5.294e-10	-4.533e+10	-2.400e+01	-7.516e-10	3.193e+10	2.190e+01	-1.964e-09
23.990	2.250	0.750	-0.250	-1.750	-2.400e+01	5.652e-10	-4.247e+10	-2.400e+01	-7.506e-10	3.197e+10	2.190e+01	-1.964e-09
24.907	2.250	0.500	0.000	-1.750	-2.400e+01	5.462e-10	-4.394e+10	-2.400e+01	-7.735e-10	3.103e+10	2.190e+01	-1.964e-09
25.826	2.250	0.250	0.250	-1.750	-2.400e+01	5.587e-10	-4.295e+10	-2.400e+01	-7.316e-10	3.281e+10	2.190e+01	-1.964e-09
26.740	2.250	0.000	0.500	-1.750	-2.400e+01	5.516e-10	-4.351e+10	-2.400e+01	-7.800e-10	3.077e+10	2.190e+01	-1.964e-09
27.650	2.250	-0.250	0.750	-1.750	-2.400e+01	5.587e-10	-4.296e+10	-2.400e+01	-7.500e-10	3.200e+10	2.190e+01	-1.964e-09
28.567	2.250	-0.500	1.000	-1.750	-2.400e+01	5.303e-10	-4.526e+10	-2.400e+01	-7.690e-10	3.121e+10	2.190e+01	-1.964e-09
29.488	2.250	-0.750	1.250	-1.750	-2.400e+01	5.239e-10	-4.581e+10	-2.400e+01	-7.554e-10	3.177e+10	2.190e+01	-1.964e-09
30.427	2.250	-1.000	1.500	-1.750	-2.400e+01	5.694e-10	-4.215e+10	-2.400e+01	-7.712e-10	3.112e+10	2.190e+01	-1.964e-09
31.358	2.250	-1.250	1.750	-1.750	-2.400e+01	5.042e-10	-4.760e+10	-2.400e+01	-7.540e-10	3.183e+10	2.190e+01	-1.964e-09
32.387	2.250	-1.500	2.000	-1.750	-2.400e+01	4.415e-10	-5.436e+10	-2.400e+01	-7.792e-10	3.080e+10	2.190e+01	-1.964e-09
33.471	2.250	-1.750	2.250	-1.750	-2.400e+01	5.449e-10	-4.405e+10	-2.400e+01	-7.337e-10	3.271e+10	2.190e+01	-1.964e-09
34.420	2.250	-2.000	2.500	-1.750	-2.400e+01	5.125e-10	-4.683e+10	-2.400e+01	-7.509e-10	3.196e+10	2.190e+01	-1.964e-09
35.410	2.250	-2.250	2.750	-1.750	-2.400e+01	4.962e-10	-4.837e+10	-2.400e+01	-7.511e-10	3.195e+10	2.190e+01	-1.964e-09
36.327	2.250	-2.500	3.000	-1.750	-2.400e+01	4.893e-10	-4.905e+10	-2.400e+01	-7.856e-10	3.055e+10	2.190e+01	-1.964e-09
37.248	2.250	-2.750	3.250	-1.750	-2.400e+01	5.850e-10	-4.102e+10	-2.400e+01	-7.494e-10	3.203e+10	2.190e+01	-1.964e-09
38.167	2.250	-3.000	3.500	-1.750	-2.400e+01	5.239e-10	-4.581e+10	-2.400e+01	-7.752e-10	3.096e+10	2.190e+01	-1.964e-09
39.208	2.250	-3.250	3.750	-1.750	-2.400e+01	5.485e-10	-4.376e+10	-2.400e+01	-7.508e-10	3.197e+10	2.190e+01	-1.964e-09
40.127	2.250	-3.500	4.000	-1.750	-2.400e+01	5.350e-10	-4.486e+10	-2.400e+01	-7.163e-10	3.351e+10	2.190e+01	-1.964e-09
41.429	2.250	-3.750	4.250	-1.750	-2.400e+01	5.480e-10	-4.380e+10	-2.400e+01	-7.630e-10	3.146e+10	2.190e+01	-1.964e-09
42.369	2.250	-4.000	4.500	-1.750	-2.400e+01	5.270e-10	-4.554e+10	-2.400e+01	-7.449e-10	3.222e+10	2.190e+01	-1.964e-09
43.467	2.250	-4.250	4.750	-1.750	-2.400e+01	4.580e-10	-5.240e+10	-2.400e+01	-7.677e-10	3.126e+10	2.190e+01	-1.964e-09
44.388	2.250	-4.500	5.000	-1.750	-2.400e+01	5.098e-10	-4.708e+10	-2.400e+01	-7.724e-10	3.107e+10	2.190e+01	-1.964e-09
45.300	2.250	-4.750	5.250	-1.750	-2.400e+01	5.267e-10	-4.556e+10	-2.400e+01	-7.697e-10	3.118e+10	2.190e+01	-1.964e-09
46.337	2.250	-5.000	5.500	-1.750	-2.400e+01	5.189e-10	-4.625e+10	-2.400e+01	-7.825e-10	3.067e+10	2.190e+01	-1.964e-09
47.251	2.250	-5.250	5.750	-1.750	-2.400e+01	4.955e-10	-4.844e+10	-2.400e+01	-7.816e-10	3.071e+10	2.190e+01	-1.964e-09
48.167	2.250	-5.500	6.000	-1.750	-2.400e+01	5.356e-10	-4.481e+10	-2.400e+01	-7.999e-10	3.000e+10	2.190e+01	-1.964e-09
49.087	2.250	-5.750	6.250	-1.750	-2.400e+01	5.574e-10	-4.306e+10	-2.400e+01	-7.584e-10	3.164e+10	2.190e+01	-1.964e-09
1.058	2.500	-5.750	6.250	-2.000	-2.400e+01	5.064e-10	-4.739e+10	-2.400e+01	-7.825e-10	3.067e+10	2.190e+01	-1.964e-09
2.239	2.500	-5.500	6.000	-2.000	-2.400e+01	5.574e-10	-4.306e+10	-2.400e+01	-7.329e-10	3.275e+10	2.190e+01	-1.964e-09
3.128	2.500	-5.250	5.750	-2.000	-2.400e+01	6.095e-10	-3.938e+10	-2.400e+01	-7.925e-10	3.028e+10	2.190e+01	-1.964e-09
4.011	2.500	-5.000	5.500	-2.000	-2.400e+01	5.333e-10	-4.500e+10	-2.400e+01	-7.966e-10	3.013e+10	2.190e+01	-1.964e-09
4.938	2.500	-4.750	5.250	-2.000	-2.400e+01	5.575e-10	-4.305e+10	-2.400e+01	-7.416e-10	3.236e+10	2.190e+01	-1.964e-09
6.188	2.500	-4.500	5.000	-2.000	-2.400e+01	4.802e-10	-4.998e+10	-2.400e+01	-7.682e-10	3.124e+10	2.190e+01	-1.964e-09
7.088	2.500	-4.250	4.750	-2.000	-2.400e+01	5.006e-10	-4.794e+10	-2.400e+01	-7.715e-10	3.111e+10	2.190e+01	-1.964e-09
7.988	2.500	-4.000	4.500	-2.000	-2.400e+01	5.343e-10	-4.492e+10	-2.400e+01	-7.548e-10	3.180e+10	2.190e+01	-1.964e-09
8.898	2.500	-3.750	4.250	-2.000	-2.400e+01	5.496e-10	-4.367e+10	-2.400e+01	-7.807e-10	3.074e+10	2.190e+01	-1.964e-09
10.028	2.500	-3.500	4.000	-2.000	-2.400e+01	5.220e-10	-4.598e+10	-2.400e+01	-7.197e-10	3.335e+10	2.190e+01	-1.964e-09
10.928	2.500	-3.250	3.750	-2.000	-2.400e+01	5.399e-10	-4.445e+10	-2.400e+01	-7.861e-10	3.053e+10	2.190e+01	-1.964e-09
11.831	2.500	-3.000	3.500	-2.000	-2.400e+01	5.765e-10	-4.163e+10	-2.400e+01	-7.879e-10	3.046e+10	2.190e+01	-1.964e-09
12.738	2.500	-2.750	3.250	-2.000	-2.400e+01	5.135e-10	-4.674e+10	-2.400e+01	-7.592e-10	3.161e+10	2.190e+01	-1.964e-09
14.058	2.500	-2.500	3.000	-2.000	-2.400e+01	5.517e-10	-4.350e+10	-2.400e+01	-7.945e-10	3.021e+10	2.190e+01	-1.964e-09
14.961	2.500	-2.250	2.750	-2.000	-2.400e+01	5.568e-10	-4.310e+10	-2.400e+01	-7.607e-10	3.155e+10	2.190e+01	-1.964e-09
15.902	2.500	-2.000	2.500	-2.000	-2.400e+01	5.582e-10	-4.300e+10	-2.400e+01	-8.187e-10	2.932e+10	2.190e+01	-1.964e-09
16.918	2.500	-1.750	2.250	-2.000	-2.400e+01	5.703e-10	-4.208e+10	-2.400e+01	-7.868e-10	3.050e+10	2.190e+01	-1.964e-09
17.839	2.500	-1.500	2.000	-2.000	-2.400e+01	5.348e-10	-4.488e+10	-2.400e+01	-8.282e-10	2.898e+10	2.190e+01	-1.964e-09
19.018	2.500	-1.250	1.750	-2.000	-2.400e+01	5.536e-10	-4.335e+10	-2.400e+01	-7.874e-10	3.048e+10	2.190e+01	-1.964e-09
19.949	2.500	-1.000	1.500	-2.000	-2.400e+01	5.298e-10	-4.530e+10	-2.400e+01	-7.708e-10	3.114e+10	2.190e+01	-1.964e-09
20.921	2.500	-0.750	1.250	-2.000	-2.400e+01	5.820e-10	-4.124e+10	-2.400e+01	-7.999e-10	3.000e+10	2.190e+01	-1.964e-09
22.168	2.500	-0.500	1.000	-2.000	-2.400e+01	6.144e-10	-3.906e+10	-2.400e+01	-8.378e-10	2.865e+10	2.190e+01	-1.964e-09
23.089	2.500	-0.250	0.750	-2.000	-2.400e+01	5.701e-10	-4.210e+10	-2.400e+01	-8.087e-10	2.968e+10	2.190e+01	-1.964e-09
24.008	2.500	0.000	0.500	-2.000	-2.400e+01	5.387e-10	-4.455e+10	-2.400e+01	-8.126e-10	2.954e+10	2.190e+01	-1.964e-09
24.929	2.500	0.250	0.250	-2.000	-2.400e+01	5.644e-10	-4.252e+10	-2.400e+01	-7.856e-10	3.055e+10	2.190e+01	-1.964e-09
25.998	2.500	0.500	-0.000	-2.000	-2.400e+01	5.413e-10	-4.434e+10	-2.400e+01	-8.017e-10	2.994e+10	2.190e+01	-1.964e-09
26.919	2.500	0.750	-0.250	-2.000	-2.400e+01	5.639e-10	-4.256e+10	-2.400e+01	-7.821e-10	3.069e+10	2.190e+01	-1.964e-09
27.929	2.500	1.000	-0.500	-2.000	-2.400e+01	5.422e-10	-4.427e+10	-2.400e+01	-7.917e-10	3.032e+10	2.190e+01	-1.964e-09
29.388	2.500	1.250	-0.750	-2.000	-2.400e+01	5.521e-10	-4.347e+10	-2.400e+01	-7.886e-10	3.043e+10	2.190e+01	-1.964e-09
30.572	2.500	1.500	-1.000	-2.000	-2.400e+01	5.580e-10	-4.301e+10	-2.400e+01	-7.930e-10	3.026e+10	2.190e+01	-1.964e-09
31.479	2.500	1.750	-1.250	-2.000	-2.400e+01	5.311e-10	-4.519e+10	-2.400e+01	-8.064e-10	2.976e+10	2.190e+01	-1.964e-09
32.401	2.500	2.000	-1.500	-2.000	-2.400e+01	5.369e-10	-4.470e+10	-2.400e+01	-7.794e-10	3.079e+10	2.190e+01	-1.964e-09
33.343	2.500	2.250	-1.750	-2.000	-2.400e+01	5.457e-10	-4.398e+10	-2.400e+01	-7.487e-10	3.205e+10	2.190e+01	-1.964e-09
34.593	2.500	2.500	-2.000	-2.000	-2.400e+01	5.980e-10	-4.014e+10	-2.400e+01	-7.572e-10	3.170e+10	2.190e+01	-1.964e-09
35.540	2.500	2.750	-2.250	-2.000	-2.400e+01	5.321e-10	-4.511e+10	-2.400e+01	-7.824e-10	3.068e+10	2.190e+01	-1.964e-09
36.467	2.500	3.000	-2.500	-2.000	-2.400e+01	5.504e-10	-4.360e+10	-2.400e+01	-8.111e-10	2.959e+10	2.190e+01	-1.964e-09
37.993	2.500	3.250	-2.750	-2.000	-2.400e+01	5.580e-10	-4.301e+10	-2.400e+01	-8.129e-10	2.952e+10	2.190e+01	-1.964e-09
39.838	2.500	3.500	-3.000	-2.000	-2.400e+01	5.051e-10	-4.752e+10	-2.400e+01	-7.922e-10	3.030e+10	2.190e+01	-1.964e-09
40.769	2.500	3.750	-3.250	-2.000	-2.400e+01	5.843e-10	-4.108e+10	-2.400e+01	-7.574e-10	3.169e+10	2.190e+01	-1.964e-09
41.700	2.500	4.000	-3.500	-2.000	-2.400e+01	5.034e-10	-4.767e+10	-2.400e+01	-7.830e-10	3.065e+10	2.190e+01	-1.964e-09
42.624	2.500	4.250	-3.750	-2.000	-2.400e+01	5.116e-10	-4.691e+10	-2.400e+01	-7.870e-10	3.050e+10	2.190e+01	-1.964e-09
43.929	2.500	4.500	-4.000	-2.000	-2.400e+01	5.277e-10	-4.548e+10	-2.400e+01	-7.775e-10	3.087e+10	2.190e+01	-1.964e-09
44.852	2.500	4.750	-4.250	-2.000	-2.400e+01	5.261e-10	-4.562e+10	-2.400e+01	-7.576e-10	3.168e+10	2.190e+01	-1.964e-09
45.779	2.500	5.000	-4.500	-2.000	-2.400e+01	5.667e-10	-4.235e+10	-2.400e+01	-8.263e-10	2.905e+10	2.190e+01	-1.964e-09
46.709	2.500	5.250	-4.750	-2.000	-2.400e+01	5.333e-10	-4.500e+10	-2.400e+01	-8.194e-10	2.929e+10	2.190e+01	-1.964e-09
47.853	2.500	5.500	-5.000	-2.000	-2.400e+01	5.313e-10	-4.517e+10	-2.400e+01	-8.360e-10	2.871e+10	2.190e+01	-1.964e-09
48.779	2.500	5.750	-5.250	-2.000	-2.400e+01	5.795e-10	-4.142e+10	-2.400e+01	-7.886e-10	3.043e+10	2.190e+01	-1.964e-09
50.362	2.500	6.000	-5.500	-2.000	-2.400e+01	5.688e-10	-4.219e+10	-2.400e+01	-7.866e-10	3.051e+10	2.190e+01	-1.964e-09
51.342	2.500	6.250	-5.750	-2.000	-2.400e+01	5.408e-10	-4.438e+10	-2.400e+01	-7.970e-10	3.011e+10	2.190e+01	-1.964e-09
0.830	2.750	6.250	-5.750	-2.250	-2.400e+01	5.264e-10	-4.559e+10	-2.400e+01	-7.615e-10	3.152e+10	2.190e+01	-1.964e-09
1.812	2.750	6.000	-5.500	-2.250	-2.400e+01	5.574e-10	-4.305e+10	-2.400e+01	-7.657e-10	3.135e+10	2.190e+01	-1.964e-09
3.552	2.750	5.750	-5.250	-2.250	-2.400e+01	5.863e-10	-4.094e+10	-2.400e+01	-7.625e-10	3.148e+10	2.190e+01	-1.964e-09
4.443	2.750	5.500	-5.000	-2.250	-2.400e+01	5.886e-10	-4.077e+10	-2.400e+01	-7.903e-10	3.037e+10	2.190e+01	-1.964e-09
5.360	2.750	5.250	-4.750	-2.250	-2.400e+01	5.617e-10	-4.273e+10	-2.400e+01	-7.830e-10	3.065e+10	2.190e+01	-1.964e-09
6.249	2.750	5.000	-4.500	-2.250	-2.400e+01	5.503e-10	-4.361e+10	-2.400e+01	-8.096e-10	2.964e+10	2.190e+01	-1.964e-09
7.149	2.750	4.750	-4.250	-2.250	-2.400e+01	5.259e-10	-4.563e+10	-2.400e+01	-7.714e-10	3.111e+10	2.190e+01	-1.964e-09
8.042	2.750	4.500	-4.000	-2.250	-2.400e+01	5.212e-10	-4.604e+10	-2.400e+01	-7.931e-10	3.026e+10	2.190e+01	-1.964e-09
8.939	2.750	4.250	-3.750	-2.250	-2.400e+01	5.414e-10	-4.433e+10	-2.400e+01	-7.717e-10	3.110e+10	2.190e+01	-1.964e-09
9.839	2.750	4.000	-3.500	-2.250	-2.400e+01	5.126e-10	-4.682e+10	-2.400e+01	-8.062e-10	2.977e+10	2.190e+01	-1.964e-09
10.739	2.750	3.750	-3.250	-2.250	-2.400e+01	5.218e-10	-4.600e+10	-2.400e+01	-7.687e-10	3.122e+10	2.190e+01	-1.964e-09
11.649	2.750	3.500	-3.000	-2.250	-2.400e+01	5.460e-10	-4.395e+10	-2.400e+01	-7.426e-10	3.232e+10	2.190e+01	-1.964e-09
13.070	2.750	3.250	-2.750	-2.250	-2.400e+01	4.920e-10	-4.878e+10	-2.400e+01	-7.873e-10	3.048e+10	2.190e+01	-1.964e-09
14.624	2.750	3.000	-2.500	-2.250	-2.400e+01	5.290e-10	-4.537e+10	-2.400e+01	-7.909e-10	3.035e+10	2.190e+01	-1.964e-09
15.693	2.750	2.750	-2.250	-2.250	-2.400e+01	4.882e-10	-4.916e+10	-2.400e+01	-8.483e-10	2.829e+10	2.190e+01	-1.964e-09
16.590	2.750	2.500	-2.000	-2.250	-2.400e+01	5.286e-10	-4.540e+10	-2.400e+01	-7.821e-10	3.069e+10	2.190e+01	-1.964e-09
17.509	2.750	2.250	-1.750	-2.250	-2.400e+01	5.152e-10	-4.658e+10	-2.400e+01	-7.625e-10	3.148e+10	2.190e+01	-1.964e-09
18.423	2.750	2.000	-1.500	-2.250	-2.400e+01	5.125e-10	-4.683e+10	-2.400e+01	-7.905e-10	3.036e+10	2.190e+01	-1.964e-09
19.360	2.750	1.750	-1.250	-2.250	-2.400e+01	5.348e-10	-4.487e+10	-2.400e+01	-7.462e-10	3.216e+10	2.190e+01	-1.964e-09
20.287	2.750	1.500	-1.000	-2.250	-2.400e+01	5.177e-10	-4.636e+10	-2.400e+01	-8.137e-10	2.949e+10	2.190e+01	-1.964e-09
21.203	2.750	1.250	-0.750	-2.250	-2.400e+01	5.158e-10	-4.653e+10	-2.400e+01	-8.230e-10	2.916e+10	2.190e+01	-1.964e-09
22.603	2.750	1.000	-0.500	-2.250	-2.400e+01	5.145e-10	-4.665e+10	-2.400e+01	-8.348e-10	2.875e+10	2.190e+01	-1.964e-09
23.769	2.750	0.750	-0.250	-2.250	-2.400e+01	5.297e-10	-4.531e+10	-2.400e+01	-7.709e-10	3.113e+10	2.190e+01	-1.964e-09
24.699	2.750	0.500	0.000	-2.250	-2.400e+01	5.445e-10	-4.408e+10	-2.400e+01	-8.046e-10	2.983e+10	2.190e+01	-1.964e-09
25.619	2.750	0.250	0.250	-2.250	-2.400e+01	5.274e-10	-4.550e+10	-2.400e+01	-8.510e-10	2.820e+10	2.190e+01	-1.964e-09
26.533	2.750	-0.000	0.500	-2.250	-2.400e+01	5.258e-10	-4.564e+10	-2.400e+01	-7.963e-10	3.014e+10	2.190e+01	-1.964e-09
27.450	2.750	-0.250	0.750	-2.250	-2.400e+01	5.362e-10	-4.476e+10	-2.400e+01	-8.388e-10	2.861e+10	2.190e+01	-1.964e-09
28.389	2.750	-0.500	1.000	-2.250	-2.400e+01	5.016e-10	-4.785e+10	-2.400e+01	-8.075e-10	2.972e+10	2.190e+01	-1.964e-09
29.383	2.750	-0.750	1.250	-2.250	-2.400e+01	5.292e-10	-4.535e+10	-2.400e+01	-7.810e-10	3.073e+10	2.190e+01	-1.964e-09
30.323	2.750	-1.000	1.500	-2.250	-2.400e+01	5.294e-10	-4.534e+10	-2.400e+01	-8.015e-10	2.994e+10	2.190e+01	-1.964e-09
31.239	2.750	-1.250	1.750	-2.250	-2.400e+01	5.072e-10	-4.732e+10	-2.400e+01	-7.917e-10	3.031e+10	2.190e+01	-1.964e-09
32.240	2.750	-1.500	2.000	-2.250	-2.400e+01	5.771e-10	-4.159e+10	-2.400e+01	-8.147e-10	2.946e+10	2.190e+01	-1.964e-09
33.301	2.750	-1.750	2.250	-2.250	-2.400e+01	5.217e-10	-4.600e+10	-2.400e+01	-7.828e-10	3.066e+10	2.190e+01	-1.964e-09
34.200	2.750	-2.000	2.500	-2.250	-2.400e+01	5.344e-10	-4.491e+10	-2.400e+01	-7.463e-10	3.216e+10	2.190e+01	-1.964e-09
35.300	2.750	-2.250	2.750	-2.250	-2.400e+01	5.530e-10	-4.340e+10	-2.400e+01	-7.639e-10	3.142e+10	2.190e+01	-1.964e-09
36.212	2.750	-2.500	3.000	-2.250	-2.400e+01	5.015e-10	-4.786e+10	-2.400e+01	-7.690e-10	3.121e+10	2.190e+01	-1.964e-09
37.141	2.750	-2.750	3.250	-2.250	-2.400e+01	5.803e-10	-4.136e+10	-2.400e+01	-7.544e-10	3.181e+10	2.190e+01	-1.964e-09
38.059	2.750	-3.000	3.500	-2.250	-2.400e+01	5.069e-10	-4.734e+10	-2.400e+01	-7.330e-10	3.274e+10	2.190e+01	-1.964e-09
39.100	2.750	-3.250	3.750	-2.250	-2.400e+01	5.350e-10	-4.486e+10	-2.400e+01	-7.542e-10	3.182e+10	2.190e+01	-1.964e-09
40.020	2.750	-3.500	4.000	-2.250	-2.400e+01	5.486e-10	-4.375e+10	-2.400e+01	-7.686e-10	3.123e+10	2.190e+01	-1.964e-09
41.249	2.750	-3.750	4.250	-2.250	-2.400e+01	5.374e-10	-4.466e+10	-2.400e+01	-7.208e-10	3.329e+10	2.190e+01	-1.964e-09
42.170	2.750	-4.000	4.500	-2.250	-2.400e+01	5.197e-10	-4.618e+10	-2.400e+01	-7.603e-10	3.157e+10	2.190e+01	-1.964e-09
43.230	2.750	-4.250	4.750	-2.250	-2.400e+01	5.346e-10	-4.489e+10	-2.400e+01	-8.252e-10	2.908e+10	2.190e+01	-1.964e-09
44.150	2.750	-4.500	5.000	-2.250	-2.400e+01	5.921e-10	-4.053e+10	-2.400e+01	-7.521e-10	3.191e+10	2.190e+01	-1.964e-09
45.100	2.750	-4.750	5.250	-2.250	-2.400e+01	5.561e-10	-4.316e+10	-2.400e+01	-7.961e-10	3.015e+10	2.190e+01	-1.964e-09
46.130	2.750	-5.000	5.500	-2.250	-2.400e+01	5.305e-10	-4.524e+10	-2.400e+01	-7.380e-10	3.252e+10	2.190e+01	-1.964e-09
47.043	2.750	-5.250	5.750	-2.250	-2.400e+01	5.944e-10	-4.038e+10	-2.400e+01	-7.310e-10	3.283e+10	2.190e+01	-1.964e-09
47.970	2.750	-5.500	6.000	-2.250	-2.400e+01	5.102e-10	-4.704e+10	-2.400e+01	-7.780e-10	3.085e+10	2.190e+01	-1.964e-09
48.890	2.750	-5.750	6.250	-2.250	-2.400e+01	5.758e-10	-4.168e+10	-2.400e+01	-7.338e-10	3.271e+10	2.190e+01	-1.964e-09
0.962	3.000	-5.750	6.250	-2.500	-2.400e+01	5.218e-10	-4.600e+10	-2.400e+01	-7.844e-10	3.060e+10	2.190e+01	-1.964e-09
2.153	3.000	-5.500	6.000	-2.500	-2.400e+01	5.757e-10	-4.168e+10	-2.400e+01	-8.032e-10	2.988e+10	2.190e+01	-1.964e-09
3.025	3.000	-5.250	5.750	-2.500	-2.400e+01	5.750e-10	-4.174e+10	-2.400e+01	-7.792e-10	3.080e+10	2.190e+01	-1.964e-09
3.913	3.000	-5.000	5.500	-2.500	-2.400e+01	5.365e-10	-4.473e+10	-2.400e+01	-8.018e-10	2.993e+10	2.190e+01	-1.964e-09
4.916	3.000	-4.750	5.250	-2.500	-2.400e+01	5.351e-10	-4.485e+10	-2.400e+01	-7.426e-10	3.232e+10	2.190e+01	-1.964e-09
6.143	3.000	-4.500	5.000	-2.500	-2.400e+01	5.264e-10	-4.560e+10	-2.400e+01	-7.609e-10	3.154e+10	2.190e+01	-1.964e-09
7.042	3.000	-4.250	4.750	-2.500	-2.400e+01	5.575e-10	-4.305e+10	-2.400e+01	-7.972e-10	3.011e+10	2.190e+01	-1.964e-09
7.935	3.000	-4.000	4.500	-2.500	-2.400e+01	5.502e-10	-4.362e+10	-2.400e+01	-7.574e-10	3.169e+10	2.190e+01	-1.964e-09
8.889	3.000	-3.750	4.250	-2.500	-2.400e+01	5.530e-10	-4.340e+10	-2.400e+01	-7.632e-10	3.145e+10	2.190e+01	-1.964e-09
10.012	3.000	-3.500	4.000	-2.500	-2.400e+01	4.869e-10	-4.929e+10	-2.400e+01	-7.991e-10	3.003e+10	2.190e+01	-1.964e-09
10.923	3.000	-3.250	3.750	-2.500	-2.400e+01	5.357e-10	-4.480e+10	-2.400e+01	-8.024e-10	2.991e+10	2.190e+01	-1.964e-09
11.832	3.000	-3.000	3.500	-2.500	-2.400e+01	5.487e-10	-4.374e+10	-2.400e+01	-7.987e-10	3.005e+10	2.190e+01	-1.964e-09
12.743	3.000	-2.750	3.250	-2.500	-2.400e+01	5.244e-10	-4.576e+10	-2.400e+01	-7.789e-10	3.081e+10	2.190e+01	-1.964e-09
14.083	3.000	-2.500	3.000	-2.500	-2.400e+01	5.339e-10	-4.495e+10	-2.400e+01	-7.901e-10	3.037e+10	2.190e+01	-1.964e-09
14.992	3.000	-2.250	2.750	-2.500	-2.400e+01	5.278e-10	-4.547e+10	-2.400e+01	-7.627e-10	3.147e+10	2.190e+01	-1.964e-09
15.933	3.000	-2.000	2.500	-2.500	-2.400e+01	5.463e-10	-4.393e+10	-2.400e+01	-7.914e-10	3.032e+10	2.190e+01	-1.964e-09
16.966	3.000	-1.750	2.250	-2.500	-2.400e+01	5.532e-10	-4.338e+10	-2.400e+01	-7.949e-10	3.019e+10	2.190e+01	-1.964e-09
17.893	3.000	-1.500	2.000	-2.500	-2.400e+01	5.394e-10	-4.449e+10	-2.400e+01	-7.998e-10	3.001e+10	2.190e+01	-1.964e-09
19.087	3.000	-1.250	1.750	-2.500	-2.400e+01	5.990e-10	-4.006e+10	-2.400e+01	-7.146e-10	3.359e+10	2.190e+01	-1.964e-09
20.027	3.000	-1.000	1.500	-2.500	-2.400e+01	5.582e-10	-4.300e+10	-2.400e+01	-8.157e-10	2.942e+10	2.190e+01	-1.964e-09
20.943	3.000	-0.750	1.250	-2.500	-2.400e+01	5.405e-10	-4.441e+10	-2.400e+01	-8.473e-10	2.832e+10	2.190e+01	-1.964e-09
22.173	3.000	-0.500	1.000	-2.500	-2.400e+01	5.187e-10	-4.627e+10	-2.400e+01	-7.967e-10	3.013e+10	2.190e+01	-1.964e-09
23.097	3.000	-0.250	0.750	-2.500	-2.400e+01	5.797e-10	-4.140e+10	-2.400e+01	-7.548e-10	3.180e+10	2.190e+01	-1.964e-09
24.027	3.000	0.000	0.500	-2.500	-2.400e+01	5.366e-10	-4.473e+10	-2.400e+01	-7.870e-10	3.049e+10	2.190e+01	-1.964e-09
24.953	3.000	0.250	0.250	-2.500	-2.400e+01	5.400e-10	-4.445e+10	-2.400e+01	-7.567e-10	3.172e+10	2.190e+01	-1.964e-09
26.093	3.000	0.500	-0.000	-2.500	-2.400e+01	5.686e-10	-4.221e+10	-2.400e+01	-7.686e-10	3.123e+10	2.190e+01	-1.964e-09
27.007	3.000	0.750	-0.250	-2.500	-2.400e+01	5.634e-10	-4.260e+10	-2.400e+01	-7.849e-10	3.058e+10	2.190e+01	-1.964e-09
28.023	3.000	1.000	-0.500	-2.500	-2.400e+01	5.359e-10	-4.479e+10	-2.400e+01	-7.553e-10	3.177e+10	2.190e+01	-1.964e-09
29.503	3.000	1.250	-0.750	-2.500	-2.400e+01	5.555e-10	-4.321e+10	-2.400e+01	-7.885e-10	3.044e+10	2.190e+01	-1.964e-09
30.662	3.000	1.500	-1.000	-2.500	-2.400e+01	5.600e-10	-4.286e+10	-2.400e+01	-7.587e-10	3.163e+10	2.190e+01	-1.964e-09
31.596	3.000	1.750	-1.250	-2.500	-2.400e+01	5.637e-10	-4.258e+10	-2.400e+01	-7.860e-10	3.053e+10	2.190e+01	-1.964e-09
32.513	3.000	2.000	-1.500	-2.500	-2.400e+01	5.715e-10	-4.199e+10	-2.400e+01	-7.577e-10	3.168e+10	2.190e+01	-1.964e-09
33.433	3.000	2.250	-1.750	-2.500	-2.400e+01	5.568e-10	-4.311e+10	-2.400e+01	-7.449e-10	3.222e+10	2.190e+01	-1.964e-09
34.658	3.000	2.500	-2.000	-2.500	-2.400e+01	5.540e-10	-4.332e+10	-2.400e+01	-7.364e-10	3.259e+10	2.190e+01	-1.964e-09
35.593	3.000	2.750	-2.250	-2.500	-2.400e+01	5.414e-10	-4.433e+10	-2.400e+01	-7.996e-10	3.001e+10	2.190e+01	-1.964e-09
36.513	3.000	3.000	-2.500	-2.500	-2.400e+01	5.341e-10	-4.493e+10	-2.400e+01	-7.994e-10	3.002e+10	2.190e+01	-1.964e-09
38.016	3.000	3.250	-2.750	-2.500	-2.400e+01	5.389e-10	-4.453e+10	-2.400e+01	-7.730e-10	3.105e+10	2.190e+01	-1.964e-09
39.855	3.000	3.500	-3.000	-2.500	-2.400e+01	5.808e-10	-4.132e+10	-2.400e+01	-7.969e-10	3.012e+10	2.190e+01	-1.964e-09
40.774	3.000	3.750	-3.250	-2.500	-2.400e+01	5.162e-10	-4.649e+10	-2.400e+01	-7.467e-10	3.214e+10	2.190e+01	-1.964e-09
41.694	3.000	4.000	-3.500	-2.500	-2.400e+01	5.376e-10	-4.464e+10	-2.400e+01	-7.923e-10	3.029e+10	2.190e+01	-1.964e-09
42.633	3.000	4.250	-3.750	-2.500	-2.400e+01	5.897e-10	-4.070e+10	-2.400e+01	-8.042e-10	2.984e+10	2.190e+01	-1.964e-09
43.927	3.000	4.500	-4.000	-2.500	-2.400e+01	5.427e-10	-4.423e+10	-2.400e+01	-8.090e-10	2.967e+10	2.190e+01	-1.964e-09
44.836	3.000	4.750	-4.250	-2.500	-2.400e+01	5.412e-10	-4.435e+10	-2.400e+01	-7.820e-10	3.069e+10	2.190e+01	-1.964e-09
45.754	3.000	5.000	-4.500	-2.500	-2.400e+01	5.222e-10	-4.596e+10	-2.400e+01	-7.749e-10	3.097e+10	2.190e+01	-1.964e-09
46.675	3.000	5.250	-4.750	-2.500	-2.400e+01	5.117e-10	-4.690e+10	-2.400e+01	-7.937e-10	3.024e+10	2.190e+01	-1.964e-09
47.847	3.000	5.500	-5.000	-2.500	-2.400e+01	5.376e-10	-4.464e+10	-2.400e+01	-7.906e-10	3.036e+10	2.190e+01	-1.964e-09
48.756	3.000	5.750	-5.250	-2.500	-2.400e+01	5.347e-10	-4.489e+10	-2.400e+01	-7.663e-10	3.132e+10	2.190e+01	-1.964e-09
50.333	3.000	6.000	-5.500	-2.500	-2.400e+01	5.498e-10	-4.365e+10	-2.400e+01	-8.078e-10	2.971e+10	2.190e+01	-1.964e-09
51.254	3.000	6.250	-5.750	-2.500	-2.400e+01	5.152e-10	-4.658e+10	-2.400e+01	-8.164e-10	2.940e+10	2.190e+01	-1.964e-09
0.802	3.250	6.250	-5.750	-2.750	-2.400e+01	5.381e-10	-4.460e+10	-2.400e+01	-7.985e-10	3.005e+10	2.190e+01	-1.964e-09
1.800	3.250	6.000	-5.500	-2.750	-2.400e+01	5.685e-10	-4.222e+10	-2.400e+01	-8.191e-10	2.930e+10	2.190e+01	-1.964e-09
3.560	3.250	5.750	-5.250	-2.750	-2.400e+01	5.483e-10	-4.377e+10	-2.400e+01	-7.981e-10	3.007e+10	2.190e+01	-1.964e-09
4.471	3.250	5.500	-5.000	-2.750	-2.400e+01	5.114e-10	-4.693e+10	-2.400e+01	-7.466e-10	3.215e+10	2.190e+01	-1.964e-09
5.341	3.250	5.250	-4.750	-2.750	-2.400e+01	5.827e-10	-4.119e+10	-2.400e+01	-7.785e-10	3.083e+10	2.190e+01	-1.964e-09
6.240	3.250	5.000	-4.500	-2.750	-2.400e+01	5.446e-10	-4.407e+10	-2.400e+01	-7.595e-10	3.160e+10	2.190e+01	-1.964e-09
7.140	3.250	4.750	-4.250	-2.750	-2.400e+01	5.897e-10	-4.070e+10	-2.400e+01	-8.018e-10	2.993e+10	2.190e+01	-1.964e-09
8.040	3.250	4.500	-4.000	-2.750	-2.400e+01	5.797e-10	-4.140e+10	-2.400e+01	-7.756e-10	3.094e+10	2.190e+01	-1.964e-09
8.941	3.250	4.250	-3.750	-2.750	-2.400e+01	5.706e-10	-4.206e+10	-2.400e+01	-7.639e-10	3.142e+10	2.190e+01	-1.964e-09
9.840	3.250	4.000	-3.500	-2.750	-2.400e+01	5.513e-10	-4.353e+10	-2.400e+01	-7.837e-10	3.062e+10	2.190e+01	-1.964e-09
10.751	3.250	3.750	-3.250	-2.750	-2.400e+01	5.171e-10	-4.641e+10	-2.400e+01	-7.596e-10	3.159e+10	2.190e+01	-1.964e-09
11.662	3.250	3.500	-3.000	-2.750	-2.400e+01	5.940e-10	-4.041e+10	-2.400e+01	-7.826e-10	3.067e+10	2.190e+01	-1.964e-09
13.101	3.250	3.250	-2.750	-2.750	-2.400e+01	5.473e-10	-4.385e+10	-2.400e+01	-7.418e-10	3.236e+10	2.190e+01	-1.964e-09
14.655	3.250	3.000	-2.500	-2.750	-2.400e+01	5.477e-10	-4.382e+10	-2.400e+01	-7.859e-10	3.054e+10	2.190e+01	-1.964e-09
15.681	3.250	2.750	-2.250	-2.750	-2.400e+01	5.366e-10	-4.473e+10	-2.400e+01	-7.743e-10	3.099e+10	2.190e+01	-1.964e-09
16.565	3.250	2.500	-2.000	-2.750	-2.400e+01	5.502e-10	-4.362e+10	-2.400e+01	-7.741e-10	3.101e+10	2.190e+01	-1.964e-09
17.524	3.250	2.250	-1.750	-2.750	-2.400e+01	5.528e-10	-4.342e+10	-2.400e+01	-8.018e-10	2.993e+10	2.190e+01	-1.964e-09
18.433	3.250	2.000	-1.500	-2.750	-2.400e+01	5.711e-10	-4.203e+10	-2.400e+01	-8.006e-10	2.998e+10	2.190e+01	-1.964e-09
19.472	3.250	1.750	-1.250	-2.750	-2.400e+01	5.299e-10	-4.529e+10	-2.400e+01	-7.053e-10	3.403e+10	2.190e+01	-1.964e-09
20.390	3.250	1.500	-1.000	-2.750	-2.400e+01	5.812e-10	-4.129e+10	-2.400e+01	-7.449e-10	3.222e+10	2.190e+01	-1.964e-09
21.304	3.250	1.250	-0.750	-2.750	-2.400e+01	5.804e-10	-4.135e+10	-2.400e+01	-7.394e-10	3.246e+10	2.190e+01	-1.964e-09
22.781	3.250	1.000	-0.500	-2.750	-2.400e+01	5.673e-10	-4.230e+10	-2.400e+01	-7.687e-10	3.122e+10	2.190e+01	-1.964e-09
23.912	3.250	0.750	-0.250	-2.750	-2.400e+01	5.354e-10	-4.482e+10	-2.400e+01	-7.975e-10	3.009e+10	2.190e+01	-1.964e-09
24.824	3.250	0.500	0.000	-2.750	-2.400e+01	5.323e-10	-4.509e+10	-2.400e+01	-7.579e-10	3.167e+10	2.190e+01	-1.964e-09
25.750	3.250	0.250	0.250	-2.750	-2.400e+01	5.232e-10	-4.587e+10	-2.400e+01	-7.481e-10	3.208e+10	2.190e+01	-1.964e-09
26.664	3.250	0.000	0.500	-2.750	-2.400e+01	5.280e-10	-4.545e+10	-2.400e+01	-7.655e-10	3.135e+10	2.190e+01	-1.964e-09
27.592	3.250	-0.250	0.750	-2.750	-2.400e+01	5.395e-10	-4.449e+10	-2.400e+01	-7.782e-10	3.084e+10	2.190e+01	-1.964e-09
28.633	3.250	-0.500	1.000	-2.750	-2.400e+01	5.598e-10	-4.287e+10	-2.400e+01	-7.818e-10	3.070e+10	2.190e+01	-1.964e-09
29.574	3.250	-0.750	1.250	-2.750	-2.400e+01	5.647e-10	-4.250e+10	-2.400e+01	-8.100e-10	2.963e+10	2.190e+01	-1.964e-09
30.521	3.250	-1.000	1.500	-2.750	-2.400e+01	5.702e-10	-4.209e+10	-2.400e+01	-7.916e-10	3.032e+10	2.190e+01	-1.964e-09
31.491	3.250	-1.250	1.750	-2.750	-2.400e+01	5.504e-10	-4.361e+10	-2.400e+01	-7.677e-10	3.126e+10	2.190e+01	-1.964e-09
32.530	3.250	-1.500	2.000	-2.750	-2.400e+01	5.254e-10	-4.568e+10	-2.400e+01	-7.704e-10	3.115e+10	2.190e+01	-1.964e-09
33.593	3.250	-1.750	2.250	-2.750	-2.400e+01	5.515e-10	-4.352e+10	-2.400e+01	-7.917e-10	3.032e+10	2.190e+01	-1.964e-09
34.541	3.250	-2.000	2.500	-2.750	-2.400e+01	5.456e-10	-4.399e+10	-2.400e+01	-7.487e-10	3.205e+10	2.190e+01	-1.964e-09
35.616	3.250	-2.250	2.750	-2.750	-2.400e+01	5.465e-10	-4.391e+10	-2.400e+01	-8.000e-10	3.000e+10	2.190e+01	-1.964e-09
36.560	3.250	-2.500	3.000	-2.750	-2.400e+01	5.635e-10	-4.259e+10	-2.400e+01	-7.756e-10	3.095e+10	2.190e+01	-1.964e-09
37.482	3.250	-2.750	3.250	-2.750	-2.400e+01	5.366e-10	-4.472e+10	-2.400e+01	-7.660e-10	3.133e+10	2.190e+01	-1.964e-09
38.411	3.250	-3.000	3.500	-2.750	-2.400e+01	5.850e-10	-4.103e+10	-2.400e+01	-7.893e-10	3.041e+10	2.190e+01	-1.964e-09
39.431	3.250	-3.250	3.750	-2.750	-2.400e+01	6.001e-10	-3.999e+10	-2.400e+01	-7.780e-10	3.085e+10	2.190e+01	-1.964e-09
40.365	3.250	-3.500	4.000	-2.750	-2.400e+01	5.423e-10	-4.426e+10	-2.400e+01	-7.503e-10	3.199e+10	2.190e+01	-1.964e-09
41.590	3.250	-3.750	4.250	-2.750	-2.400e+01	5.430e-10	-4.420e+10	-2.400e+01	-7.777e-10	3.086e+10	2.190e+01	-1.964e-09
42.485	3.250	-4.000	4.500	-2.750	-2.400e+01	5.699e-10	-4.212e+10	-2.400e+01	-7.754e-10	3.095e+10	2.190e+01	-1.964e-09
43.484	3.250	-4.250	4.750	-2.750	-2.400e+01	5.528e-10	-4.342e+10	-2.400e+01	-7.748e-10	3.098e+10	2.190e+01	-1.964e-09
44.392	3.250	-4.500	5.000	-2.750	-2.400e+01	5.653e-10	-4.245e+10	-2.400e+01	-7.927e-10	3.028e+10	2.190e+01	-1.964e-09
45.361	3.250	-4.750	5.250	-2.750	-2.400e+01	5.313e-10	-4.517e+10	-2.400e+01	-7.775e-10	3.087e+10	2.190e+01	-1.964e-09
46.424	3.250	-5.000	5.500	-2.750	-2.400e+01	5.623e-10	-4.268e+10	-2.400e+01	-7.727e-10	3.106e+10	2.190e+01	-1.964e-09
47.404	3.250	-5.250	5.750	-2.750	-2.400e+01	5.285e-10	-4.541e+10	-2.400e+01	-8.090e-10	2.967e+10	2.190e+01	-1.964e-09
48.316	3.250	-5.500	6.000	-2.750	-2.400e+01	5.279e-10	-4.546e+10	-2.400e+01	-8.037e-10	2.986e+10	2.190e+01	-1.964e-09
49.252	3.250	-5.750	6.250	-2.750	-2.400e+01	5.447e-10	-4.406e+10	-2.400e+01	-7.505e-10	3.198e+10	2.190e+01	-1.964e-09
0.912	3.500	-5.750	6.250	-3.000	-2.400e+01	5.918e-10	-4.056e+10	-2.400e+01	-7.779e-10	3.085e+10	2.190e+01	-1.964e-09
2.103	3.500	-5.500	6.000	-3.000	-2.400e+01	5.321e-10	-4.511e+10	-2.400e+01	-7.967e-10	3.012e+10	2.190e+01	-1.964e-09
2.957	3.500	-5.250	5.750	-3.000	-2.400e+01	5.306e-10	-4.523e+10	-2.400e+01	-7.933e-10	3.025e+10	2.190e+01	-1.964e-09
3.853	3.500	-5.000	5.500	-3.000	-2.400e+01	5.044e-10	-4.759e+10	-2.400e+01	-7.468e-10	3.214e+10	2.190e+01	-1.964e-09
4.827	3.500	-4.750	5.250	-3.000	-2.400e+01	5.436e-10	-4.415e+10	-2.400e+01	-7.290e-10	3.292e+10	2.190e+01	-1.964e-09
6.068	3.500	-4.500	5.000	-3.000	-2.400e+01	5.097e-10	-4.709e+10	-2.400e+01	-7.447e-10	3.223e+10	2.190e+01	-1.964e-09
6.956	3.500	-4.250	4.750	-3.000	-2.400e+01	5.149e-10	-4.661e+10	-2.400e+01	-7.582e-10	3.165e+10	2.190e+01	-1.964e-09
7.854	3.500	-4.000	4.500	-3.000	-2.400e+01	5.226e-10	-4.593e+10	-2.400e+01	-8.009e-10	2.997e+10	2.190e+01	-1.964e-09
8.763	3.500	-3.750	4.250	-3.000	-2.400e+01	5.092e-10	-4.713e+10	-2.400e+01	-7.908e-10	3.035e+10	2.190e+01	-1.964e-09
9.913	3.500	-3.500	4.000	-3.000	-2.400e+01	4.885e-10	-4.913e+10	-2.400e+01	-8.291e-10	2.895e+10	2.190e+01	-1.964e-09
10.804	3.500	-3.250	3.750	-3.000	-2.400e+01	4.987e-10	-4.813e+10	-2.400e+01	-7.954e-10	3.017e+10	2.190e+01	-1.964e-09
11.703	3.500	-3.000	3.500	-3.000	-2.400e+01	5.215e-10	-4.603e+10	-2.400e+01	-8.130e-10	2.952e+10	2.190e+01	-1.964e-09
12.613	3.500	-2.750	3.250	-3.000	-2.400e+01	5.423e-10	-4.426e+10	-2.400e+01	-8.061e-10	2.977e+10	2.190e+01	-1.964e-09
13.943	3.500	-2.500	3.000	-3.000	-2.400e+01	5.233e-10	-4.586e+10	-2.400e+01	-7.972e-10	3.011e+10	2.190e+01	-1.964e-09
14.844	3.500	-2.250	2.750	-3.000	-2.400e+01	5.312e-10	-4.518e+10	-2.400e+01	-7.854e-10	3.056e+10	2.190e+01	-1.964e-09
15.746	3.500	-2.000	2.500	-3.000	-2.400e+01	4.875e-10	-4.924e+10	-2.400e+01	-7.839e-10	3.061e+10	2.190e+01	-1.964e-09
16.696	3.500	-1.750	2.250	-3.000	-2.400e+01	5.707e-10	-4.205e+10	-2.400e+01	-7.858e-10	3.054e+10	2.190e+01	-1.964e-09
17.594	3.500	-1.500	2.000	-3.000	-2.400e+01	5.216e-10	-4.601e+10	-2.400e+01	-7.636e-10	3.143e+10	2.190e+01	-1.964e-09
18.783	3.500	-1.250	1.750	-3.000	-2.400e+01	5.601e-10	-4.285e+10	-2.400e+01	-7.962e-10	3.014e+10	2.190e+01	-1.964e-09
19.704	3.500	-1.000	1.500	-3.000	-2.400e+01	5.155e-10	-4.655e+10	-2.400e+01	-8.004e-10	2.998e+10	2.190e+01	-1.964e-09
20.623	3.500	-0.750	1.250	-3.000	-2.400e+01	5.549e-10	-4.325e+10	-2.400e+01	-7.406e-10	3.241e+10	2.190e+01	-1.964e-09
21.863	3.500	-0.500	1.000	-3.000	-2.400e+01	5.086e-10	-4.719e+10	-2.400e+01	-8.014e-10	2.995e+10	2.190e+01	-1.964e-09
22.774	3.500	-0.250	0.750	-3.000	-2.400e+01	5.897e-10	-4.070e+10	-2.400e+01	-7.829e-10	3.065e+10	2.190e+01	-1.964e-09
23.693	3.500	0.000	0.500	-3.000	-2.400e+01	5.313e-10	-4.517e+10	-2.400e+01	-8.093e-10	2.966e+10	2.190e+01	-1.964e-09
24.597	3.500	0.250	0.250	-3.000	-2.400e+01	5.568e-10	-4.310e+10	-2.400e+01	-8.070e-10	2.974e+10	2.190e+01	-1.964e-09
25.693	3.500	0.500	-0.000	-3.000	-2.400e+01	5.396e-10	-4.447e+10	-2.400e+01	-7.525e-10	3.190e+10	2.190e+01	-1.964e-09
26.678	3.500	0.750	-0.250	-3.000	-2.400e+01	5.671e-10	-4.232e+10	-2.400e+01	-7.892e-10	3.041e+10	2.190e+01	-1.964e-09
27.687	3.500	1.000	-0.500	-3.000	-2.400e+01	5.625e-10	-4.267e+10	-2.400e+01	-7.727e-10	3.106e+10	2.190e+01	-1.964e-09
29.203	3.500	1.250	-0.750	-3.000	-2.400e+01	5.500e-10	-4.364e+10	-2.400e+01	-7.892e-10	3.041e+10	2.190e+01	-1.964e-09
30.324	3.500	1.500	-1.000	-3.000	-2.400e+01	5.413e-10	-4.434e+10	-2.400e+01	-7.711e-10	3.113e+10	2.190e+01	-1.964e-09
31.244	3.500	1.750	-1.250	-3.000	-2.400e+01	5.073e-10	-4.731e+10	-2.400e+01	-7.808e-10	3.074e+10	2.190e+01	-1.964e-09
32.194	3.500	2.000	-1.500	-3.000	-2.400e+01	5.218e-10	-4.600e+10	-2.400e+01	-7.524e-10	3.190e+10	2.190e+01	-1.964e-09
33.114	3.500	2.250	-1.750	-3.000	-2.400e+01	5.581e-10	-4.300e+10	-2.400e+01	-7.981e-10	3.007e+10	2.190e+01	-1.964e-09
34.385	3.500	2.500	-2.000	-3.000	-2.400e+01	5.345e-10	-4.490e+10	-2.400e+01	-7.816e-10	3.070e+10	2.190e+01	-1.964e-09
35.304	3.500	2.750	-2.250	-3.000	-2.400e+01	5.113e-10	-4.694e+10	-2.400e+01	-7.608e-10	3.155e+10	2.190e+01	-1.964e-09
36.227	3.500	3.000	-2.500	-3.000	-2.400e+01	5.410e-10	-4.436e+10	-2.400e+01	-7.702e-10	3.116e+10	2.190e+01	-1.964e-09
37.707	3.500	3.250	-2.750	-3.000	-2.400e+01	5.083e-10	-4.722e+10	-2.400e+01	-7.628e-10	3.146e+10	2.190e+01	-1.964e-09
39.525	3.500	3.500	-3.000	-3.000	-2.400e+01	5.336e-10	-4.498e+10	-2.400e+01	-7.282e-10	3.296e+10	2.190e+01	-1.964e-09
40.474	3.500	3.750	-3.250	-3.000	-2.400e+01	5.284e-10	-4.542e+10	-2.400e+01	-7.811e-10	3.072e+10	2.190e+01	-1.964e-09
41.394	3.500	4.000	-3.500	-3.000	-2.400e+01	4.970e-10	-4.829e+10	-2.400e+01	-6.975e-10	3.441e+10	2.190e+01	-1.964e-09
42.314	3.500	4.250	-3.750	-3.000	-2.400e+01	5.419e-10	-4.429e+10	-2.400e+01	-7.669e-10	3.129e+10	2.190e+01	-1.964e-09
43.587	3.500	4.500	-4.000	-3.000	-2.400e+01	5.000e-10	-4.800e+10	-2.400e+01	-7.653e-10	3.136e+10	2.190e+01	-1.964e-09
44.506	3.500	4.750	-4.250	-3.000	-2.400e+01	5.308e-10	-4.521e+10	-2.400e+01	-7.492e-10	3.203e+10	2.190e+01	-1.964e-09
45.427	3.500	5.000	-4.500	-3.000	-2.400e+01	5.375e-10	-4.465e+10	-2.400e+01	-7.383e-10	3.251e+10	2.190e+01	-1.964e-09
46.354	3.500	5.250	-4.750	-3.000	-2.400e+01	5.840e-10	-4.110e+10	-2.400e+01	-7.520e-10	3.191e+10	2.190e+01	-1.964e-09
47.516	3.500	5.500	-5.000	-3.000	-2.400e+01	5.312e-10	-4.518e+10	-2.400e+01	-7.464e-10	3.216e+10	2.190e+01	-1.964e-09
48.446	3.500	5.750	-5.250	-3.000	-2.400e+01	5.315e-10	-4.515e+10	-2.400e+01	-7.509e-10	3.196e+10	2.190e+01	-1.964e-09
50.114	3.500	6.000	-5.500	-3.000	-2.400e+01	5.267e-10	-4.557e+10	-2.400e+01	-7.467e-10	3.214e+10	2.190e+01	-1.964e-09
51.048	3.500	6.250	-5.750	-3.000	-2.400e+01	5.653e-10	-4.246e+10	-2.400e+01	-7.024e-10	3.417e+10	2.190e+01	-1.964e-09
0.841	3.750	6.250	-5.750	-3.250	-2.400e+01	5.222e-10	-4.596e+10	-2.400e+01	-7.492e-10	3.203e+10	2.190e+01	-1.964e-09
1.817	3.750	6.000	-5.500	-3.250	-2.400e+01	5.344e-10	-4.491e+10	-2.400e+01	-7.810e-10	3.073e+10	2.190e+01	-1.964e-09
3.627	3.750	5.750	-5.250	-3.250	-2.400e+01	5.617e-10	-4.273e+10	-2.400e+01	-7.378e-10	3.253e+10	2.190e+01	-1.964e-09
4.526	3.750	5.500	-5.000	-3.250	-2.400e+01	5.297e-10	-4.531e+10	-2.400e+01	-7.574e-10	3.169e+10	2.190e+01	-1.964e-09
5.469	3.750	5.250	-4.750	-3.250	-2.400e+01	5.272e-10	-4.552e+10	-2.400e+01	-7.714e-10	3.111e+10	2.190e+01	-1.964e-09
6.347	3.750	5.000	-4.500	-3.250	-2.400e+01	5.920e-10	-4.054e+10	-2.400e+01	-7.160e-10	3.352e+10	2.190e+01	-1.964e-09
7.247	3.750	4.750	-4.250	-3.250	-2.400e+01	5.431e-10	-4.419e+10	-2.400e+01	-7.471e-10	3.212e+10	2.190e+01	-1.964e-09
8.150	3.750	4.500	-4.000	-3.250	-2.400e+01	5.479e-10	-4.381e+10	-2.400e+01	-7.751e-10	3.097e+10	2.190e+01	-1.964e-09
9.051	3.750	4.250	-3.750	-3.250	-2.400e+01	5.412e-10	-4.435e+10	-2.400e+01	-7.601e-10	3.157e+10	2.190e+01	-1.964e-09
9.957	3.750	4.000	-3.500	-3.250	-2.400e+01	5.349e-10	-4.487e+10	-2.400e+01	-7.309e-10	3.283e+10	2.190e+01	-1.964e-09
10.867	3.750	3.750	-3.250	-3.250	-2.400e+01	5.509e-10	-4.357e+10	-2.400e+01	-7.808e-10	3.074e+10	2.190e+01	-1.964e-09
11.780	3.750	3.500	-3.000	-3.250	-2.400e+01	5.558e-10	-4.318e+10	-2.400e+01	-8.319e-10	2.885e+10	2.190e+01	-1.964e-09
13.237	3.750	3.250	-2.750	-3.250	-2.400e+01	5.293e-10	-4.534e+10	-2.400e+01	-7.683e-10	3.124e+10	2.190e+01	-1.964e-09
14.808	3.750	3.000	-2.500	-3.250	-2.400e+01	5.032e-10	-4.770e+10	-2.400e+01	-7.915e-10	3.032e+10	2.190e+01	-1.964e-09
15.871	3.750	2.750	-2.250	-3.250	-2.400e+01	5.131e-10	-4.677e+10	-2.400e+01	-7.548e-10	3.180e+10	2.190e+01	-1.964e-09
16.792	3.750	2.500	-2.000	-3.250	-2.400e+01	5.207e-10	-4.609e+10	-2.400e+01	-7.942e-10	3.022e+10	2.190e+01	-1.964e-09
17.717	3.750	2.250	-1.750	-3.250	-2.400e+01	5.503e-10	-4.361e+10	-2.400e+01	-7.165e-10	3.350e+10	2.190e+01	-1.964e-09
18.638	3.750	2.000	-1.500	-3.250	-2.400e+01	4.813e-10	-4.986e+10	-2.400e+01	-7.828e-10	3.066e+10	2.190e+01	-1.964e-09
19.757	3.750	1.750	-1.250	-3.250	-2.400e+01	5.523e-10	-4.346e+10	-2.400e+01	-7.540e-10	3.183e+10	2.190e+01	-1.964e-09
20.678	3.750	1.500	-1.000	-3.250	-2.400e+01	4.910e-10	-4.888e+10	-2.400e+01	-7.660e-10	3.133e+10	2.190e+01	-1.964e-09
21.627	3.750	1.250	-0.750	-3.250	-2.400e+01	5.563e-10	-4.314e+10	-2.400e+01	-7.943e-10	3.022e+10	2.190e+01	-1.964e-09
23.078	3.750	1.000	-0.500	-3.250	-2.400e+01	5.415e-10	-4.432e+10	-2.400e+01	-7.330e-10	3.274e+10	2.190e+01	-1.964e-09
24.197	3.750	0.750	-0.250	-3.250	-2.400e+01	5.593e-10	-4.291e+10	-2.400e+01	-8.064e-10	2.976e+10	2.190e+01	-1.964e-09
25.118	3.750	0.500	0.000	-3.250	-2.400e+01	5.240e-10	-4.580e+10	-2.400e+01	-7.852e-10	3.056e+10	2.190e+01	-1.964e-09
26.037	3.750	0.250	0.250	-3.250	-2.400e+01	5.616e-10	-4.273e+10	-2.400e+01	-8.148e-10	2.946e+10	2.190e+01	-1.964e-09
26.961	3.750	-0.000	0.500	-3.250	-2.400e+01	5.683e-10	-4.223e+10	-2.400e+01	-7.924e-10	3.029e+10	2.190e+01	-1.964e-09
27.877	3.750	-0.250	0.750	-3.250	-2.400e+01	5.235e-10	-4.584e+10	-2.400e+01	-7.852e-10	3.057e+10	2.190e+01	-1.964e-09
28.792	3.750	-0.500	1.000	-3.250	-2.400e+01	5.263e-10	-4.560e+10	-2.400e+01	-7.789e-10	3.081e+10	2.190e+01	-1.964e-09
29.717	3.750	-0.750	1.250	-3.250	-2.400e+01	5.190e-10	-4.624e+10	-2.400e+01	-7.939e-10	3.023e+10	2.190e+01	-1.964e-09
30.631	3.750	-1.000	1.500	-3.250	-2.400e+01	5.243e-10	-4.578e+10	-2.400e+01	-7.953e-10	3.018e+10	2.190e+01	-1.964e-09
31.620	3.750	-1.250	1.750	-3.250	-2.400e+01	5.786e-10	-4.148e+10	-2.400e+01	-7.917e-10	3.032e+10	2.190e+01	-1.964e-09
32.659	3.750	-1.500	2.000	-3.250	-2.400e+01	5.493e-10	-4.369e+10	-2.400e+01	-7.847e-10	3.058e+10	2.190e+01	-1.964e-09
33.742	3.750	-1.750	2.250	-3.250	-2.400e+01	5.486e-10	-4.375e+10	-2.400e+01	-7.540e-10	3.183e+10	2.190e+01	-1.964e-09
34.679	3.750	-2.000	2.500	-3.250	-2.400e+01	5.287e-10	-4.539e+10	-2.400e+01	-7.796e-10	3.079e+10	2.190e+01	-1.964e-09
35.852	3.750	-2.250	2.750	-3.250	-2.400e+01	5.201e-10	-4.615e+10	-2.400e+01	-8.031e-10	2.988e+10	2.190e+01	-1.964e-09
36.778	3.750	-2.500	3.000	-3.250	-2.400e+01	5.458e-10	-4.397e+10	-2.400e+01	-8.188e-10	2.931e+10	2.190e+01	-1.964e-09
37.699	3.750	-2.750	3.250	-3.250	-2.400e+01	5.279e-10	-4.546e+10	-2.400e+01	-7.780e-10	3.085e+10	2.190e+01	-1.964e-09
38.622	3.750	-3.000	3.500	-3.250	-2.400e+01	5.267e-10	-4.557e+10	-2.400e+01	-7.987e-10	3.005e+10	2.190e+01	-1.964e-09
39.662	3.750	-3.250	3.750	-3.250	-2.400e+01	5.576e-10	-4.304e+10	-2.400e+01	-7.972e-10	3.011e+10	2.190e+01	-1.964e-09
40.589	3.750	-3.500	4.000	-3.250	-2.400e+01	5.103e-10	-4.703e+10	-2.400e+01	-7.785e-10	3.083e+10	2.190e+01	-1.964e-09
41.828	3.750	-3.750	4.250	-3.250	-2.400e+01	4.977e-10	-4.823e+10	-2.400e+01	-7.635e-10	3.143e+10	2.190e+01	-1.964e-09
42.748	3.750	-4.000	4.500	-3.250	-2.400e+01	5.378e-10	-4.463e+10	-2.400e+01	-7.547e-10	3.180e+10	2.190e+01	-1.964e-09
43.692	3.750	-4.250	4.750	-3.250	-2.400e+01	5.439e-10	-4.413e+10	-2.400e+01	-7.538e-10	3.184e+10	2.190e+01	-1.964e-09
44.622	3.750	-4.500	5.000	-3.250	-2.400e+01	5.478e-10	-4.381e+10	-2.400e+01	-7.378e-10	3.253e+10	2.190e+01	-1.964e-09
45.597	3.750	-4.750	5.250	-3.250	-2.400e+01	5.540e-10	-4.332e+10	-2.400e+01	-7.779e-10	3.085e+10	2.190e+01	-1.964e-09
46.629	3.750	-5.000	5.500	-3.250	-2.400e+01	4.885e-10	-4.913e+10	-2.400e+01	-7.487e-10	3.206e+10	2.190e+01	-1.964e-09
47.529	3.750	-5.250	5.750	-3.250	-2.400e+01	5.782e-10	-4.151e+10	-2.400e+01	-7.960e-10	3.015e+10	2.190e+01	-1.964e-09
48.448	3.750	-5.500	6.000	-3.250	-2.400e+01	5.146e-10	-4.664e+10	-2.400e+01	-7.530e-10	3.187e+10	2.190e+01	-1.964e-09
49.361	3.750	-5.750	6.250	-3.250	-2.400e+01	5.135e-10	-4.674e+10	-2.400e+01	-8.179e-10	2.934e+10	2.190e+01	-1.964e-09
1.659	4.000	-5.750	6.250	-3.500	-2.400e+01	5.453e-10	-4.401e+10	-2.400e+01	-8.005e-10	2.998e+10	2.190e+01	-1.964e-09
2.822	4.000	-5.500	6.000	-3.500	-2.400e+01	5.180e-10	-4.633e+10	-2.400e+01	-8.044e-10	2.984e+10	2.190e+01	-1.964e-09
3.709	4.000	-5.250	5.750	-3.500	-2.400e+01	5.293e-10	-4.534e+10	-2.400e+01	-8.109e-10	2.960e+10	2.190e+01	-1.964e-09
4.592	4.000	-5.000	5.500	-3.500	-2.400e+01	5.264e-10	-4.560e+10	-2.400e+01	-7.789e-10	3.081e+10	2.190e+01	-1.964e-09
5.579	4.000	-4.750	5.250	-3.500	-2.400e+01	5.555e-10	-4.320e+10	-2.400e+01	-8.235e-10	2.914e+10	2.190e+01	-1.964e-09
6.742	4.000	-4.500	5.000	-3.500	-2.400e+01	5.474e-10	-4.384e+10	-2.400e+01	-8.206e-10	2.925e+10	2.190e+01	-1.964e-09
7.639	4.000	-4.250	4.750	-3.500	-2.400e+01	5.302e-10	-4.527e+10	-2.400e+01	-7.936e-10	3.024e+10	2.190e+01	-1.964e-09
8.539	4.000	-4.000	4.500	-3.500	-2.400e+01	5.620e-10	-4.271e+10	-2.400e+01	-7.815e-10	3.071e+10	2.190e+01	-1.964e-09
9.434	4.000	-3.750	4.250	-3.500	-2.400e+01	5.649e-10	-4.248e+10	-2.400e+01	-8.059e-10	2.978e+10	2.190e+01	-1.964e-09
10.600	4.000	-3.500	4.000	-3.500	-2.400e+01	5.338e-10	-4.496e+10	-2.400e+01	-8.557e-10	2.805e+10	2.190e+01	-1.964e-09
11.501	4.000	-3.250	3.750	-3.500	-2.400e+01	5.407e-10	-4.439e+10	-2.400e+01	-7.914e-10	3.033e+10	2.190e+01	-1.964e-09
12.430	4.000	-3.000	3.500	-3.500	-2.400e+01	5.124e-10	-4.684e+10	-2.400e+01	-7.825e-10	3.067e+10	2.190e+01	-1.964e-09
13.322	4.000	-2.750	3.250	-3.500	-2.400e+01	5.161e-10	-4.650e+10	-2.400e+01	-7.422e-10	3.233e+10	2.190e+01	-1.964e-09
14.702	4.000	-2.500	3.000	-3.500	-2.400e+01	5.510e-10	-4.356e+10	-2.400e+01	-8.035e-10	2.987e+10	2.190e+01	-1.964e-09
15.600	4.000	-2.250	2.750	-3.500	-2.400e+01	5.337e-10	-4.497e+10	-2.400e+01	-8.127e-10	2.953e+10	2.190e+01	-1.964e-09
16.520	4.000	-2.000	2.500	-3.500	-2.400e+01	5.261e-10	-4.562e+10	-2.400e+01	-7.629e-10	3.146e+10	2.190e+01	-1.964e-09
17.483	4.000	-1.750	2.250	-3.500	-2.400e+01	5.346e-10	-4.489e+10	-2.400e+01	-7.596e-10	3.160e+10	2.190e+01	-1.964e-09
18.418	4.000	-1.500	2.000	-3.500	-2.400e+01	4.975e-10	-4.824e+10	-2.400e+01	-7.989e-10	3.004e+10	2.190e+01	-1.964e-09
19.629	4.000	-1.250	1.750	-3.500	-2.400e+01	5.155e-10	-4.655e+10	-2.400e+01	-7.875e-10	3.047e+10	2.190e+01	-1.964e-09
20.593	4.000	-1.000	1.500	-3.500	-2.400e+01	5.034e-10	-4.767e+10	-2.400e+01	-7.837e-10	3.063e+10	2.190e+01	-1.964e-09
21.519	4.000	-0.750	1.250	-3.500	-2.400e+01	4.956e-10	-4.843e+10	-2.400e+01	-7.566e-10	3.172e+10	2.190e+01	-1.964e-09
22.779	4.000	-0.500	1.000	-3.500	-2.400e+01	5.617e-10	-4.273e+10	-2.400e+01	-7.659e-10	3.134e+10	2.190e+01	-1.964e-09
23.699	4.000	-0.250	0.750	-3.500	-2.400e+01	5.168e-10	-4.644e+10	-2.400e+01	-7.808e-10	3.074e+10	2.190e+01	-1.964e-09
24.619	4.000	0.000	0.500	-3.500	-2.400e+01	5.421e-10	-4.427e+10	-2.400e+01	-7.220e-10	3.324e+10	2.190e+01	-1.964e-09
25.539	4.000	0.250	0.250	-3.500	-2.400e+01	5.395e-10	-4.449e+10	-2.400e+01	-7.865e-10	3.051e+10	2.190e+01	-1.964e-09
26.659	4.000	0.500	-0.000	-3.500	-2.400e+01	5.472e-10	-4.386e+10	-2.400e+01	-7.358e-10	3.262e+10	2.190e+01	-1.964e-09
27.579	4.000	0.750	-0.250	-3.500	-2.400e+01	5.277e-10	-4.548e+10	-2.400e+01	-7.949e-10	3.019e+10	2.190e+01	-1.964e-09
28.601	4.000	1.000	-0.500	-3.500	-2.400e+01	4.948e-10	-4.851e+10	-2.400e+01	-7.813e-10	3.072e+10	2.190e+01	-1.964e-09
30.110	4.000	1.250	-0.750	-3.500	-2.400e+01	5.353e-10	-4.484e+10	-2.400e+01	-8.134e-10	2.951e+10	2.190e+01	-1.964e-09
31.269	4.000	1.500	-1.000	-3.500	-2.400e+01	4.744e-10	-5.059e+10	-2.400e+01	-7.745e-10	3.099e+10	2.190e+01	-1.964e-09
32.170	4.000	1.750	-1.250	-3.500	-2.400e+01	5.024e-10	-4.777e+10	-2.400e+01	-7.865e-10	3.051e+10	2.190e+01	-1.964e-09
33.103	4.000	2.000	-1.500	-3.500	-2.400e+01	5.328e-10	-4.505e+10	-2.400e+01	-7.608e-10	3.155e+10	2.190e+01	-1.964e-09
34.044	4.000	2.250	-1.750	-3.500	-2.400e+01	5.103e-10	-4.703e+10	-2.400e+01	-8.086e-10	2.968e+10	2.190e+01	-1.964e-09
35.280	4.000	2.500	-2.000	-3.500	-2.400e+01	5.226e-10	-4.592e+10	-2.400e+01	-7.873e-10	3.048e+10	2.190e+01	-1.964e-09
36.199	4.000	2.750	-2.250	-3.500	-2.400e+01	4.966e-10	-4.833e+10	-2.400e+01	-8.271e-10	2.902e+10	2.190e+01	-1.964e-09
37.120	4.000	3.000	-2.500	-3.500	-2.400e+01	5.214e-10	-4.603e+10	-2.400e+01	-8.066e-10	2.975e+10	2.190e+01	-1.964e-09
38.653	4.000	3.250	-2.750	-3.500	-2.400e+01	5.218e-10	-4.599e+10	-2.400e+01	-8.479e-10	2.830e+10	2.190e+01	-1.964e-09
40.510	4.000	3.500	-3.000	-3.500	-2.400e+01	5.113e-10	-4.694e+10	-2.400e+01	-8.162e-10	2.940e+10	2.190e+01	-1.964e-09
41.430	4.000	3.750	-3.250	-3.500	-2.400e+01	5.071e-10	-4.733e+10	-2.400e+01	-7.724e-10	3.107e+10	2.190e+01	-1.964e-09
42.369	4.000	4.000	-3.500	-3.500	-2.400e+01	5.156e-10	-4.654e+10	-2.400e+01	-8.156e-10	2.943e+10	2.190e+01	-1.964e-09
43.301	4.000	4.250	-3.750	-3.500	-2.400e+01	5.213e-10	-4.604e+10	-2.400e+01	-8.044e-10	2.984e+10	2.190e+01	-1.964e-09
44.664	4.000	4.500	-4.000	-3.500	-2.400e+01	4.884e-10	-4.914e+10	-2.400e+01	-8.011e-10	2.996e+10	2.190e+01	-1.964e-09
45.590	4.000	4.750	-4.250	-3.500	-2.400e+01	5.037e-10	-4.765e+10	-2.400e+01	-7.725e-10	3.107e+10	2.190e+01	-1.964e-09
46.519	4.000	5.000	-4.500	-3.500	-2.400e+01	5.398e-10	-4.446e+10	-2.400e+01	-7.903e-10	3.037e+10	2.190e+01	-1.964e-09
47.441	4.000	5.250	-4.750	-3.500	-2.400e+01	4.918e-10	-4.880e+10	-2.400e+01	-8.103e-10	2.962e+10	2.190e+01	-1.964e-09
48.640	4.000	5.500	-5.000	-3.500	-2.400e+01	5.226e-10	-4.592e+10	-2.400e+01	-8.016e-10	2.994e+10	2.190e+01	-1.964e-09
49.560	4.000	5.750	-5.250	-3.500	-2.400e+01	5.586e-10	-4.296e+10	-2.400e+01	-7.491e-10	3.204e+10	2.190e+01	-1.964e-09
51.203	4.000	6.000	-5.500	-3.500	-2.400e+01	5.513e-10	-4.354e+10	-2.400e+01	-8.091e-10	2.966e+10	2.190e+01	-1.964e-09
52.123	4.000	6.250	-5.750	-3.500	-2.400e+01	5.107e-10	-4.700e+10	-2.400e+01	-8.024e-10	2.991e+10	2.190e+01	-1.964e-09
0.828	4.250	6.250	-5.750	-3.750	-2.400e+01	5.200e-10	-4.615e+10	-2.400e+01	-7.458e-10	3.218e+10	2.190e+01	-1.964e-09
1.817	4.250	6.000	-5.500	-3.750	-2.400e+01	5.097e-10	-4.708e+10	-2.400e+01	-8.211e-10	2.923e+10	2.190e+01	-1.964e-09
3.598	4.250	5.750	-5.250	-3.750	-2.400e+01	5.259e-10	-4.564e+10	-2.400e+01	-7.614e-10	3.152e+10	2.190e+01	-1.964e-09
4.488	4.250	5.500	-5.000	-3.750	-2.400e+01	5.299e-10	-4.529e+10	-2.400e+01	-8.033e-10	2.988e+10	2.190e+01	-1.964e-09
5.370	4.250	5.250	-4.750	-3.750	-2.400e+01	5.374e-10	-4.466e+10	-2.400e+01	-8.220e-10	2.920e+10	2.190e+01	-1.964e-09
6.250	4.250	5.000	-4.500	-3.750	-2.400e+01	5.357e-10	-4.480e+10	-2.400e+01	-7.805e-10	3.075e+10	2.190e+01	-1.964e-09
7.147	4.250	4.750	-4.250	-3.750	-2.400e+01	5.260e-10	-4.563e+10	-2.400e+01	-7.957e-10	3.016e+10	2.190e+01	-1.964e-09
8.037	4.250	4.500	-4.000	-3.750	-2.400e+01	5.368e-10	-4.471e+10	-2.400e+01	-8.252e-10	2.908e+10	2.190e+01	-1.964e-09
8.941	4.250	4.250	-3.750	-3.750	-2.400e+01	5.122e-10	-4.686e+10	-2.400e+01	-7.566e-10	3.172e+10	2.190e+01	-1.964e-09
9.844	4.250	4.000	-3.500	-3.750	-2.400e+01	5.157e-10	-4.654e+10	-2.400e+01	-7.683e-10	3.124e+10	2.190e+01	-1.964e-09
10.741	4.250	3.750	-3.250	-3.750	-2.400e+01	5.424e-10	-4.424e+10	-2.400e+01	-7.621e-10	3.149e+10	2.190e+01	-1.964e-09
11.648	4.250	3.500	-3.000	-3.750	-2.400e+01	5.676e-10	-4.229e+10	-2.400e+01	-7.981e-10	3.007e+10	2.190e+01	-1.964e-09
13.127	4.250	3.250	-2.750	-3.750	-2.400e+01	5.263e-10	-4.560e+10	-2.400e+01	-7.871e-10	3.049e+10	2.190e+01	-1.964e-09
14.648	4.250	3.000	-2.500	-3.750	-2.400e+01	5.146e-10	-4.664e+10	-2.400e+01	-7.697e-10	3.118e+10	2.190e+01	-1.964e-09
15.707	4.250	2.750	-2.250	-3.750	-2.400e+01	4.839e-10	-4.960e+10	-2.400e+01	-7.829e-10	3.066e+10	2.190e+01	-1.964e-09
16.617	4.250	2.500	-2.000	-3.750	-2.400e+01	5.215e-10	-4.603e+10	-2.400e+01	-7.464e-10	3.216e+10	2.190e+01	-1.964e-09
17.529	4.250	2.250	-1.750	-3.750	-2.400e+01	5.042e-10	-4.760e+10	-2.400e+01	-7.816e-10	3.070e+10	2.190e+01	-1.964e-09
18.467	4.250	2.000	-1.500	-3.750	-2.400e+01	5.164e-10	-4.647e+10	-2.400e+01	-7.974e-10	3.010e+10	2.190e+01	-1.964e-09
19.581	4.250	1.750	-1.250	-3.750	-2.400e+01	5.149e-10	-4.661e+10	-2.400e+01	-7.790e-10	3.081e+10	2.190e+01	-1.964e-09
20.492	4.250	1.500	-1.000	-3.750	-2.400e+01	5.210e-10	-4.606e+10	-2.400e+01	-7.737e-10	3.102e+10	2.190e+01	-1.964e-09
21.407	4.250	1.250	-0.750	-3.750	-2.400e+01	5.639e-10	-4.256e+10	-2.400e+01	-7.853e-10	3.056e+10	2.190e+01	-1.964e-09
22.893	4.250	1.000	-0.500	-3.750	-2.400e+01	5.219e-10	-4.598e+10	-2.400e+01	-7.893e-10	3.041e+10	2.190e+01	-1.964e-09
23.957	4.250	0.750	-0.250	-3.750	-2.400e+01	5.081e-10	-4.723e+10	-2.400e+01	-7.586e-10	3.164e+10	2.190e+01	-1.964e-09
24.878	4.250	0.500	0.000	-3.750	-2.400e+01	5.511e-10	-4.355e+10	-2.400e+01	-7.854e-10	3.056e+10	2.190e+01	-1.964e-09
25.787	4.250	0.250	0.250	-3.750	-2.400e+01	5.015e-10	-4.785e+10	-2.400e+01	-7.935e-10	3.024e+10	2.190e+01	-1.964e-09
26.701	4.250	0.000	0.500	-3.750	-2.400e+01	5.081e-10	-4.724e+10	-2.400e+01	-8.159e-10	2.941e+10	2.190e+01	-1.964e-09
27.617	4.250	-0.250	0.750	-3.750	-2.400e+01	5.096e-10	-4.709e+10	-2.400e+01	-7.845e-10	3.059e+10	2.190e+01	-1.964e-09
28.539	4.250	-0.500	1.000	-3.750	-2.400e+01	4.965e-10	-4.834e+10	-2.400e+01	-8.377e-10	2.865e+10	2.190e+01	-1.964e-09
29.477	4.250	-0.750	1.250	-3.750	-2.400e+01	5.155e-10	-4.656e+10	-2.400e+01	-7.681e-10	3.125e+10	2.190e+01	-1.964e-09
30.372	4.250	-1.000	1.500	-3.750	-2.400e+01	5.176e-10	-4.637e+10	-2.400e+01	-7.766e-10	3.090e+10	2.190e+01	-1.964e-09
31.308	4.250	-1.250	1.750	-3.750	-2.400e+01	5.593e-10	-4.291e+10	-2.400e+01	-7.811e-10	3.073e+10	2.190e+01	-1.964e-09
32.332	4.250	-1.500	2.000	-3.750	-2.400e+01	5.789e-10	-4.146e+10	-2.400e+01	-7.879e-10	3.046e+10	2.190e+01	-1.964e-09
33.378	4.250	-1.750	2.250	-3.750	-2.400e+01	5.307e-10	-4.522e+10	-2.400e+01	-7.422e-10	3.234e+10	2.190e+01	-1.964e-09
34.297	4.250	-2.000	2.500	-3.750	-2.400e+01	5.489e-10	-4.372e+10	-2.400e+01	-7.503e-10	3.199e+10	2.190e+01	-1.964e-09
35.418	4.250	-2.250	2.750	-3.750	-2.400e+01	5.807e-10	-4.133e+10	-2.400e+01	-7.894e-10	3.040e+10	2.190e+01	-1.964e-09
36.349	4.250	-2.500	3.000	-3.750	-2.400e+01	5.554e-10	-4.321e+10	-2.400e+01	-8.007e-10	2.997e+10	2.190e+01	-1.964e-09
37.249	4.250	-2.750	3.250	-3.750	-2.400e+01	5.375e-10	-4.465e+10	-2.400e+01	-7.875e-10	3.048e+10	2.190e+01	-1.964e-09
38.168	4.250	-3.000	3.500	-3.750	-2.400e+01	5.044e-10	-4.758e+10	-2.400e+01	-7.214e-10	3.327e+10	2.190e+01	-1.964e-09
39.081	4.250	-3.250	3.750	-3.750	-2.400e+01	5.052e-10	-4.750e+10	-2.400e+01	-8.111e-10	2.959e+10	2.190e+01	-1.964e-09
39.991	4.250	-3.500	4.000	-3.750	-2.400e+01	5.256e-10	-4.566e+10	-2.400e+01	-8.124e-10	2.954e+10	2.190e+01	-1.964e-09
41.298	4.250	-3.750	4.250	-3.750	-2.400e+01	5.414e-10	-4.433e+10	-2.400e+01	-7.682e-10	3.124e+10	2.190e+01	-1.964e-09
42.211	4.250	-4.000	4.500	-3.750	-2.400e+01	5.446e-10	-4.407e+10	-2.400e+01	-7.512e-10	3.195e+10	2.190e+01	-1.964e-09
43.258	4.250	-4.250	4.750	-3.750	-2.400e+01	5.501e-10	-4.363e+10	-2.400e+01	-7.867e-10	3.051e+10	2.190e+01	-1.964e-09
44.178	4.250	-4.500	5.000	-3.750	-2.400e+01	4.990e-10	-4.810e+10	-2.400e+01	-7.412e-10	3.238e+10	2.190e+01	-1.964e-09
45.178	4.250	-4.750	5.250	-3.750	-2.400e+01	5.181e-10	-4.632e+10	-2.400e+01	-8.130e-10	2.952e+10	2.190e+01	-1.964e-09
46.249	4.250	-5.000	5.500	-3.750	-2.400e+01	5.557e-10	-4.319e+10	-2.400e+01	-7.622e-10	3.149e+10	2.190e+01	-1.964e-09
47.149	4.250	-5.250	5.750	-3.750	-2.400e+01	5.272e-10	-4.552e+10	-2.400e+01	-7.485e-10	3.206e+10	2.190e+01	-1.964e-09
48.068	4.250	-5.500	6.000	-3.750	-2.400e+01	5.363e-10	-4.476e+10	-2.400e+01	-8.017e-10	2.994e+10	2.190e+01	-1.964e-09
48.988	4.250	-5.750	6.250	-3.750	-2.400e+01	4.881e-10	-4.917e+10	-2.400e+01	-7.839e-10	3.062e+10	2.190e+01	-1.964e-09
0.876	4.500	-5.750	6.250	-4.000	-2.400e+01	5.465e-10	-4.392e+10	-2.400e+01	-7.486e-10	3.206e+10	2.190e+01	-1.964e-09
2.119	4.500	-5.500	6.000	-4.000	-2.400e+01	5.160e-10	-4.651e+10	-2.400e+01	-8.067e-10	2.975e+10	2.190e+01	-1.964e-09
2.987	4.500	-5.250	5.750	-4.000	-2.400e+01	5.472e-10	-4.386e+10	-2.400e+01	-7.773e-10	3.088e+10	2.190e+01	-1.964e-09
3.887	4.500	-5.000	5.500	-4.000	-2.400e+01	5.385e-10	-4.457e+10	-2.400e+01	-7.817e-10	3.070e+10	2.190e+01	-1.964e-09
4.897	4.500	-4.750	5.250	-4.000	-2.400e+01	5.167e-10	-4.645e+10	-2.400e+01	-7.434e-10	3.229e+10	2.190e+01	-1.964e-09
6.107	4.500	-4.500	5.000	-4.000	-2.400e+01	5.231e-10	-4.588e+10	-2.400e+01	-7.690e-10	3.121e+10	2.190e+01	-1.964e-09
7.007	4.500	-4.250	4.750	-4.000	-2.400e+01	5.101e-10	-4.705e+10	-2.400e+01	-7.471e-10	3.213e+10	2.190e+01	-1.964e-09
7.900	4.500	-4.000	4.500	-4.000	-2.400e+01	5.132e-10	-4.676e+10	-2.400e+01	-7.626e-10	3.147e+10	2.190e+01	-1.964e-09
8.788	4.500	-3.750	4.250	-4.000	-2.400e+01	4.868e-10	-4.930e+10	-2.400e+01	-8.037e-10	2.986e+10	2.190e+01	-1.964e-09
9.957	4.500	-3.500	4.000	-4.000	-2.400e+01	5.209e-10	-4.607e+10	-2.400e+01	-8.168e-10	2.938e+10	2.190e+01	-1.964e-09
10.867	4.500	-3.250	3.750	-4.000	-2.400e+01	5.382e-10	-4.459e+10	-2.400e+01	-7.876e-10	3.047e+10	2.190e+01	-1.964e-09
11.770	4.500	-3.000	3.500	-4.000	-2.400e+01	5.344e-10	-4.491e+10	-2.400e+01	-7.971e-10	3.011e+10	2.190e+01	-1.964e-09
12.678	4.500	-2.750	3.250	-4.000	-2.400e+01	5.149e-10	-4.661e+10	-2.400e+01	-8.266e-10	2.903e+10	2.190e+01	-1.964e-09
14.010	4.500	-2.500	3.000	-4.000	-2.400e+01	5.100e-10	-4.706e+10	-2.400e+01	-7.975e-10	3.009e+10	2.190e+01	-1.964e-09
14.910	4.500	-2.250	2.750	-4.000	-2.400e+01	5.184e-10	-4.629e+10	-2.400e+01	-7.801e-10	3.077e+10	2.190e+01	-1.964e-09
15.817	4.500	-2.000	2.500	-4.000	-2.400e+01	5.525e-10	-4.344e+10	-2.400e+01	-7.599e-10	3.158e+10	2.190e+01	-1.964e-09
16.777	4.500	-1.750	2.250	-4.000	-2.400e+01	5.439e-10	-4.413e+10	-2.400e+01	-7.995e-10	3.002e+10	2.190e+01	-1.964e-09
17.688	4.500	-1.500	2.000	-4.000	-2.400e+01	5.054e-10	-4.749e+10	-2.400e+01	-7.470e-10	3.213e+10	2.190e+01	-1.964e-09
18.907	4.500	-1.250	1.750	-4.000	-2.400e+01	5.385e-10	-4.457e+10	-2.400e+01	-8.451e-10	2.840e+10	2.190e+01	-1.964e-09
19.828	4.500	-1.000	1.500	-4.000	-2.400e+01	5.514e-10	-4.353e+10	-2.400e+01	-7.439e-10	3.226e+10	2.190e+01	-1.964e-09
20.721	4.500	-0.750	1.250	-4.000	-2.400e+01	5.579e-10	-4.302e+10	-2.400e+01	-7.414e-10	3.237e+10	2.190e+01	-1.964e-09
22.024	4.500	-0.500	1.000	-4.000	-2.400e+01	5.506e-10	-4.359e+10	-2.400e+01	-7.982e-10	3.007e+10	2.190e+01	-1.964e-09
22.937	4.500	-0.250	0.750	-4.000	-2.400e+01	5.353e-10	-4.484e+10	-2.400e+01	-7.785e-10	3.083e+10	2.190e+01	-1.964e-09
23.857	4.500	0.000	0.500	-4.000	-2.400e+01	5.534e-10	-4.337e+10	-2.400e+01	-7.604e-10	3.156e+10	2.190e+01	-1.964e-09
24.770	4.500	0.250	0.250	-4.000	-2.400e+01	5.002e-10	-4.798e+10	-2.400e+01	-7.600e-10	3.158e+10	2.190e+01	-1.964e-09
25.907	4.500	0.500	-0.000	-4.000	-2.400e+01	5.551e-10	-4.323e+10	-2.400e+01	-7.846e-10	3.059e+10	2.190e+01	-1.964e-09
26.828	4.500	0.750	-0.250	-4.000	-2.400e+01	5.359e-10	-4.479e+10	-2.400e+01	-7.745e-10	3.099e+10	2.190e+01	-1.964e-09
27.817	4.500	1.000	-0.500	-4.000	-2.400e+01	5.685e-10	-4.222e+10	-2.400e+01	-7.858e-10	3.054e+10	2.190e+01	-1.964e-09
29.337	4.500	1.250	-0.750	-4.000	-2.400e+01	5.316e-10	-4.515e+10	-2.400e+01	-7.990e-10	3.004e+10	2.190e+01	-1.964e-09
30.488	4.500	1.500	-1.000	-4.000	-2.400e+01	5.199e-10	-4.616e+10	-2.400e+01	-7.539e-10	3.183e+10	2.190e+01	-1.964e-09
31.417	4.500	1.750	-1.250	-4.000	-2.400e+01	5.371e-10	-4.469e+10	-2.400e+01	-7.662e-10	3.133e+10	2.190e+01	-1.964e-09
32.382	4.500	2.000	-1.500	-4.000	-2.400e+01	5.694e-10	-4.215e+10	-2.400e+01	-7.679e-10	3.126e+10	2.190e+01	-1.964e-09
33.308	4.500	2.250	-1.750	-4.000	-2.400e+01	5.257e-10	-4.565e+10	-2.400e+01	-7.524e-10	3.190e+10	2.190e+01	-1.964e-09
34.497	4.500	2.500	-2.000	-4.000	-2.400e+01	5.723e-10	-4.194e+10	-2.400e+01	-7.870e-10	3.050e+10	2.190e+01	-1.964e-09
35.427	4.500	2.750	-2.250	-4.000	-2.400e+01	5.625e-10	-4.267e+10	-2.400e+01	-7.521e-10	3.191e+10	2.190e+01	-1.964e-09
36.397	4.500	3.000	-2.500	-4.000	-2.400e+01	5.719e-10	-4.196e+10	-2.400e+01	-7.120e-10	3.371e+10	2.190e+01	-1.964e-09
37.897	4.500	3.250	-2.750	-4.000	-2.400e+01	5.484e-10	-4.377e+10	-2.400e+01	-7.593e-10	3.161e+10	2.190e+01	-1.964e-09
39.719	4.500	3.500	-3.000	-4.000	-2.400e+01	4.990e-10	-4.809e+10	-2.400e+01	-7.459e-10	3.218e+10	2.190e+01	-1.964e-09
40.657	4.500	3.750	-3.250	-4.000	-2.400e+01	5.576e-10	-4.304e+10	-2.400e+01	-7.639e-10	3.142e+10	2.190e+01	-1.964e-09
41.597	4.500	4.000	-3.500	-4.000	-2.400e+01	5.291e-10	-4.536e+10	-2.400e+01	-7.769e-10	3.089e+10	2.190e+01	-1.964e-09
42.518	4.500	4.250	-3.750	-4.000	-2.400e+01	5.652e-10	-4.246e+10	-2.400e+01	-7.958e-10	3.016e+10	2.190e+01	-1.964e-09
43.829	4.500	4.500	-4.000	-4.000	-2.400e+01	5.734e-10	-4.185e+10	-2.400e+01	-7.710e-10	3.113e+10	2.190e+01	-1.964e-09
44.750	4.500	4.750	-4.250	-4.000	-2.400e+01	5.584e-10	-4.298e+10	-2.400e+01	-7.723e-10	3.108e+10	2.190e+01	-1.964e-09
45.662	4.500	5.000	-4.500	-4.000	-2.400e+01	5.713e-10	-4.201e+10	-2.400e+01	-7.702e-10	3.116e+10	2.190e+01	-1.964e-09
46.568	4.500	5.250	-4.750	-4.000	-2.400e+01	5.631e-10	-4.262e+10	-2.400e+01	-7.416e-10	3.236e+10	2.190e+01	-1.964e-09
47.729	4.500	5.500	-5.000	-4.000	-2.400e+01	5.478e-10	-4.381e+10	-2.400e+01	-7.714e-10	3.111e+10	2.190e+01	-1.964e-09
48.662	4.500	5.750	-5.250	-4.000	-2.400e+01	5.676e-10	-4.228e+10	-2.400e+01	-7.751e-10	3.097e+10	2.190e+01	-1.964e-09
50.297	4.500	6.000	-5.500	-4.000	-2.400e+01	5.291e-10	-4.536e+10	-2.400e+01	-7.684e-10	3.123e+10	2.190e+01	-1.964e-09
51.222	4.500	6.250	-5.750	-4.000	-2.400e+01	5.524e-10	-4.345e+10	-2.400e+01	-7.180e-10	3.343e+10	2.190e+01	-1.964e-09
0.827	4.750	6.250	-5.750	-4.250	-2.400e+01	5.260e-10	-4.563e+10	-2.400e+01	-7.706e-10	3.114e+10	2.190e+01	-1.964e-09
1.813	4.750	6.000	-5.500	-4.250	-2.400e+01	5.820e-10	-4.124e+10	-2.400e+01	-7.818e-10	3.070e+10	2.190e+01	-1.964e-09
3.624	4.750	5.750	-5.250	-4.250	-2.400e+01	5.310e-10	-4.520e+10	-2.400e+01	-7.438e-10	3.227e+10	2.190e+01	-1.964e-09
4.512	4.750	5.500	-5.000	-4.250	-2.400e+01	5.163e-10	-4.649e+10	-2.400e+01	-7.315e-10	3.281e+10	2.190e+01	-1.964e-09
5.403	4.750	5.250	-4.750	-4.250	-2.400e+01	5.265e-10	-4.559e+10	-2.400e+01	-7.236e-10	3.317e+10	2.190e+01	-1.964e-09
6.302	4.750	5.000	-4.500	-4.250	-2.400e+01	5.491e-10	-4.371e+10	-2.400e+01	-7.588e-10	3.163e+10	2.190e+01	-1.964e-09
7.186	4.750	4.750	-4.250	-4.250	-2.400e+01	5.401e-10	-4.444e+10	-2.400e+01	-7.192e-10	3.337e+10	2.190e+01	-1.964e-09
8.082	4.750	4.500	-4.000	-4.250	-2.400e+01	5.783e-10	-4.150e+10	-2.400e+01	-7.349e-10	3.266e+10	2.190e+01	-1.964e-09
8.983	4.750	4.250	-3.750	-4.250	-2.400e+01	6.271e-10	-3.827e+10	-2.400e+01	-7.128e-10	3.367e+10	2.190e+01	-1.964e-09
9.935	4.750	4.000	-3.500	-4.250	-2.400e+01	5.479e-10	-4.380e+10	-2.400e+01	-7.672e-10	3.128e+10	2.190e+01	-1.964e-09
10.843	4.750	3.750	-3.250	-4.250	-2.400e+01	5.506e-10	-4.359e+10	-2.400e+01	-7.592e-10	3.161e+10	2.190e+01	-1.964e-09
11.726	4.750	3.500	-3.000	-4.250	-2.400e+01	5.559e-10	-4.317e+10	-2.400e+01	-7.756e-10	3.094e+10	2.190e+01	-1.964e-09
13.195	4.750	3.250	-2.750	-4.250	-2.400e+01	5.304e-10	-4.525e+10	-2.400e+01	-7.719e-10	3.109e+10	2.190e+01	-1.964e-09
14.743	4.750	3.000	-2.500	-4.250	-2.400e+01	5.401e-10	-4.443e+10	-2.400e+01	-7.379e-10	3.252e+10	2.190e+01	-1.964e-09
15.953	4.750	2.750	-2.250	-4.250	-2.400e+01	5.169e-10	-4.643e+10	-2.400e+01	-7.821e-10	3.069e+10	2.190e+01	-1.964e-09
16.862	4.750	2.500	-2.000	-4.250	-2.400e+01	5.091e-10	-4.714e+10	-2.400e+01	-7.356e-10	3.263e+10	2.190e+01	-1.964e-09
17.783	4.750	2.250	-1.750	-4.250	-2.400e+01	5.261e-10	-4.562e+10	-2.400e+01	-7.543e-10	3.182e+10	2.190e+01	-1.964e-09
18.696	4.750	2.000	-1.500	-4.250	-2.400e+01	5.498e-10	-4.366e+10	-2.400e+01	-7.575e-10	3.168e+10	2.190e+01	-1.964e-09
19.833	4.750	1.750	-1.250	-4.250	-2.400e+01	5.662e-10	-4.239e+10	-2.400e+01	-7.904e-10	3.037e+10	2.190e+01	-1.964e-09
20.753	4.750	1.500	-1.000	-4.250	-2.400e+01	4.867e-10	-4.932e+10	-2.400e+01	-7.645e-10	3.139e+10	2.190e+01	-1.964e-09
21.699	4.750	1.250	-0.750	-4.250	-2.400e+01	5.307e-10	-4.522e+10	-2.400e+01	-7.703e-10	3.115e+10	2.190e+01	-1.964e-09
23.181	4.750	1.000	-0.500	-4.250	-2.400e+01	5.295e-10	-4.532e+10	-2.400e+01	-7.542e-10	3.182e+10	2.190e+01	-1.964e-09
24.203	4.750	0.750	-0.250	-4.250	-2.400e+01	5.014e-10	-4.787e+10	-2.400e+01	-7.809e-10	3.074e+10	2.190e+01	-1.964e-09
25.117	4.750	0.500	0.000	-4.250	-2.400e+01	5.279e-10	-4.546e+10	-2.400e+01	-7.845e-10	3.059e+10	2.190e+01	-1.964e-09
26.033	4.750	0.250	0.250	-4.250	-2.400e+01	5.777e-10	-4.155e+10	-2.400e+01	-7.795e-10	3.079e+10	2.190e+01	-1.964e-09
26.953	4.750	-0.000	0.500	-4.250	-2.400e+01	5.375e-10	-4.465e+10	-2.400e+01	-7.951e-10	3.018e+10	2.190e+01	-1.964e-09
27.863	4.750	-0.250	0.750	-4.250	-2.400e+01	5.779e-10	-4.153e+10	-2.400e+01	-8.009e-10	2.996e+10	2.190e+01	-1.964e-09
28.764	4.750	-0.500	1.000	-4.250	-2.400e+01	5.290e-10	-4.537e+10	-2.400e+01	-7.729e-10	3.105e+10	2.190e+01	-1.964e-09
29.685	4.750	-0.750	1.250	-4.250	-2.400e+01	5.534e-10	-4.337e+10	-2.400e+01	-7.346e-10	3.267e+10	2.190e+01	-1.964e-09
30.614	4.750	-1.000	1.500	-4.250	-2.400e+01	5.235e-10	-4.585e+10	-2.400e+01	-7.562e-10	3.174e+10	2.190e+01	-1.964e-09
31.514	4.750	-1.250	1.750	-4.250	-2.400e+01	5.664e-10	-4.238e+10	-2.400e+01	-7.717e-10	3.110e+10	2.190e+01	-1.964e-09
32.542	4.750	-1.500	2.000	-4.250	-2.400e+01	5.453e-10	-4.401e+10	-2.400e+01	-7.690e-10	3.121e+10	2.190e+01	-1.964e-09
33.593	4.750	-1.750	2.250	-4.250	-2.400e+01	5.269e-10	-4.555e+10	-2.400e+01	-7.560e-10	3.174e+10	2.190e+01	-1.964e-09
34.513	4.750	-2.000	2.500	-4.250	-2.400e+01	6.033e-10	-3.978e+10	-2.400e+01	-7.397e-10	3.245e+10	2.190e+01	-1.964e-09
35.635	4.750	-2.250	2.750	-4.250	-2.400e+01	5.212e-10	-4.605e+10	-2.400e+01	-7.826e-10	3.067e+10	2.190e+01	-1.964e-09
36.574	4.750	-2.500	3.000	-4.250	-2.400e+01	5.513e-10	-4.354e+10	-2.400e+01	-7.751e-10	3.096e+10	2.190e+01	-1.964e-09
37.504	4.750	-2.750	3.250	-4.250	-2.400e+01	5.900e-10	-4.068e+10	-2.400e+01	-7.499e-10	3.201e+10	2.190e+01	-1.964e-09
38.423	4.750	-3.000	3.500	-4.250	-2.400e+01	5.409e-10	-4.437e+10	-2.400e+01	-7.463e-10	3.216e+10	2.190e+01	-1.964e-09
39.494	4.750	-3.250	3.750	-4.250	-2.400e+01	5.774e-10	-4.157e+10	-2.400e+01	-7.455e-10	3.219e+10	2.190e+01	-1.964e-09
40.459	4.750	-3.500	4.000	-4.250	-2.400e+01	5.605e-10	-4.282e+10	-2.400e+01	-7.421e-10	3.234e+10	2.190e+01	-1.964e-09
41.753	4.750	-3.750	4.250	-4.250	-2.400e+01	5.338e-10	-4.496e+10	-2.400e+01	-7.555e-10	3.177e+10	2.190e+01	-1.964e-09
42.679	4.750	-4.000	4.500	-4.250	-2.400e+01	5.575e-10	-4.305e+10	-2.400e+01	-6.994e-10	3.432e+10	2.190e+01	-1.964e-09
43.619	4.750	-4.250	4.750	-4.250	-2.400e+01	5.597e-10	-4.288e+10	-2.400e+01	-7.843e-10	3.060e+10	2.190e+01	-1.964e-09
44.515	4.750	-4.500	5.000	-4.250	-2.400e+01	5.390e-10	-4.452e+10	-2.400e+01	-7.418e-10	3.235e+10	2.190e+01	-1.964e-09
45.495	4.750	-4.750	5.250	-4.250	-2.400e+01	5.452e-10	-4.402e+10	-2.400e+01	-7.448e-10	3.222e+10	2.190e+01	-1.964e-09
46.594	4.750	-5.000	5.500	-4.250	-2.400e+01	5.320e-10	-4.511e+10	-2.400e+01	-6.930e-10	3.463e+10	2.190e+01	-1.964e-09
47.514	4.750	-5.250	5.750	-4.250	-2.400e+01	5.648e-10	-4.249e+10	-2.400e+01	-7.146e-10	3.359e+10	2.190e+01	-1.964e-09
48.433	4.750	-5.500	6.000	-4.250	-2.400e+01	5.443e-10	-4.409e+10	-2.400e+01	-7.427e-10	3.231e+10	2.190e+01	-1.964e-09
49.354	4.750	-5.750	6.250	-4.250	-2.400e+01	5.159e-10	-4.652e+10	-2.400e+01	-7.340e-10	3.270e+10	2.190e+01	-1.964e-09
1.223	5.000	-5.750	6.250	-4.500	-2.400e+01	5.227e-10	-4.592e+10	-2.400e+01	-7.621e-10	3.149e+10	2.190e+01	-1.964e-09
2.416	5.000	-5.500	6.000	-4.500	-2.400e+01	5.239e-10	-4.581e+10	-2.400e+01	-7.405e-10	3.241e+10	2.190e+01	-1.964e-09
3.315	5.000	-5.250	5.750	-4.500	-2.400e+01	5.489e-10	-4.372e+10	-2.400e+01	-8.137e-10	2.950e+10	2.190e+01	-1.964e-09
4.204	5.000	-5.000	5.500	-4.500	-2.400e+01	5.989e-10	-4.007e+10	-2.400e+01	-6.832e-10	3.513e+10	2.190e+01	-1.964e-09
5.243	5.000	-4.750	5.250	-4.500	-2.400e+01	5.380e-10	-4.461e+10	-2.400e+01	-7.393e-10	3.246e+10	2.190e+01	-1.964e-09
6.435	5.000	-4.500	5.000	-4.500	-2.400e+01	5.925e-10	-4.051e+10	-2.400e+01	-7.720e-10	3.109e+10	2.190e+01	-1.964e-09
7.324	5.000	-4.250	4.750	-4.500	-2.400e+01	5.330e-10	-4.503e+10	-2.400e+01	-7.682e-10	3.124e+10	2.190e+01	-1.964e-09
8.223	5.000	-4.000	4.500	-4.500	-2.400e+01	5.929e-10	-4.048e+10	-2.400e+01	-7.564e-10	3.173e+10	2.190e+01	-1.964e-09
9.124	5.000	-3.750	4.250	-4.500	-2.400e+01	5.007e-10	-4.793e+10	-2.400e+01	-7.709e-10	3.113e+10	2.190e+01	-1.964e-09
10.247	5.000	-3.500	4.000	-4.500	-2.400e+01	5.362e-10	-4.476e+10	-2.400e+01	-7.724e-10	3.107e+10	2.190e+01	-1.964e-09
11.144	5.000	-3.250	3.750	-4.500	-2.400e+01	5.047e-10	-4.755e+10	-2.400e+01	-7.866e-10	3.051e+10	2.190e+01	-1.964e-09
12.043	5.000	-3.000	3.500	-4.500	-2.400e+01	5.287e-10	-4.539e+10	-2.400e+01	-7.783e-10	3.084e+10	2.190e+01	-1.964e-09
12.925	5.000	-2.750	3.250	-4.500	-2.400e+01	5.620e-10	-4.271e+10	-2.400e+01	-7.813e-10	3.072e+10	2.190e+01	-1.964e-09
14.257	5.000	-2.500	3.000	-4.500	-2.400e+01	5.667e-10	-4.235e+10	-2.400e+01	-7.646e-10	3.139e+10	2.190e+01	-1.964e-09
15.156	5.000	-2.250	2.750	-4.500	-2.400e+01	5.691e-10	-4.218e+10	-2.400e+01	-7.214e-10	3.327e+10	2.190e+01	-1.964e-09
16.084	5.000	-2.000	2.500	-4.500	-2.400e+01	5.490e-10	-4.372e+10	-2.400e+01	-7.569e-10	3.171e+10	2.190e+01	-1.964e-09
17.063	5.000	-1.750	2.250	-4.500	-2.400e+01	5.276e-10	-4.549e+10	-2.400e+01	-7.933e-10	3.025e+10	2.190e+01	-1.964e-09
17.984	5.000	-1.500	2.000	-4.500	-2.400e+01	5.710e-10	-4.203e+10	-2.400e+01	-7.701e-10	3.116e+10	2.190e+01	-1.964e-09
19.184	5.000	-1.250	1.750	-4.500	-2.400e+01	4.907e-10	-4.891e+10	-2.400e+01	-7.672e-10	3.128e+10	2.190e+01	-1.964e-09
20.156	5.000	-1.000	1.500	-4.500	-2.400e+01	5.398e-10	-4.446e+10	-2.400e+01	-7.210e-10	3.329e+10	2.190e+01	-1.964e-09
21.067	5.000	-0.750	1.250	-4.500	-2.400e+01	5.432e-10	-4.418e+10	-2.400e+01	-7.777e-10	3.086e+10	2.190e+01	-1.964e-09
22.356	5.000	-0.500	1.000	-4.500	-2.400e+01	5.000e-10	-4.800e+10	-2.400e+01	-7.735e-10	3.103e+10	2.190e+01	-1.964e-09
23.274	5.000	-0.250	0.750	-4.500	-2.400e+01	5.670e-10	-4.233e+10	-2.400e+01	-7.899e-10	3.038e+10	2.190e+01	-1.964e-09
24.204	5.000	0.000	0.500	-4.500	-2.400e+01	5.119e-10	-4.689e+10	-2.400e+01	-7.677e-10	3.126e+10	2.190e+01	-1.964e-09
25.117	5.000	0.250	0.250	-4.500	-2.400e+01	5.101e-10	-4.705e+10	-2.400e+01	-7.725e-10	3.107e+10	2.190e+01	-1.964e-09
26.244	5.000	0.500	-0.000	-4.500	-2.400e+01	5.616e-10	-4.274e+10	-2.400e+01	-8.068e-10	2.975e+10	2.190e+01	-1.964e-09
27.164	5.000	0.750	-0.250	-4.500	-2.400e+01	5.090e-10	-4.715e+10	-2.400e+01	-7.830e-10	3.065e+10	2.190e+01	-1.964e-09
28.134	5.000	1.000	-0.500	-4.500	-2.400e+01	5.618e-10	-4.272e+10	-2.400e+01	-7.728e-10	3.106e+10	2.190e+01	-1.964e-09
29.647	5.000	1.250	-0.750	-4.500	-2.400e+01	5.542e-10	-4.330e+10	-2.400e+01	-7.759e-10	3.093e+10	2.190e+01	-1.964e-09
30.757	5.000	1.500	-1.000	-4.500	-2.400e+01	5.577e-10	-4.303e+10	-2.400e+01	-7.926e-10	3.028e+10	2.190e+01	-1.964e-09
31.674	5.000	1.750	-1.250	-4.500	-2.400e+01	5.400e-10	-4.444e+10	-2.400e+01	-7.195e-10	3.336e+10	2.190e+01	-1.964e-09
32.597	5.000	2.000	-1.500	-4.500	-2.400e+01	5.415e-10	-4.432e+10	-2.400e+01	-8.050e-10	2.981e+10	2.190e+01	-1.964e-09
33.514	5.000	2.250	-1.750	-4.500	-2.400e+01	4.957e-10	-4.842e+10	-2.400e+01	-7.625e-10	3.148e+10	2.190e+01	-1.964e-09
34.687	5.000	2.500	-2.000	-4.500	-2.400e+01	4.960e-10	-4.839e+10	-2.400e+01	-7.947e-10	3.020e+10	2.190e+01	-1.964e-09
35.604	5.000	2.750	-2.250	-4.500	-2.400e+01	5.249e-10	-4.572e+10	-2.400e+01	-7.585e-10	3.164e+10	2.190e+01	-1.964e-09
36.604	5.000	3.000	-2.500	-4.500	-2.400e+01	5.061e-10	-4.743e+10	-2.400e+01	-7.665e-10	3.131e+10	2.190e+01	-1.964e-09
38.104	5.000	3.250	-2.750	-4.500	-2.400e+01	5.171e-10	-4.641e+10	-2.400e+01	-7.556e-10	3.176e+10	2.190e+01	-1.964e-09
39.947	5.000	3.500	-3.000	-4.500	-2.400e+01	5.139e-10	-4.671e+10	-2.400e+01	-8.115e-10	2.957e+10	2.190e+01	-1.964e-09
40.845	5.000	3.750	-3.250	-4.500	-2.400e+01	5.437e-10	-4.414e+10	-2.400e+01	-7.459e-10	3.217e+10	2.190e+01	-1.964e-09
41.764	5.000	4.000	-3.500	-4.500	-2.400e+01	5.556e-10	-4.319e+10	-2.400e+01	-7.818e-10	3.070e+10	2.190e+01	-1.964e-09
42.685	5.000	4.250	-3.750	-4.500	-2.400e+01	5.253e-10	-4.569e+10	-2.400e+01	-7.207e-10	3.330e+10	2.190e+01	-1.964e-09
43.954	5.000	4.500	-4.000	-4.500	-2.400e+01	5.523e-10	-4.346e+10	-2.400e+01	-7.619e-10	3.150e+10	2.190e+01	-1.964e-09
44.874	5.000	4.750	-4.250	-4.500	-2.400e+01	5.304e-10	-4.525e+10	-2.400e+01	-7.780e-10	3.085e+10	2.190e+01	-1.964e-09
45.795	5.000	5.000	-4.500	-4.500	-2.400e+01	4.816e-10	-4.983e+10	-2.400e+01	-7.540e-10	3.183e+10	2.190e+01	-1.964e-09
46.714	5.000	5.250	-4.750	-4.500	-2.400e+01	5.332e-10	-4.502e+10	-2.400e+01	-7.387e-10	3.249e+10	2.190e+01	-1.964e-09
47.885	5.000	5.500	-5.000	-4.500	-2.400e+01	5.043e-10	-4.759e+10	-2.400e+01	-7.917e-10	3.032e+10	2.190e+01	-1.964e-09
48.804	5.000	5.750	-5.250	-4.500	-2.400e+01	5.278e-10	-4.547e+10	-2.400e+01	-7.443e-10	3.225e+10	2.190e+01	-1.964e-09
50.498	5.000	6.000	-5.500	-4.500	-2.400e+01	5.358e-10	-4.479e+10	-2.400e+01	-8.023e-10	2.991e+10	2.190e+01	-1.964e-09
51.436	5.000	6.250	-5.750	-4.500	-2.400e+01	5.018e-10	-4.783e+10	-2.400e+01	-7.571e-10	3.170e+10	2.190e+01	-1.964e-09
0.901	5.250	6.250	-5.750	-4.750	-2.400e+01	5.315e-10	-4.515e+10	-2.400e+01	-7.636e-10	3.143e+10	2.190e+01	-1.964e-09
1.891	5.250	6.000	-5.500	-4.750	-2.400e+01	5.633e-10	-4.261e+10	-2.400e+01	-7.398e-10	3.244e+10	2.190e+01	-1.964e-09
3.652	5.250	5.750	-5.250	-4.750	-2.400e+01	5.484e-10	-4.377e+10	-2.400e+01	-7.629e-10	3.146e+10	2.190e+01	-1.964e-09
4.534	5.250	5.500	-5.000	-4.750	-2.400e+01	5.475e-10	-4.384e+10	-2.400e+01	-7.874e-10	3.048e+10	2.190e+01	-1.964e-09
5.422	5.250	5.250	-4.750	-4.750	-2.400e+01	4.793e-10	-5.008e+10	-2.400e+01	-7.404e-10	3.242e+10	2.190e+01	-1.964e-09
6.311	5.250	5.000	-4.500	-4.750	-2.400e+01	5.285e-10	-4.542e+10	-2.400e+01	-7.768e-10	3.090e+10	2.190e+01	-1.964e-09
7.193	5.250	4.750	-4.250	-4.750	-2.400e+01	5.126e-10	-4.682e+10	-2.400e+01	-7.461e-10	3.217e+10	2.190e+01	-1.964e-09
8.091	5.250	4.500	-4.000	-4.750	-2.400e+01	5.436e-10	-4.415e+10	-2.400e+01	-7.597e-10	3.159e+10	2.190e+01	-1.964e-09
8.982	5.250	4.250	-3.750	-4.750	-2.400e+01	5.598e-10	-4.287e+10	-2.400e+01	-7.929e-10	3.027e+10	2.190e+01	-1.964e-09
9.881	5.250	4.000	-3.500	-4.750	-2.400e+01	5.259e-10	-4.563e+10	-2.400e+01	-7.538e-10	3.184e+10	2.190e+01	-1.964e-09
10.782	5.250	3.750	-3.250	-4.750	-2.400e+01	5.178e-10	-4.635e+10	-2.400e+01	-7.894e-10	3.040e+10	2.190e+01	-1.964e-09
11.674	5.250	3.500	-3.000	-4.750	-2.400e+01	5.273e-10	-4.552e+10	-2.400e+01	-7.860e-10	3.053e+10	2.190e+01	-1.964e-09
13.192	5.250	3.250	-2.750	-4.750	-2.400e+01	5.558e-10	-4.318e+10	-2.400e+01	-7.958e-10	3.016e+10	2.190e+01	-1.964e-09
14.742	5.250	3.000	-2.500	-4.750	-2.400e+01	5.057e-10	-4.746e+10	-2.400e+01	-7.392e-10	3.247e+10	2.190e+01	-1.964e-09
15.815	5.250	2.750	-2.250	-4.750	-2.400e+01	5.206e-10	-4.610e+10	-2.400e+01	-7.329e-10	3.275e+10	2.190e+01	-1.964e-09
16.725	5.250	2.500	-2.000	-4.750	-2.400e+01	5.343e-10	-4.492e+10	-2.400e+01	-7.143e-10	3.360e+10	2.190e+01	-1.964e-09
17.646	5.250	2.250	-1.750	-4.750	-2.400e+01	5.286e-10	-4.540e+10	-2.400e+01	-7.253e-10	3.309e+10	2.190e+01	-1.964e-09
18.561	5.250	2.000	-1.500	-4.750	-2.400e+01	5.743e-10	-4.179e+10	-2.400e+01	-7.472e-10	3.212e+10	2.190e+01	-1.964e-09
19.672	5.250	1.750	-1.250	-4.750	-2.400e+01	5.366e-10	-4.472e+10	-2.400e+01	-7.179e-10	3.343e+10	2.190e+01	-1.964e-09
20.585	5.250	1.500	-1.000	-4.750	-2.400e+01	5.327e-10	-4.505e+10	-2.400e+01	-7.360e-10	3.261e+10	2.190e+01	-1.964e-09
21.512	5.250	1.250	-0.750	-4.750	-2.400e+01	5.275e-10	-4.550e+10	-2.400e+01	-7.868e-10	3.050e+10	2.190e+01	-1.964e-09
22.992	5.250	1.000	-0.500	-4.750	-2.400e+01	5.166e-10	-4.645e+10	-2.400e+01	-7.567e-10	3.172e+10	2.190e+01	-1.964e-09
24.062	5.250	0.750	-0.250	-4.750	-2.400e+01	5.213e-10	-4.604e+10	-2.400e+01	-7.981e-10	3.007e+10	2.190e+01	-1.964e-09
24.982	5.250	0.500	0.000	-4.750	-2.400e+01	5.614e-10	-4.275e+10	-2.400e+01	-7.638e-10	3.142e+10	2.190e+01	-1.964e-09
25.895	5.250	0.250	0.250	-4.750	-2.400e+01	5.436e-10	-4.415e+10	-2.400e+01	-7.655e-10	3.135e+10	2.190e+01	-1.964e-09
26.812	5.250	0.000	0.500	-4.750	-2.400e+01	5.071e-10	-4.733e+10	-2.400e+01	-7.707e-10	3.114e+10	2.190e+01	-1.964e-09
27.765	5.250	-0.250	0.750	-4.750	-2.400e+01	5.513e-10	-4.354e+10	-2.400e+01	-7.454e-10	3.220e+10	2.190e+01	-1.964e-09
28.682	5.250	-0.500	1.000	-4.750	-2.400e+01	5.690e-10	-4.218e+10	-2.400e+01	-7.131e-10	3.365e+10	2.190e+01	-1.964e-09
29.595	5.250	-0.750	1.250	-4.750	-2.400e+01	5.623e-10	-4.268e+10	-2.400e+01	-7.214e-10	3.327e+10	2.190e+01	-1.964e-09
30.506	5.250	-1.000	1.500	-4.750	-2.400e+01	5.625e-10	-4.267e+10	-2.400e+01	-7.621e-10	3.149e+10	2.190e+01	-1.964e-09
31.415	5.250	-1.250	1.750	-4.750	-2.400e+01	5.598e-10	-4.287e+10	-2.400e+01	-7.833e-10	3.064e+10	2.190e+01	-1.964e-09
32.442	5.250	-1.500	2.000	-4.750	-2.400e+01	5.185e-10	-4.628e+10	-2.400e+01	-7.789e-10	3.081e+10	2.190e+01	-1.964e-09
33.472	5.250	-1.750	2.250	-4.750	-2.400e+01	5.094e-10	-4.711e+10	-2.400e+01	-7.596e-10	3.160e+10	2.190e+01	-1.964e-09
34.392	5.250	-2.000	2.500	-4.750	-2.400e+01	5.334e-10	-4.499e+10	-2.400e+01	-8.016e-10	2.994e+10	2.190e+01	-1.964e-09
35.426	5.250	-2.250	2.750	-4.750	-2.400e+01	5.336e-10	-4.498e+10	-2.400e+01	-7.841e-10	3.061e+10	2.190e+01	-1.964e-09
36.342	5.250	-2.500	3.000	-4.750	-2.400e+01	5.760e-10	-4.166e+10	-2.400e+01	-8.019e-10	2.993e+10	2.190e+01	-1.964e-09
37.262	5.250	-2.750	3.250	-4.750	-2.400e+01	5.191e-10	-4.623e+10	-2.400e+01	-7.683e-10	3.124e+10	2.190e+01	-1.964e-09
38.183	5.250	-3.000	3.500	-4.750	-2.400e+01	5.638e-10	-4.257e+10	-2.400e+01	-7.846e-10	3.059e+10	2.190e+01	-1.964e-09
39.152	5.250	-3.250	3.750	-4.750	-2.400e+01	5.125e-10	-4.683e+10	-2.400e+01	-8.018e-10	2.993e+10	2.190e+01	-1.964e-09
40.092	5.250	-3.500	4.000	-4.750	-2.400e+01	5.350e-10	-4.486e+10	-2.400e+01	-7.885e-10	3.044e+10	2.190e+01	-1.964e-09
41.353	5.250	-3.750	4.250	-4.750	-2.400e+01	6.039e-10	-3.974e+10	-2.400e+01	-7.329e-10	3.275e+10	2.190e+01	-1.964e-09
42.272	5.250	-4.000	4.500	-4.750	-2.400e+01	5.522e-10	-4.346e+10	-2.400e+01	-7.824e-10	3.068e+10	2.190e+01	-1.964e-09
43.196	5.250	-4.250	4.750	-4.750	-2.400e+01	5.503e-10	-4.361e+10	-2.400e+01	-8.088e-10	2.967e+10	2.190e+01	-1.964e-09
44.142	5.250	-4.500	5.000	-4.750	-2.400e+01	4.886e-10	-4.912e+10	-2.400e+01	-7.385e-10	3.250e+10	2.190e+01	-1.964e-09
45.142	5.250	-4.750	5.250	-4.750	-2.400e+01	5.670e-10	-4.233e+10	-2.400e+01	-7.791e-10	3.080e+10	2.190e+01	-1.964e-09
46.204	5.250	-5.000	5.500	-4.750	-2.400e+01	5.818e-10	-4.125e+10	-2.400e+01	-7.594e-10	3.160e+10	2.190e+01	-1.964e-09
47.142	5.250	-5.250	5.750	-4.750	-2.400e+01	5.489e-10	-4.372e+10	-2.400e+01	-7.602e-10	3.157e+10	2.190e+01	-1.964e-09
48.086	5.250	-5.500	6.000	-4.750	-2.400e+01	5.444e-10	-4.408e+10	-2.400e+01	-7.553e-10	3.177e+10	2.190e+01	-1.964e-09
49.003	5.250	-5.750	6.250	-4.750	-2.400e+01	4.939e-10	-4.859e+10	-2.400e+01	-7.728e-10	3.105e+10	2.190e+01	-1.964e-09
0.817	5.500	-5.750	6.250	-5.000	-2.400e+01	5.631e-10	-4.262e+10	-2.400e+01	-7.714e-10	3.111e+10	2.190e+01	-1.964e-09
1.984	5.500	-5.500	6.000	-5.000	-2.400e+01	5.169e-10	-4.643e+10	-2.400e+01	-7.853e-10	3.056e+10	2.190e+01	-1.964e-09
2.858	5.500	-5.250	5.750	-5.000	-2.400e+01	5.175e-10	-4.637e+10	-2.400e+01	-7.841e-10	3.061e+10	2.190e+01	-1.964e-09
3.745	5.500	-5.000	5.500	-5.000	-2.400e+01	5.316e-10	-4.515e+10	-2.400e+01	-7.700e-10	3.117e+10	2.190e+01	-1.964e-09
4.764	5.500	-4.750	5.250	-5.000	-2.400e+01	5.491e-10	-4.371e+10	-2.400e+01	-7.060e-10	3.399e+10	2.190e+01	-1.964e-09
5.958	5.500	-4.500	5.000	-5.000	-2.400e+01	5.486e-10	-4.374e+10	-2.400e+01	-7.809e-10	3.074e+10	2.190e+01	-1.964e-09
6.854	5.500	-4.250	4.750	-5.000	-2.400e+01	5.746e-10	-4.177e+10	-2.400e+01	-7.676e-10	3.127e+10	2.190e+01	-1.964e-09
7.800	5.500	-4.000	4.500	-5.000	-2.400e+01	5.670e-10	-4.233e+10	-2.400e+01	-7.666e-10	3.131e+10	2.190e+01	-1.964e-09
8.708	5.500	-3.750	4.250	-5.000	-2.400e+01	5.234e-10	-4.585e+10	-2.400e+01	-7.505e-10	3.198e+10	2.190e+01	-1.964e-09
9.831	5.500	-3.500	4.000	-5.000	-2.400e+01	5.211e-10	-4.606e+10	-2.400e+01	-7.724e-10	3.107e+10	2.190e+01	-1.964e-09
10.734	5.500	-3.250	3.750	-5.000	-2.400e+01	5.381e-10	-4.460e+10	-2.400e+01	-7.924e-10	3.029e+10	2.190e+01	-1.964e-09
11.644	5.500	-3.000	3.500	-5.000	-2.400e+01	5.637e-10	-4.258e+10	-2.400e+01	-7.626e-10	3.147e+10	2.190e+01	-1.964e-09
12.558	5.500	-2.750	3.250	-5.000	-2.400e+01	5.329e-10	-4.503e+10	-2.400e+01	-7.662e-10	3.132e+10	2.190e+01	-1.964e-09
13.914	5.500	-2.500	3.000	-5.000	-2.400e+01	5.210e-10	-4.607e+10	-2.400e+01	-7.719e-10	3.109e+10	2.190e+01	-1.964e-09
14.818	5.500	-2.250	2.750	-5.000	-2.400e+01	4.648e-10	-5.163e+10	-2.400e+01	-7.750e-10	3.097e+10	2.190e+01	-1.964e-09
15.745	5.500	-2.000	2.500	-5.000	-2.400e+01	5.491e-10	-4.371e+10	-2.400e+01	-8.010e-10	2.996e+10	2.190e+01	-1.964e-09
16.724	5.500	-1.750	2.250	-5.000	-2.400e+01	4.959e-10	-4.840e+10	-2.400e+01	-7.646e-10	3.139e+10	2.190e+01	-1.964e-09
17.644	5.500	-1.500	2.000	-5.000	-2.400e+01	5.288e-10	-4.539e+10	-2.400e+01	-7.372e-10	3.255e+10	2.190e+01	-1.964e-09
18.815	5.500	-1.250	1.750	-5.000	-2.400e+01	5.314e-10	-4.516e+10	-2.400e+01	-7.638e-10	3.142e+10	2.190e+01	-1.964e-09
19.748	5.500	-1.000	1.500	-5.000	-2.400e+01	5.290e-10	-4.537e+10	-2.400e+01	-7.622e-10	3.149e+10	2.190e+01	-1.964e-09
20.667	5.500	-0.750	1.250	-5.000	-2.400e+01	5.242e-10	-4.579e+10	-2.400e+01	-7.778e-10	3.086e+10	2.190e+01	-1.964e-09
21.984	5.500	-0.500	1.000	-5.000	-2.400e+01	5.311e-10	-4.519e+10	-2.400e+01	-7.801e-10	3.076e+10	2.190e+01	-1.964e-09
22.915	5.500	-0.250	0.750	-5.000	-2.400e+01	5.530e-10	-4.340e+10	-2.400e+01	-7.990e-10	3.004e+10	2.190e+01	-1.964e-09
23.834	5.500	0.000	0.500	-5.000	-2.400e+01	5.359e-10	-4.478e+10	-2.400e+01	-8.040e-10	2.985e+10	2.190e+01	-1.964e-09
24.755	5.500	0.250	0.250	-5.000	-2.400e+01	5.553e-10	-4.322e+10	-2.400e+01	-7.464e-10	3.215e+10	2.190e+01	-1.964e-09
25.847	5.500	0.500	-0.000	-5.000	-2.400e+01	5.582e-10	-4.300e+10	-2.400e+01	-7.645e-10	3.139e+10	2.190e+01	-1.964e-09
26.775	5.500	0.750	-0.250	-5.000	-2.400e+01	4.828e-10	-4.971e+10	-2.400e+01	-8.178e-10	2.935e+10	2.190e+01	-1.964e-09
27.735	5.500	1.000	-0.500	-5.000	-2.400e+01	5.553e-10	-4.322e+10	-2.400e+01	-7.669e-10	3.129e+10	2.190e+01	-1.964e-09
29.295	5.500	1.250	-0.750	-5.000	-2.400e+01	5.345e-10	-4.490e+10	-2.400e+01	-7.169e-10	3.348e+10	2.190e+01	-1.964e-09
30.456	5.500	1.500	-1.000	-5.000	-2.400e+01	5.465e-10	-4.392e+10	-2.400e+01	-7.626e-10	3.147e+10	2.190e+01	-1.964e-09
31.379	5.500	1.750	-1.250	-5.000	-2.400e+01	5.542e-10	-4.330e+10	-2.400e+01	-7.655e-10	3.135e+10	2.190e+01	-1.964e-09
32.348	5.500	2.000	-1.500	-5.000	-2.400e+01	5.413e-10	-4.434e+10	-2.400e+01	-7.666e-10	3.131e+10	2.190e+01	-1.964e-09
33.314	5.500	2.250	-1.750	-5.000	-2.400e+01	4.941e-10	-4.857e+10	-2.400e+01	-7.427e-10	3.231e+10	2.190e+01	-1.964e-09
34.524	5.500	2.500	-2.000	-5.000	-2.400e+01	5.134e-10	-4.674e+10	-2.400e+01	-8.004e-10	2.998e+10	2.190e+01	-1.964e-09
35.445	5.500	2.750	-2.250	-5.000	-2.400e+01	5.082e-10	-4.722e+10	-2.400e+01	-7.740e-10	3.101e+10	2.190e+01	-1.964e-09
36.428	5.500	3.000	-2.500	-5.000	-2.400e+01	5.323e-10	-4.509e+10	-2.400e+01	-7.785e-10	3.083e+10	2.190e+01	-1.964e-09
37.977	5.500	3.250	-2.750	-5.000	-2.400e+01	5.273e-10	-4.551e+10	-2.400e+01	-7.977e-10	3.009e+10	2.190e+01	-1.964e-09
39.808	5.500	3.500	-3.000	-5.000	-2.400e+01	5.672e-10	-4.231e+10	-2.400e+01	-7.952e-10	3.018e+10	2.190e+01	-1.964e-09
40.709	5.500	3.750	-3.250	-5.000	-2.400e+01	5.610e-10	-4.278e+10	-2.400e+01	-7.843e-10	3.060e+10	2.190e+01	-1.964e-09
41.635	5.500	4.000	-3.500	-5.000	-2.400e+01	5.221e-10	-4.597e+10	-2.400e+01	-7.741e-10	3.100e+10	2.190e+01	-1.964e-09
42.565	5.500	4.250	-3.750	-5.000	-2.400e+01	5.319e-10	-4.512e+10	-2.400e+01	-7.639e-10	3.142e+10	2.190e+01	-1.964e-09
43.856	5.500	4.500	-4.000	-5.000	-2.400e+01	5.000e-10	-4.800e+10	-2.400e+01	-7.873e-10	3.048e+10	2.190e+01	-1.964e-09
44.765	5.500	4.750	-4.250	-5.000	-2.400e+01	5.420e-10	-4.428e+10	-2.400e+01	-7.441e-10	3.225e+10	2.190e+01	-1.964e-09
45.695	5.500	5.000	-4.500	-5.000	-2.400e+01	5.656e-10	-4.244e+10	-2.400e+01	-7.767e-10	3.090e+10	2.190e+01	-1.964e-09
46.624	5.500	5.250	-4.750	-5.000	-2.400e+01	5.063e-10	-4.740e+10	-2.400e+01	-7.590e-10	3.162e+10	2.190e+01	-1.964e-09
47.759	5.500	5.500	-5.000	-5.000	-2.400e+01	5.041e-10	-4.761e+10	-2.400e+01	-7.765e-10	3.091e+10	2.190e+01	-1.964e-09
48.685	5.500	5.750	-5.250	-5.000	-2.400e+01	5.284e-10	-4.542e+10	-2.400e+01	-7.457e-10	3.218e+10	2.190e+01	-1.964e-09
50.308	5.500	6.000	-5.500	-5.000	-2.400e+01	5.238e-10	-4.582e+10	-2.400e+01	-7.766e-10	3.091e+10	2.190e+01	-1.964e-09
51.235	5.500	6.250	-5.750	-5.000	-2.400e+01	4.609e-10	-5.208e+10	-2.400e+01	-7.826e-10	3.067e+10	2.190e+01	-1.964e-09
1.919	5.750	6.250	-5.750	-5.250	-2.400e+01	5.362e-10	-4.476e+10	-2.400e+01	-7.402e-10	3.242e+10	2.190e+01	-1.964e-09
2.902	5.750	6.000	-5.500	-5.250	-2.400e+01	5.381e-10	-4.460e+10	-2.400e+01	-7.655e-10	3.135e+10	2.190e+01	-1.964e-09
4.689	5.750	5.750	-5.250	-5.250	-2.400e+01	5.792e-10	-4.144e+10	-2.400e+01	-7.577e-10	3.167e+10	2.190e+01	-1.964e-09
5.579	5.750	5.500	-5.000	-5.250	-2.400e+01	5.323e-10	-4.509e+10	-2.400e+01	-7.748e-10	3.098e+10	2.190e+01	-1.964e-09
6.479	5.750	5.250	-4.750	-5.250	-2.400e+01	5.524e-10	-4.345e+10	-2.400e+01	-7.235e-10	3.317e+10	2.190e+01	-1.964e-09
7.360	5.750	5.000	-4.500	-5.250	-2.400e+01	5.109e-10	-4.697e+10	-2.400e+01	-8.231e-10	2.916e+10	2.190e+01	-1.964e-09
8.270	5.750	4.750	-4.250	-5.250	-2.400e+01	5.661e-10	-4.240e+10	-2.400e+01	-7.973e-10	3.010e+10	2.190e+01	-1.964e-09
9.189	5.750	4.500	-4.000	-5.250	-2.400e+01	5.543e-10	-4.330e+10	-2.400e+01	-7.876e-10	3.047e+10	2.190e+01	-1.964e-09
10.089	5.750	4.250	-3.750	-5.250	-2.400e+01	5.206e-10	-4.610e+10	-2.400e+01	-7.922e-10	3.030e+10	2.190e+01	-1.964e-09
10.989	5.750	4.000	-3.500	-5.250	-2.400e+01	5.101e-10	-4.705e+10	-2.400e+01	-7.602e-10	3.157e+10	2.190e+01	-1.964e-09
11.899	5.750	3.750	-3.250	-5.250	-2.400e+01	5.788e-10	-4.147e+10	-2.400e+01	-7.222e-10	3.323e+10	2.190e+01	-1.964e-09
12.813	5.750	3.500	-3.000	-5.250	-2.400e+01	5.258e-10	-4.565e+10	-2.400e+01	-7.212e-10	3.328e+10	2.190e+01	-1.964e-09
14.291	5.750	3.250	-2.750	-5.250	-2.400e+01	5.566e-10	-4.312e+10	-2.400e+01	-7.668e-10	3.130e+10	2.190e+01	-1.964e-09
15.879	5.750	3.000	-2.500	-5.250	-2.400e+01	5.501e-10	-4.363e+10	-2.400e+01	-7.274e-10	3.300e+10	2.190e+01	-1.964e-09
16.983	5.750	2.750	-2.250	-5.250	-2.400e+01	5.297e-10	-4.531e+10	-2.400e+01	-7.558e-10	3.176e+10	2.190e+01	-1.964e-09
17.900	5.750	2.500	-2.000	-5.250	-2.400e+01	5.747e-10	-4.176e+10	-2.400e+01	-7.299e-10	3.288e+10	2.190e+01	-1.964e-09
18.803	5.750	2.250	-1.750	-5.250	-2.400e+01	5.738e-10	-4.183e+10	-2.400e+01	-7.465e-10	3.215e+10	2.190e+01	-1.964e-09
19.723	5.750	2.000	-1.500	-5.250	-2.400e+01	5.709e-10	-4.204e+10	-2.400e+01	-6.703e-10	3.580e+10	2.190e+01	-1.964e-09
20.799	5.750	1.750	-1.250	-5.250	-2.400e+01	6.151e-10	-3.901e+10	-2.400e+01	-7.399e-10	3.243e+10	2.190e+01	-1.964e-09
21.720	5.750	1.500	-1.000	-5.250	-2.400e+01	5.382e-10	-4.460e+10	-2.400e+01	-7.909e-10	3.035e+10	2.190e+01	-1.964e-09
22.649	5.750	1.250	-0.750	-5.250	-2.400e+01	6.134e-10	-3.913e+10	-2.400e+01	-7.473e-10	3.212e+10	2.190e+01	-1.964e-09
24.220	5.750	1.000	-0.500	-5.250	-2.400e+01	5.477e-10	-4.382e+10	-2.400e+01	-7.733e-10	3.104e+10	2.190e+01	-1.964e-09
25.261	5.750	0.750	-0.250	-5.250	-2.400e+01	5.117e-10	-4.690e+10	-2.400e+01	-7.327e-10	3.276e+10	2.190e+01	-1.964e-09
26.160	5.750	0.500	0.000	-5.250	-2.400e+01	5.600e-10	-4.286e+10	-2.400e+01	-7.533e-10	3.186e+10	2.190e+01	-1.964e-09
27.090	5.750	0.250	0.250	-5.250	-2.400e+01	5.939e-10	-4.041e+10	-2.400e+01	-7.478e-10	3.209e+10	2.190e+01	-1.964e-09
28.009	5.750	-0.000	0.500	-5.250	-2.400e+01	5.571e-10	-4.308e+10	-2.400e+01	-7.930e-10	3.026e+10	2.190e+01	-1.964e-09
28.939	5.750	-0.250	0.750	-5.250	-2.400e+01	4.889e-10	-4.909e+10	-2.400e+01	-7.663e-10	3.132e+10	2.190e+01	-1.964e-09
29.860	5.750	-0.500	1.000	-5.250	-2.400e+01	5.537e-10	-4.334e+10	-2.400e+01	-7.396e-10	3.245e+10	2.190e+01	-1.964e-09
30.772	5.750	-0.750	1.250	-5.250	-2.400e+01	5.580e-10	-4.301e+10	-2.400e+01	-7.306e-10	3.285e+10	2.190e+01	-1.964e-09
31.690	5.750	-1.000	1.500	-5.250	-2.400e+01	5.491e-10	-4.371e+10	-2.400e+01	-7.523e-10	3.190e+10	2.190e+01	-1.964e-09
32.649	5.750	-1.250	1.750	-5.250	-2.400e+01	5.584e-10	-4.298e+10	-2.400e+01	-7.491e-10	3.204e+10	2.190e+01	-1.964e-09
33.703	5.750	-1.500	2.000	-5.250	-2.400e+01	5.500e-10	-4.363e+10	-2.400e+01	-7.330e-10	3.274e+10	2.190e+01	-1.964e-09
34.743	5.750	-1.750	2.250	-5.250	-2.400e+01	5.565e-10	-4.312e+10	-2.400e+01	-7.513e-10	3.195e+10	2.190e+01	-1.964e-09
35.664	5.750	-2.000	2.500	-5.250	-2.400e+01	5.670e-10	-4.233e+10	-2.400e+01	-7.787e-10	3.082e+10	2.190e+01	-1.964e-09
36.744	5.750	-2.250	2.750	-5.250	-2.400e+01	5.149e-10	-4.661e+10	-2.400e+01	-7.067e-10	3.396e+10	2.190e+01	-1.964e-09
37.663	5.750	-2.500	3.000	-5.250	-2.400e+01	5.108e-10	-4.698e+10	-2.400e+01	-7.213e-10	3.328e+10	2.190e+01	-1.964e-09
38.573	5.750	-2.750	3.250	-5.250	-2.400e+01	5.097e-10	-4.708e+10	-2.400e+01	-7.442e-10	3.225e+10	2.190e+01	-1.964e-09
39.489	5.750	-3.000	3.500	-5.250	-2.400e+01	5.570e-10	-4.309e+10	-2.400e+01	-7.730e-10	3.105e+10	2.190e+01	-1.964e-09
40.480	5.750	-3.250	3.750	-5.250	-2.400e+01	5.451e-10	-4.403e+10	-2.400e+01	-7.645e-10	3.139e+10	2.190e+01	-1.964e-09
41.399	5.750	-3.500	4.000	-5.250	-2.400e+01	5.249e-10	-4.572e+10	-2.400e+01	-7.294e-10	3.290e+10	2.190e+01	-1.964e-09
42.710	5.750	-3.750	4.250	-5.250	-2.400e+01	5.397e-10	-4.447e+10	-2.400e+01	-7.590e-10	3.162e+10	2.190e+01	-1.964e-09
43.631	5.750	-4.000	4.500	-5.250	-2.400e+01	5.085e-10	-4.720e+10	-2.400e+01	-7.596e-10	3.159e+10	2.190e+01	-1.964e-09
44.559	5.750	-4.250	4.750	-5.250	-2.400e+01	5.347e-10	-4.488e+10	-2.400e+01	-7.867e-10	3.051e+10	2.190e+01	-1.964e-09
45.533	5.750	-4.500	5.000	-5.250	-2.400e+01	5.407e-10	-4.438e+10	-2.400e+01	-7.755e-10	3.095e+10	2.190e+01	-1.964e-09
46.519	5.750	-4.750	5.250	-5.250	-2.400e+01	5.178e-10	-4.635e+10	-2.400e+01	-8.193e-10	2.929e+10	2.190e+01	-1.964e-09
47.622	5.750	-5.000	5.500	-5.250	-2.400e+01	5.429e-10	-4.421e+10	-2.400e+01	-7.699e-10	3.117e+10	2.190e+01	-1.964e-09
48.551	5.750	-5.250	5.750	-5.250	-2.400e+01	4.861e-10	-4.937e+10	-2.400e+01	-8.143e-10	2.947e+10	2.190e+01	-1.964e-09
49.471	5.750	-5.500	6.000	-5.250	-2.400e+01	5.354e-10	-4.483e+10	-2.400e+01	-7.972e-10	3.010e+10	2.190e+01	-1.964e-09
50.384	5.750	-5.750	6.250	-5.250	-2.400e+01	5.332e-10	-4.501e+10	-2.400e+01	-7.661e-10	3.133e+10	2.190e+01	-1.964e-09
1.097	6.000	-5.750	6.250	-5.500	-2.400e+01	5.129e-10	-4.679e+10	-2.400e+01	-7.536e-10	3.185e+10	2.190e+01	-1.964e-09
2.420	6.000	-5.500	6.000	-5.500	-2.400e+01	5.146e-10	-4.664e+10	-2.400e+01	-7.466e-10	3.214e+10	2.190e+01	-1.964e-09
3.309	6.000	-5.250	5.750	-5.500	-2.400e+01	5.171e-10	-4.641e+10	-2.400e+01	-7.771e-10	3.088e+10	2.190e+01	-1.964e-09
4.207	6.000	-5.000	5.500	-5.500	-2.400e+01	5.036e-10	-4.766e+10	-2.400e+01	-7.867e-10	3.051e+10	2.190e+01	-1.964e-09
5.216	6.000	-4.750	5.250	-5.500	-2.400e+01	5.384e-10	-4.457e+10	-2.400e+01	-7.957e-10	3.016e+10	2.190e+01	-1.964e-09
6.409	6.000	-4.500	5.000	-5.500	-2.400e+01	5.379e-10	-4.461e+10	-2.400e+01	-7.482e-10	3.208e+10	2.190e+01	-1.964e-09
7.299	6.000	-4.250	4.750	-5.500	-2.400e+01	5.297e-10	-4.531e+10	-2.400e+01	-8.107e-10	2.961e+10	2.190e+01	-1.964e-09
8.207	6.000	-4.000	4.500	-5.500	-2.400e+01	5.463e-10	-4.393e+10	-2.400e+01	-7.674e-10	3.127e+10	2.190e+01	-1.964e-09
9.108	6.000	-3.750	4.250	-5.500	-2.400e+01	5.087e-10	-4.718e+10	-2.400e+01	-7.169e-10	3.348e+10	2.190e+01	-1.964e-09
10.266	6.000	-3.500	4.000	-5.500	-2.400e+01	5.506e-10	-4.359e+10	-2.400e+01	-7.656e-10	3.135e+10	2.190e+01	-1.964e-09
11.177	6.000	-3.250	3.750	-5.500	-2.400e+01	5.136e-10	-4.673e+10	-2.400e+01	-8.017e-10	2.994e+10	2.190e+01	-1.964e-09
12.088	6.000	-3.000	3.500	-5.500	-2.400e+01	4.995e-10	-4.805e+10	-2.400e+01	-7.966e-10	3.013e+10	2.190e+01	-1.964e-09
13.018	6.000	-2.750	3.250	-5.500	-2.400e+01	5.346e-10	-4.490e+10	-2.400e+01	-7.371e-10	3.256e+10	2.190e+01	-1.964e-09
14.387	6.000	-2.500	3.000	-5.500	-2.400e+01	5.626e-10	-4.266e+10	-2.400e+01	-7.686e-10	3.122e+10	2.190e+01	-1.964e-09
15.280	6.000	-2.250	2.750	-5.500	-2.400e+01	5.607e-10	-4.280e+10	-2.400e+01	-8.017e-10	2.994e+10	2.190e+01	-1.964e-09
16.217	6.000	-2.000	2.500	-5.500	-2.400e+01	5.437e-10	-4.414e+10	-2.400e+01	-7.825e-10	3.067e+10	2.190e+01	-1.964e-09
17.199	6.000	-1.750	2.250	-5.500	-2.400e+01	5.284e-10	-4.542e+10	-2.400e+01	-7.832e-10	3.064e+10	2.190e+01	-1.964e-09
18.118	6.000	-1.500	2.000	-5.500	-2.400e+01	5.609e-10	-4.279e+10	-2.400e+01	-7.586e-10	3.164e+10	2.190e+01	-1.964e-09
19.327	6.000	-1.250	1.750	-5.500	-2.400e+01	5.258e-10	-4.565e+10	-2.400e+01	-8.053e-10	2.980e+10	2.190e+01	-1.964e-09
20.249	6.000	-1.000	1.500	-5.500	-2.400e+01	5.218e-10	-4.600e+10	-2.400e+01	-7.673e-10	3.128e+10	2.190e+01	-1.964e-09
21.177	6.000	-0.750	1.250	-5.500	-2.400e+01	5.503e-10	-4.361e+10	-2.400e+01	-7.432e-10	3.229e+10	2.190e+01	-1.964e-09
22.476	6.000	-0.500	1.000	-5.500	-2.400e+01	4.907e-10	-4.891e+10	-2.400e+01	-7.582e-10	3.165e+10	2.190e+01	-1.964e-09
23.397	6.000	-0.250	0.750	-5.500	-2.400e+01	5.337e-10	-4.497e+10	-2.400e+01	-7.492e-10	3.203e+10	2.190e+01	-1.964e-09
24.369	6.000	0.000	0.500	-5.500	-2.400e+01	5.478e-10	-4.381e+10	-2.400e+01	-7.786e-10	3.082e+10	2.190e+01	-1.964e-09
25.297	6.000	0.250	0.250	-5.500	-2.400e+01	5.376e-10	-4.464e+10	-2.400e+01	-7.630e-10	3.145e+10	2.190e+01	-1.964e-09
26.447	6.000	0.500	-0.000	-5.500	-2.400e+01	5.699e-10	-4.211e+10	-2.400e+01	-7.593e-10	3.161e+10	2.190e+01	-1.964e-09
27.359	6.000	0.750	-0.250	-5.500	-2.400e+01	5.740e-10	-4.181e+10	-2.400e+01	-7.324e-10	3.277e+10	2.190e+01	-1.964e-09
28.297	6.000	1.000	-0.500	-5.500	-2.400e+01	5.205e-10	-4.611e+10	-2.400e+01	-7.417e-10	3.236e+10	2.190e+01	-1.964e-09
29.867	6.000	1.250	-0.750	-5.500	-2.400e+01	5.641e-10	-4.255e+10	-2.400e+01	-7.936e-10	3.024e+10	2.190e+01	-1.964e-09
31.007	6.000	1.500	-1.000	-5.500	-2.400e+01	5.248e-10	-4.573e+10	-2.400e+01	-7.679e-10	3.125e+10	2.190e+01	-1.964e-09
31.938	6.000	1.750	-1.250	-5.500	-2.400e+01	5.411e-10	-4.435e+10	-2.400e+01	-7.862e-10	3.053e+10	2.190e+01	-1.964e-09
32.870	6.000	2.000	-1.500	-5.500	-2.400e+01	5.843e-10	-4.107e+10	-2.400e+01	-7.880e-10	3.046e+10	2.190e+01	-1.964e-09
33.787	6.000	2.250	-1.750	-5.500	-2.400e+01	5.635e-10	-4.259e+10	-2.400e+01	-7.616e-10	3.151e+10	2.190e+01	-1.964e-09
34.986	6.000	2.500	-2.000	-5.500	-2.400e+01	5.149e-10	-4.661e+10	-2.400e+01	-7.382e-10	3.251e+10	2.190e+01	-1.964e-09
35.906	6.000	2.750	-2.250	-5.500	-2.400e+01	5.225e-10	-4.593e+10	-2.400e+01	-8.016e-10	2.994e+10	2.190e+01	-1.964e-09
36.847	6.000	3.000	-2.500	-5.500	-2.400e+01	5.570e-10	-4.309e+10	-2.400e+01	-7.972e-10	3.010e+10	2.190e+01	-1.964e-09
38.377	6.000	3.250	-2.750	-5.500	-2.400e+01	5.486e-10	-4.375e+10	-2.400e+01	-7.727e-10	3.106e+10	2.190e+01	-1.964e-09
40.240	6.000	3.500	-3.000	-5.500	-2.400e+01	5.598e-10	-4.287e+10	-2.400e+01	-7.729e-10	3.105e+10	2.190e+01	-1.964e-09
41.166	6.000	3.750	-3.250	-5.500	-2.400e+01	5.288e-10	-4.538e+10	-2.400e+01	-7.607e-10	3.155e+10	2.190e+01	-1.964e-09
42.081	6.000	4.000	-3.500	-5.500	-2.400e+01	5.227e-10	-4.591e+10	-2.400e+01	-7.829e-10	3.066e+10	2.190e+01	-1.964e-09
43.026	6.000	4.250	-3.750	-5.500	-2.400e+01	5.586e-10	-4.296e+10	-2.400e+01	-7.177e-10	3.344e+10	2.190e+01	-1.964e-09
44.327	6.000	4.500	-4.000	-5.500	-2.400e+01	5.318e-10	-4.513e+10	-2.400e+01	-7.710e-10	3.113e+10	2.190e+01	-1.964e-09
45.247	6.000	4.750	-4.250	-5.500	-2.400e+01	5.249e-10	-4.572e+10	-2.400e+01	-7.494e-10	3.202e+10	2.190e+01	-1.964e-09
46.167	6.000	5.000	-4.500	-5.500	-2.400e+01	5.521e-10	-4.347e+10	-2.400e+01	-7.832e-10	3.064e+10	2.190e+01	-1.964e-09
47.091	6.000	5.250	-4.750	-5.500	-2.400e+01	5.374e-10	-4.466e+10	-2.400e+01	-7.835e-10	3.063e+10	2.190e+01	-1.964e-09
48.216	6.000	5.500	-5.000	-5.500	-2.400e+01	5.012e-10	-4.788e+10	-2.400e+01	-7.966e-10	3.013e+10	2.190e+01	-1.964e-09
49.131	6.000	5.750	-5.250	-5.500	-2.400e+01	5.750e-10	-4.174e+10	-2.400e+01	-7.895e-10	3.040e+10	2.190e+01	-1.964e-09
50.807	6.000	6.000	-5.500	-5.500	-2.400e+01	5.407e-10	-4.439e+10	-2.400e+01	-7.573e-10	3.169e+10	2.190e+01	-1.964e-09
51.730	6.000	6.250	-5.750	-5.500	-2.400e+01	5.245e-10	-4.576e+10	-2.400e+01	-7.518e-10	3.192e+10	2.190e+01	-1.964e-09
0.843	6.250	6.250	-5.750	-5.750	-2.400e+01	5.230e-10	-4.589e+10	-2.400e+01	-7.703e-10	3.116e+10	2.190e+01	-1.964e-09
1.883	6.250	6.000	-5.500	-5.750	-2.400e+01	5.353e-10	-4.484e+10	-2.400e+01	-7.554e-10	3.177e+10	2.190e+01	-1.964e-09
3.624	6.250	5.750	-5.250	-5.750	-2.400e+01	5.337e-10	-4.497e+10	-2.400e+01	-7.515e-10	3.194e+10	2.190e+01	-1.964e-09
4.520	6.250	5.500	-5.000	-5.750	-2.400e+01	5.441e-10	-4.411e+10	-2.400e+01	-7.679e-10	3.125e+10	2.190e+01	-1.964e-09
5.429	6.250	5.250	-4.750	-5.750	-2.400e+01	5.686e-10	-4.221e+10	-2.400e+01	-7.852e-10	3.057e+10	2.190e+01	-1.964e-09
6.319	6.250	5.000	-4.500	-5.750	-2.400e+01	5.307e-10	-4.523e+10	-2.400e+01	-7.735e-10	3.103e+10	2.190e+01	-1.964e-09
7.220	6.250	4.750	-4.250	-5.750	-2.400e+01	5.438e-10	-4.414e+10	-2.400e+01	-7.469e-10	3.213e+10	2.190e+01	-1.964e-09
8.112	6.250	4.500	-4.000	-5.750	-2.400e+01	5.661e-10	-4.239e+10	-2.400e+01	-7.485e-10	3.207e+10	2.190e+01	-1.964e-09
9.019	6.250	4.250	-3.750	-5.750	-2.400e+01	5.931e-10	-4.047e+10	-2.400e+01	-8.154e-10	2.943e+10	2.190e+01	-1.964e-09
9.922	6.250	4.000	-3.500	-5.750	-2.400e+01	5.952e-10	-4.032e+10	-2.400e+01	-7.340e-10	3.270e+10	2.190e+01	-1.964e-09
10.830	6.250	3.750	-3.250	-5.750	-2.400e+01	5.643e-10	-4.253e+10	-2.400e+01	-8.060e-10	2.978e+10	2.190e+01	-1.964e-09
11.732	6.250	3.500	-3.000	-5.750	-2.400e+01	5.542e-10	-4.331e+10	-2.400e+01	-8.036e-10	2.986e+10	2.190e+01	-1.964e-09
13.239	6.250	3.250	-2.750	-5.750	-2.400e+01	5.607e-10	-4.281e+10	-2.400e+01	-7.949e-10	3.019e+10	2.190e+01	-1.964e-09
14.820	6.250	3.000	-2.500	-5.750	-2.400e+01	5.440e-10	-4.412e+10	-2.400e+01	-8.077e-10	2.971e+10	2.190e+01	-1.964e-09
15.960	6.250	2.750	-2.250	-5.750	-2.400e+01	5.862e-10	-4.094e+10	-2.400e+01	-7.400e-10	3.243e+10	2.190e+01	-1.964e-09
16.869	6.250	2.500	-2.000	-5.750	-2.400e+01	5.412e-10	-4.434e+10	-2.400e+01	-7.617e-10	3.151e+10	2.190e+01	-1.964e-09
17.800	6.250	2.250	-1.750	-5.750	-2.400e+01	5.390e-10	-4.453e+10	-2.400e+01	-7.700e-10	3.117e+10	2.190e+01	-1.964e-09
18.719	6.250	2.000	-1.500	-5.750	-2.400e+01	5.949e-10	-4.034e+10	-2.400e+01	-7.558e-10	3.175e+10	2.190e+01	-1.964e-09
19.770	6.250	1.750	-1.250	-5.750	-2.400e+01	5.506e-10	-4.359e+10	-2.400e+01	-7.808e-10	3.074e+10	2.190e+01	-1.964e-09
20.672	6.250	1.500	-1.000	-5.750	-2.400e+01	5.544e-10	-4.329e+10	-2.400e+01	-7.983e-10	3.006e+10	2.190e+01	-1.964e-09
21.583	6.250	1.250	-0.750	-5.750	-2.400e+01	5.781e-10	-4.152e+10	-2.400e+01	-7.958e-10	3.016e+10	2.190e+01	-1.964e-09
23.020	6.250	1.000	-0.500	-5.750	-2.400e+01	5.466e-10	-4.391e+10	-2.400e+01	-7.034e-10	3.412e+10	2.190e+01	-1.964e-09
23.989	6.250	0.750	-0.250	-5.750	-2.400e+01	5.603e-10	-4.283e+10	-2.400e+01	-7.738e-10	3.102e+10	2.190e+01	-1.964e-09
24.903	6.250	0.500	0.000	-5.750	-2.400e+01	5.661e-10	-4.240e+10	-2.400e+01	-8.181e-10	2.933e+10	2.190e+01	-1.964e-09
25.819	6.250	0.250	0.250	-5.750	-2.400e+01	5.222e-10	-4.596e+10	-2.400e+01	-7.699e-10	3.117e+10	2.190e+01	-1.964e-09
26.740	6.250	-0.000	0.500	-5.750	-2.400e+01	4.910e-10	-4.888e+10	-2.400e+01	-7.380e-10	3.252e+10	2.190e+01	-1.964e-09
27.659	6.250	-0.250	0.750	-5.750	-2.400e+01	5.414e-10	-4.433e+10	-2.400e+01	-7.433e-10	3.229e+10	2.190e+01	-1.964e-09
28.564	6.250	-0.500	1.000	-5.750	-2.400e+01	5.467e-10	-4.390e+10	-2.400e+01	-7.488e-10	3.205e+10	2.190e+01	-1.964e-09
29.491	6.250	-0.750	1.250	-5.750	-2.400e+01	5.384e-10	-4.458e+10	-2.400e+01	-7.700e-10	3.117e+10	2.190e+01	-1.964e-09
30.391	6.250	-1.000	1.500	-5.750	-2.400e+01	5.265e-10	-4.559e+10	-2.400e+01	-7.521e-10	3.191e+10	2.190e+01	-1.964e-09
31.419	6.250	-1.250	1.750	-5.750	-2.400e+01	5.183e-10	-4.630e+10	-2.400e+01	-7.472e-10	3.212e+10	2.190e+01	-1.964e-09
32.524	6.250	-1.500	2.000	-5.750	-2.400e+01	5.184e-10	-4.630e+10	-2.400e+01	-7.787e-10	3.082e+10	2.190e+01	-1.964e-09
33.590	6.250	-1.750	2.250	-5.750	-2.400e+01	5.463e-10	-4.393e+10	-2.400e+01	-7.660e-10	3.133e+10	2.190e+01	-1.964e-09
34.521	6.250	-2.000	2.500	-5.750	-2.400e+01	5.506e-10	-4.359e+10	-2.400e+01	-7.305e-10	3.286e+10	2.190e+01	-1.964e-09
35.453	6.250	-2.250	2.750	-5.750	-2.400e+01	5.146e-10	-4.664e+10	-2.400e+01	-7.333e-10	3.273e+10	2.190e+01	-1.964e-09
36.380	6.250	-2.500	3.000	-5.750	-2.400e+01	4.881e-10	-4.917e+10	-2.400e+01	-7.816e-10	3.071e+10	2.190e+01	-1.964e-09
37.291	6.250	-2.750	3.250	-5.750	-2.400e+01	5.333e-10	-4.500e+10	-2.400e+01	-7.606e-10	3.155e+10	2.190e+01	-1.964e-09
38.210	6.250	-3.000	3.500	-5.750	-2.400e+01	5.206e-10	-4.610e+10	-2.400e+01	-8.092e-10	2.966e+10	2.190e+01	-1.964e-09
39.221	6.250	-3.250	3.750	-5.750	-2.400e+01	5.540e-10	-4.332e+10	-2.400e+01	-7.323e-10	3.277e+10	2.190e+01	-1.964e-09
40.133	6.250	-3.500	4.000	-5.750	-2.400e+01	5.554e-10	-4.321e+10	-2.400e+01	-7.728e-10	3.105e+10	2.190e+01	-1.964e-09
41.491	6.250	-3.750	4.250	-5.750	-2.400e+01	5.482e-10	-4.378e+10	-2.400e+01	-7.528e-10	3.188e+10	2.190e+01	-1.964e-09
42.391	6.250	-4.000	4.500	-5.750	-2.400e+01	5.580e-10	-4.301e+10	-2.400e+01	-7.675e-10	3.127e+10	2.190e+01	-1.964e-09
43.323	6.250	-4.250	4.750	-5.750	-2.400e+01	5.470e-10	-4.387e+10	-2.400e+01	-7.694e-10	3.119e+10	2.190e+01	-1.964e-09
44.233	6.250	-4.500	5.000	-5.750	-2.400e+01	5.442e-10	-4.411e+10	-2.400e+01	-7.924e-10	3.029e+10	2.190e+01	-1.964e-09
45.210	6.250	-4.750	5.250	-5.750	-2.400e+01	5.915e-10	-4.057e+10	-2.400e+01	-7.238e-10	3.316e+10	2.190e+01	-1.964e-09
46.301	6.250	-5.000	5.500	-5.750	-2.400e+01	5.548e-10	-4.326e+10	-2.400e+01	-7.720e-10	3.109e+10	2.190e+01	-1.964e-09
47.220	6.250	-5.250	5.750	-5.750	-2.400e+01	6.034e-10	-3.978e+10	-2.400e+01	-7.596e-10	3.159e+10	2.190e+01	-1.964e-09
48.133	6.250	-5.500	6.000	-5.750	-2.400e+01	5.549e-10	-4.325e+10	-2.400e+01	-7.647e-10	3.138e+10	2.190e+01	-1.964e-09
49.050	6.250	-5.750	6.250	-5.750	-2.400e+01	5.340e-10	-4.495e+10	-2.400e+01	-7.944e-10	3.021e+10	2.190e+01	-1.964e-09
